﻿<?xml version="1.0" encoding="utf-8"?>
<Defs>

  <WorldObjectDef>
    <defName>CaravanCamp</defName>
    <label>caravan camp</label>
    <description>A camp.</description>
    <worldObjectClass>Syrchalis_SetUpCamp.CaravanCamp</worldObjectClass>
    <texture>World/WorldObjects/Camp</texture>
    <expandingIcon>true</expandingIcon>
    <expandingIconTexture>World/WorldObjects/Expanding/Camp</expandingIconTexture>
    <expandingIconPriority>8</expandingIconPriority>
    <isTempIncidentMapOwner>true</isTempIncidentMapOwner>
	  <comps>
      <li Class="WorldObjectCompProperties_FormCaravan" />
	    <li Class="WorldObjectCompProperties_TimedForcedExit" />
    </comps>
    <IncidentTargetTags>
    </IncidentTargetTags>
  </WorldObjectDef>
  
  <WorldObjectDef>
    <defName>AbandonedCamp</defName>
    <label>abandoned camp</label>
    <description>An abandoned camp.</description>
    <texture>World/WorldObjects/Camp</texture>
    <expandingIcon>true</expandingIcon>
    <expandingIconTexture>World/WorldObjects/Expanding/CampAbandoned</expandingIconTexture>
    <expandingIconPriority>8</expandingIconPriority>
	  <comps>
      <li Class="WorldObjectCompProperties_Timeout" />
    </comps>
  </WorldObjectDef>
  
</Defs>