﻿<?xml version="1.0" encoding="utf-8"?>
<NodeCanvas type="GeologicalLandforms.GraphEditor.Landform">
	<EditorStates>
		<EditorState selected="" pan="0,0" zoom="1" />
	</EditorStates>
	<Groups />
	<Nodes>
		<Node name="Custom Landform" ID="1884188544" type="landformManifest" pos="-950,-517">
			<string name="Id">DryLake</string>
			<boolean name="IsCustom">false</boolean>
			<int name="RevisionVersion">1</int>
			<boolean name="IsEdited">false</boolean>
			<string name="DisplayName" />
			<boolean name="DisplayNameHasDirection">false</boolean>
			<int name="RandSeed">1333644392</int>
		</Node>
		<Node name="World Tile Requirements" ID="1382080512" type="worldTileReq" pos="-950,-517">
			<Topology name="Topology">Inland</Topology>
			<float name="Commonness">0.0335195623</float>
			<float name="CaveChance">0</float>
			<FloatRange xmlns:xsd="http://www.w3.org/2001/XMLSchema" xmlns:xsi="http://www.w3.org/2001/XMLSchema-instance" name="HillinessRequirement">
				<min>1</min>
				<max>3.49717522</max>
			</FloatRange>
			<FloatRange xmlns:xsd="http://www.w3.org/2001/XMLSchema" xmlns:xsi="http://www.w3.org/2001/XMLSchema-instance" name="RoadRequirement">
				<min>0</min>
				<max>1</max>
			</FloatRange>
			<FloatRange xmlns:xsd="http://www.w3.org/2001/XMLSchema" xmlns:xsi="http://www.w3.org/2001/XMLSchema-instance" name="RiverRequirement">
				<min>0</min>
				<max>0</max>
			</FloatRange>
			<FloatRange xmlns:xsd="http://www.w3.org/2001/XMLSchema" xmlns:xsi="http://www.w3.org/2001/XMLSchema-instance" name="ElevationRequirement">
				<min>0</min>
				<max>5000</max>
			</FloatRange>
			<FloatRange xmlns:xsd="http://www.w3.org/2001/XMLSchema" xmlns:xsi="http://www.w3.org/2001/XMLSchema-instance" name="AvgTemperatureRequirement">
				<min>-19.7740116</min>
				<max>100</max>
			</FloatRange>
			<FloatRange xmlns:xsd="http://www.w3.org/2001/XMLSchema" xmlns:xsi="http://www.w3.org/2001/XMLSchema-instance" name="RainfallRequirement">
				<min>0</min>
				<max>437.853119</max>
			</FloatRange>
			<FloatRange xmlns:xsd="http://www.w3.org/2001/XMLSchema" xmlns:xsi="http://www.w3.org/2001/XMLSchema-instance" name="SwampinessRequirement">
				<min>0</min>
				<max>1</max>
			</FloatRange>
			<FloatRange xmlns:xsd="http://www.w3.org/2001/XMLSchema" xmlns:xsi="http://www.w3.org/2001/XMLSchema-instance" name="MapSizeRequirement">
				<min>50</min>
				<max>1000</max>
			</FloatRange>
			<boolean name="AllowSettlements">true</boolean>
			<boolean name="AllowSites">true</boolean>
			<int name="RandSeed">351232153</int>
		</Node>
		<Node name="Preview" ID="129462528" type="gridPreview" pos="150.4002,-114.4">
			<Port ID="1069536256" name="InputKnob" dynamic="False" />
			<Port ID="1641615360" name="OutputKnob" dynamic="False" />
			<string name="PreviewModelId">Default</string>
			<int name="RandSeed">122585397</int>
		</Node>
		<Node name="Select" ID="-1625263488" type="gridSelectTerrain" pos="1112.4,-108.4">
			<Port ID="-937114624" name="InputKnob" dynamic="False" />
			<Port ID="-365035520" name="OutputKnob" dynamic="False" />
			<Port ID="724695040" name="Option 0" dynamic="True" type="NodeEditorFramework.ValueConnectionKnob, 0_TerrainGraph, Version=1.0.0.0, Culture=neutral, PublicKeyToken=null">
				<string name="styleID">TerrainFunc</string>
				<Direction name="direction">In</Direction>
				<ConnectionCount name="maxConnectionCount">Single</ConnectionCount>
				<NodeSide name="side">Left</NodeSide>
				<float name="sidePosition">66</float>
				<float name="sideOffset">0</float>
			</Port>
			<Port ID="-1281955840" name="Option 1" dynamic="True" type="NodeEditorFramework.ValueConnectionKnob, 0_TerrainGraph, Version=1.0.0.0, Culture=neutral, PublicKeyToken=null">
				<string name="styleID">TerrainFunc</string>
				<Direction name="direction">In</Direction>
				<ConnectionCount name="maxConnectionCount">Single</ConnectionCount>
				<NodeSide name="side">Left</NodeSide>
				<float name="sidePosition">94</float>
				<float name="sideOffset">0</float>
			</Port>
			<Port ID="1006360576" name="Option 2" dynamic="True" type="NodeEditorFramework.ValueConnectionKnob, 0_TerrainGraph, Version=1.0.0.0, Culture=neutral, PublicKeyToken=null">
				<string name="styleID">TerrainFunc</string>
				<Direction name="direction">In</Direction>
				<ConnectionCount name="maxConnectionCount">Single</ConnectionCount>
				<NodeSide name="side">Left</NodeSide>
				<float name="sidePosition">122</float>
				<float name="sideOffset">0</float>
			</Port>
			<Variable name="Values" refID="-1626239104" />
			<Variable name="Thresholds" refID="1584051328" />
			<int name="RandSeed">1555528661</int>
		</Node>
		<Node name="Preview" ID="914977792" type="terrainGridPreview" pos="1401.4,-202.4">
			<Port ID="1603166208" name="InputKnob" dynamic="False" />
			<Port ID="-2119721984" name="OutputKnob" dynamic="False" />
			<int name="RandSeed">1223390690</int>
		</Node>
		<Node name="Add" ID="-760741888" type="gridOperator" pos="346.4002,-201.4">
			<Port ID="740673536" name="OutputKnob" dynamic="False" />
			<Port ID="-1000290304" name="Input 0" dynamic="True" type="NodeEditorFramework.ValueConnectionKnob, 0_TerrainGraph, Version=1.0.0.0, Culture=neutral, PublicKeyToken=null">
				<string name="styleID">GridFunc</string>
				<Direction name="direction">In</Direction>
				<ConnectionCount name="maxConnectionCount">Single</ConnectionCount>
				<NodeSide name="side">Left</NodeSide>
				<float name="sidePosition">38</float>
				<float name="sideOffset">0</float>
			</Port>
			<Port ID="1288026112" name="Input 1" dynamic="True" type="NodeEditorFramework.ValueConnectionKnob, 0_TerrainGraph, Version=1.0.0.0, Culture=neutral, PublicKeyToken=null">
				<string name="styleID">GridFunc</string>
				<Direction name="direction">In</Direction>
				<ConnectionCount name="maxConnectionCount">Single</ConnectionCount>
				<NodeSide name="side">Left</NodeSide>
				<float name="sidePosition">66</float>
				<float name="sideOffset">0</float>
			</Port>
			<Variable name="Values" refID="2117641728" />
			<Operation name="OperationType">Add</Operation>
			<double name="ApplyChance">1</double>
			<double name="Smoothness">0</double>
			<int name="RandSeed">1042729726</int>
		</Node>
		<Node name="Perlin Noise" ID="-2111855744" type="gridPerlin" pos="-133.6001,-401.4">
			<Port ID="-1838056448" name="FrequencyKnob" dynamic="False" />
			<Port ID="450259968" name="LacunarityKnob" dynamic="False" />
			<Port ID="1022339072" name="PersistenceKnob" dynamic="False" />
			<Port ID="1594418176" name="ScaleKnob" dynamic="False" />
			<Port ID="-2128470016" name="BiasKnob" dynamic="False" />
			<Port ID="-1556390912" name="OutputKnob" dynamic="False" />
			<double name="Frequency">0.029999999329447746</double>
			<double name="Lacunarity">2</double>
			<double name="Persistence">0.5</double>
			<double name="Scale">0.5</double>
			<double name="Bias">0.5</double>
			<int name="Octaves">3</int>
			<int name="RandSeed">58629024</int>
		</Node>
		<Node name="Preview" ID="-839748224" type="gridPreview" pos="150.4002,-293.4">
			<Port ID="-1846804480" name="InputKnob" dynamic="False" />
			<Port ID="1606728704" name="OutputKnob" dynamic="False" />
			<string name="PreviewModelId">Default</string>
			<int name="RandSeed">1681325360</int>
		</Node>
		<Node name="Terrain Output" ID="799813632" type="outputTerrain" pos="1593.4,-137.4">
			<Port ID="-399922176" name="BaseKnob" dynamic="False" />
			<Port ID="744236032" name="StoneKnob" dynamic="False" />
			<int name="RandSeed">1441011932</int>
		</Node>
		<Node name="Linear Function" ID="103996288" type="gridLinear" pos="-132,-156">
			<Port ID="-1262414848" name="OutputKnob" dynamic="False" />
			<Port ID="997612544" name="Bias" dynamic="True" type="NodeEditorFramework.ValueConnectionKnob, 0_TerrainGraph, Version=1.0.0.0, Culture=neutral, PublicKeyToken=null">
				<string name="styleID">ValueFunc</string>
				<Direction name="direction">In</Direction>
				<ConnectionCount name="maxConnectionCount">Single</ConnectionCount>
				<NodeSide name="side">Left</NodeSide>
				<float name="sidePosition">38</float>
				<float name="sideOffset">0</float>
			</Port>
			<Port ID="-436959232" name="Origin x" dynamic="True" type="NodeEditorFramework.ValueConnectionKnob, 0_TerrainGraph, Version=1.0.0.0, Culture=neutral, PublicKeyToken=null">
				<string name="styleID">ValueFunc</string>
				<Direction name="direction">In</Direction>
				<ConnectionCount name="maxConnectionCount">Single</ConnectionCount>
				<NodeSide name="side">Left</NodeSide>
				<float name="sidePosition">66</float>
				<float name="sideOffset">0</float>
			</Port>
			<Port ID="-970378240" name="Span px" dynamic="True" type="NodeEditorFramework.ValueConnectionKnob, 0_TerrainGraph, Version=1.0.0.0, Culture=neutral, PublicKeyToken=null">
				<string name="styleID">ValueFunc</string>
				<Direction name="direction">In</Direction>
				<ConnectionCount name="maxConnectionCount">Single</ConnectionCount>
				<NodeSide name="side">Left</NodeSide>
				<float name="sidePosition">122</float>
				<float name="sideOffset">0</float>
			</Port>
			<Port ID="-688712704" name="Span nx" dynamic="True" type="NodeEditorFramework.ValueConnectionKnob, 0_TerrainGraph, Version=1.0.0.0, Culture=neutral, PublicKeyToken=null">
				<string name="styleID">ValueFunc</string>
				<Direction name="direction">In</Direction>
				<ConnectionCount name="maxConnectionCount">Single</ConnectionCount>
				<NodeSide name="side">Left</NodeSide>
				<float name="sidePosition">150</float>
				<float name="sideOffset">0</float>
			</Port>
			<Port ID="165031936" name="Origin z" dynamic="True" type="NodeEditorFramework.ValueConnectionKnob, 0_TerrainGraph, Version=1.0.0.0, Culture=neutral, PublicKeyToken=null">
				<string name="styleID">ValueFunc</string>
				<Direction name="direction">In</Direction>
				<ConnectionCount name="maxConnectionCount">Single</ConnectionCount>
				<NodeSide name="side">Left</NodeSide>
				<float name="sidePosition">94</float>
				<float name="sideOffset">0</float>
			</Port>
			<Port ID="-125381632" name="Span pz" dynamic="True" type="NodeEditorFramework.ValueConnectionKnob, 0_TerrainGraph, Version=1.0.0.0, Culture=neutral, PublicKeyToken=null">
				<string name="styleID">ValueFunc</string>
				<Direction name="direction">In</Direction>
				<ConnectionCount name="maxConnectionCount">Single</ConnectionCount>
				<NodeSide name="side">Left</NodeSide>
				<float name="sidePosition">178</float>
				<float name="sideOffset">0</float>
			</Port>
			<Port ID="-347539456" name="Span nz" dynamic="True" type="NodeEditorFramework.ValueConnectionKnob, 0_TerrainGraph, Version=1.0.0.0, Culture=neutral, PublicKeyToken=null">
				<string name="styleID">ValueFunc</string>
				<Direction name="direction">In</Direction>
				<ConnectionCount name="maxConnectionCount">Single</ConnectionCount>
				<NodeSide name="side">Left</NodeSide>
				<float name="sidePosition">206</float>
				<float name="sideOffset">0</float>
			</Port>
			<double name="Bias">-1.5</double>
			<double name="ClampMin">-1.7976931348623157E+308</double>
			<double name="ClampMax">1.7976931348623157E+308</double>
			<double name="OriginX">0.45770668613101073</double>
			<double name="OriginZ">0.46587722716297547</double>
			<double name="SpanPx">50.905182645656168</double>
			<double name="SpanNx">50.615837252698839</double>
			<double name="SpanPz">59.699924499727786</double>
			<double name="SpanNz">43.999033514410257</double>
			<boolean name="Circular">true</boolean>
			<int name="RandSeed">1290554408</int>
		</Node>
		<Node name="Preview" ID="1700493056" type="gridPreview" pos="920,-201">
			<Port ID="-118256640" name="InputKnob" dynamic="False" />
			<Port ID="1025901568" name="OutputKnob" dynamic="False" />
			<string name="PreviewModelId">Default</string>
			<int name="RandSeed">1085710265</int>
		</Node>
		<Node name="Random Value" ID="-54232960" type="valueRandom" pos="-430,-30">
			<Port ID="-980749312" name="AverageKnob" dynamic="False" />
			<Port ID="-408670208" name="DeviationKnob" dynamic="False" />
			<Port ID="163408896" name="OutputKnob" dynamic="False" />
			<double name="Average">45</double>
			<double name="Deviation">15</double>
			<int name="RandSeed">1016909954</int>
		</Node>
		<Node name="Random Value" ID="-1808958976" type="valueRandom" pos="-431.6001,-139.4">
			<Port ID="-699083776" name="AverageKnob" dynamic="False" />
			<Port ID="-127004672" name="DeviationKnob" dynamic="False" />
			<Port ID="445074432" name="OutputKnob" dynamic="False" />
			<double name="Average">0.5</double>
			<double name="Deviation">0.10000000149011612</double>
			<int name="RandSeed">1363071202</int>
		</Node>
		<Node name="Rotate" ID="731282304" type="gridRotate" pos="635.3999,-158.4">
			<Port ID="-969728" name="InputKnob" dynamic="False" />
			<Port ID="571109376" name="AngleKnob" dynamic="False" />
			<Port ID="1143188480" name="OutputKnob" dynamic="False" />
			<double name="Angle">14.927723547443748</double>
			<int name="RandSeed">1162899842</int>
		</Node>
		<Node name="Random Value" ID="-1023443712" type="valueRandom" pos="346.3999,-81.4">
			<Port ID="-291383296" name="AverageKnob" dynamic="False" />
			<Port ID="280695808" name="DeviationKnob" dynamic="False" />
			<Port ID="852774912" name="OutputKnob" dynamic="False" />
			<double name="Average">0</double>
			<double name="Deviation">30</double>
			<int name="RandSeed">195754971</int>
		</Node>
	</Nodes>
	<Connections>
		<Connection port1ID="1069536256" port2ID="-1262414848" />
		<Connection port1ID="1641615360" port2ID="1288026112" />
		<Connection port1ID="-937114624" port2ID="1025901568" />
		<Connection port1ID="-365035520" port2ID="1603166208" />
		<Connection port1ID="-2119721984" port2ID="-399922176" />
		<Connection port1ID="740673536" port2ID="-969728" />
		<Connection port1ID="-1000290304" port2ID="1606728704" />
		<Connection port1ID="-1556390912" port2ID="-1846804480" />
		<Connection port1ID="-436959232" port2ID="445074432" />
		<Connection port1ID="-970378240" port2ID="163408896" />
		<Connection port1ID="-688712704" port2ID="163408896" />
		<Connection port1ID="165031936" port2ID="445074432" />
		<Connection port1ID="-125381632" port2ID="163408896" />
		<Connection port1ID="-347539456" port2ID="163408896" />
		<Connection port1ID="-118256640" port2ID="1143188480" />
		<Connection port1ID="571109376" port2ID="852774912" />
	</Connections>
	<Objects>
		<Object refID="-1626239104" type="System.Collections.Generic.List`1[[System.String, mscorlib, Version=4.0.0.0, Culture=neutral, PublicKeyToken=b77a5c561934e089]]">
			<ArrayOfString xmlns:xsd="http://www.w3.org/2001/XMLSchema" xmlns:xsi="http://www.w3.org/2001/XMLSchema-instance">
				<string>SoftSand</string>
				<string>Sand</string>
				<string>None</string>
			</ArrayOfString>
		</Object>
		<Object refID="1584051328" type="System.Collections.Generic.List`1[[System.Double, mscorlib, Version=4.0.0.0, Culture=neutral, PublicKeyToken=b77a5c561934e089]]">
			<ArrayOfDouble xmlns:xsd="http://www.w3.org/2001/XMLSchema" xmlns:xsi="http://www.w3.org/2001/XMLSchema-instance">
				<double>0.44999998807907104</double>
				<double>1</double>
			</ArrayOfDouble>
		</Object>
		<Object refID="2117641728" type="System.Collections.Generic.List`1[[System.Double, mscorlib, Version=4.0.0.0, Culture=neutral, PublicKeyToken=b77a5c561934e089]]">
			<ArrayOfDouble xmlns:xsd="http://www.w3.org/2001/XMLSchema" xmlns:xsi="http://www.w3.org/2001/XMLSchema-instance">
				<double>0</double>
				<double>0</double>
			</ArrayOfDouble>
		</Object>
	</Objects>
</NodeCanvas>