﻿<?xml version="1.0" encoding="utf-8"?>
<NodeCanvas type="GeologicalLandforms.GraphEditor.Landform">
	<EditorStates>
		<EditorState selected="" pan="0,0" zoom="1" />
	</EditorStates>
	<Groups />
	<Nodes>
		<Node name="Custom Landform" ID="1259237632" type="landformManifest" pos="-950,-517">
			<string name="Id">Tombolo</string>
			<boolean name="IsCustom">false</boolean>
			<int name="RevisionVersion">1</int>
			<boolean name="IsEdited">false</boolean>
			<string name="DisplayName" />
			<boolean name="DisplayNameHasDirection">true</boolean>
			<int name="RandSeed">1333644392</int>
		</Node>
		<Node name="World Tile Requirements" ID="-290021376" type="worldTileReq" pos="-950,-517">
			<Topology name="Topology">CoastThreeSides</Topology>
			<float name="Commonness">0.5502794</float>
			<float name="CaveChance">0</float>
			<FloatRange xmlns:xsd="http://www.w3.org/2001/XMLSchema" xmlns:xsi="http://www.w3.org/2001/XMLSchema-instance" name="HillinessRequirement">
				<min>1</min>
				<max>3.39548016</max>
			</FloatRange>
			<FloatRange xmlns:xsd="http://www.w3.org/2001/XMLSchema" xmlns:xsi="http://www.w3.org/2001/XMLSchema-instance" name="RoadRequirement">
				<min>0</min>
				<max>0</max>
			</FloatRange>
			<FloatRange xmlns:xsd="http://www.w3.org/2001/XMLSchema" xmlns:xsi="http://www.w3.org/2001/XMLSchema-instance" name="RiverRequirement">
				<min>0</min>
				<max>0</max>
			</FloatRange>
			<FloatRange xmlns:xsd="http://www.w3.org/2001/XMLSchema" xmlns:xsi="http://www.w3.org/2001/XMLSchema-instance" name="ElevationRequirement">
				<min>0</min>
				<max>5000</max>
			</FloatRange>
			<FloatRange xmlns:xsd="http://www.w3.org/2001/XMLSchema" xmlns:xsi="http://www.w3.org/2001/XMLSchema-instance" name="AvgTemperatureRequirement">
				<min>-100</min>
				<max>100</max>
			</FloatRange>
			<FloatRange xmlns:xsd="http://www.w3.org/2001/XMLSchema" xmlns:xsi="http://www.w3.org/2001/XMLSchema-instance" name="RainfallRequirement">
				<min>0</min>
				<max>5000</max>
			</FloatRange>
			<FloatRange xmlns:xsd="http://www.w3.org/2001/XMLSchema" xmlns:xsi="http://www.w3.org/2001/XMLSchema-instance" name="SwampinessRequirement">
				<min>0</min>
				<max>1</max>
			</FloatRange>
			<FloatRange xmlns:xsd="http://www.w3.org/2001/XMLSchema" xmlns:xsi="http://www.w3.org/2001/XMLSchema-instance" name="MapSizeRequirement">
				<min>117.090393</min>
				<max>1000</max>
			</FloatRange>
			<boolean name="AllowSettlements">true</boolean>
			<boolean name="AllowSites">true</boolean>
			<int name="RandSeed">351232153</int>
		</Node>
		<Node name="Linear Function" ID="-269892992" type="gridLinear" pos="-86,-435.8">
			<Port ID="-92169216" name="OutputKnob" dynamic="False" />
			<Port ID="811702272" name="Bias" dynamic="True" type="NodeEditorFramework.ValueConnectionKnob, 0_TerrainGraph, Version=1.0.0.0, Culture=neutral, PublicKeyToken=null">
				<string name="styleID">ValueFunc</string>
				<Direction name="direction">In</Direction>
				<ConnectionCount name="maxConnectionCount">Single</ConnectionCount>
				<NodeSide name="side">Left</NodeSide>
				<float name="sidePosition">38</float>
				<float name="sideOffset">0</float>
			</Port>
			<Port ID="-1194948608" name="Origin x" dynamic="True" type="NodeEditorFramework.ValueConnectionKnob, 0_TerrainGraph, Version=1.0.0.0, Culture=neutral, PublicKeyToken=null">
				<string name="styleID">ValueFunc</string>
				<Direction name="direction">In</Direction>
				<ConnectionCount name="maxConnectionCount">Single</ConnectionCount>
				<NodeSide name="side">Left</NodeSide>
				<float name="sidePosition">122</float>
				<float name="sideOffset">0</float>
			</Port>
			<Port ID="759003136" name="Span px" dynamic="True" type="NodeEditorFramework.ValueConnectionKnob, 0_TerrainGraph, Version=1.0.0.0, Culture=neutral, PublicKeyToken=null">
				<string name="styleID">ValueFunc</string>
				<Direction name="direction">In</Direction>
				<ConnectionCount name="maxConnectionCount">Single</ConnectionCount>
				<NodeSide name="side">Left</NodeSide>
				<float name="sidePosition">178</float>
				<float name="sideOffset">0</float>
			</Port>
			<Port ID="-1247647744" name="Origin z" dynamic="True" type="NodeEditorFramework.ValueConnectionKnob, 0_TerrainGraph, Version=1.0.0.0, Culture=neutral, PublicKeyToken=null">
				<string name="styleID">ValueFunc</string>
				<Direction name="direction">In</Direction>
				<ConnectionCount name="maxConnectionCount">Single</ConnectionCount>
				<NodeSide name="side">Left</NodeSide>
				<float name="sidePosition">150</float>
				<float name="sideOffset">0</float>
			</Port>
			<Port ID="1040668672" name="Span pz" dynamic="True" type="NodeEditorFramework.ValueConnectionKnob, 0_TerrainGraph, Version=1.0.0.0, Culture=neutral, PublicKeyToken=null">
				<string name="styleID">ValueFunc</string>
				<Direction name="direction">In</Direction>
				<ConnectionCount name="maxConnectionCount">Single</ConnectionCount>
				<NodeSide name="side">Left</NodeSide>
				<float name="sidePosition">206</float>
				<float name="sideOffset">0</float>
			</Port>
			<Port ID="-965982208" name="Clamp min" dynamic="True" type="NodeEditorFramework.ValueConnectionKnob, 0_TerrainGraph, Version=1.0.0.0, Culture=neutral, PublicKeyToken=null">
				<string name="styleID">ValueFunc</string>
				<Direction name="direction">In</Direction>
				<ConnectionCount name="maxConnectionCount">Single</ConnectionCount>
				<NodeSide name="side">Left</NodeSide>
				<float name="sidePosition">66</float>
				<float name="sideOffset">0</float>
			</Port>
			<Port ID="1322334208" name="Clamp max" dynamic="True" type="NodeEditorFramework.ValueConnectionKnob, 0_TerrainGraph, Version=1.0.0.0, Culture=neutral, PublicKeyToken=null">
				<string name="styleID">ValueFunc</string>
				<Direction name="direction">In</Direction>
				<ConnectionCount name="maxConnectionCount">Single</ConnectionCount>
				<NodeSide name="side">Left</NodeSide>
				<float name="sidePosition">94</float>
				<float name="sideOffset">0</float>
			</Port>
			<double name="Bias">2.4753979993984103</double>
			<double name="ClampMin">-5</double>
			<double name="ClampMax">1</double>
			<double name="OriginX">0.41999998688697815</double>
			<double name="OriginZ">0.5</double>
			<double name="SpanPx">-26.997168501839042</double>
			<double name="SpanNx">0</double>
			<double name="SpanPz">-30.319288116879761</double>
			<double name="SpanNz">0</double>
			<boolean name="Circular">true</boolean>
			<int name="RandSeed">916461126</int>
		</Node>
		<Node name="Preview" ID="-495488384" type="gridPreview" pos="426,-426.8">
			<Port ID="1051988992" name="InputKnob" dynamic="False" />
			<Port ID="1624068096" name="OutputKnob" dynamic="False" />
			<string name="PreviewModelId">Default</string>
			<int name="RandSeed">1306390460</int>
		</Node>
		<Node name="Linear Function" ID="-1452539904" type="gridLinear" pos="-88,-183.7999">
			<Port ID="-954661888" name="OutputKnob" dynamic="False" />
			<Port ID="-684316672" name="Bias" dynamic="True" type="NodeEditorFramework.ValueConnectionKnob, 0_TerrainGraph, Version=1.0.0.0, Culture=neutral, PublicKeyToken=null">
				<string name="styleID">ValueFunc</string>
				<Direction name="direction">In</Direction>
				<ConnectionCount name="maxConnectionCount">Single</ConnectionCount>
				<NodeSide name="side">Left</NodeSide>
				<float name="sidePosition">38</float>
				<float name="sideOffset">0</float>
			</Port>
			<Port ID="1603999744" name="Origin x" dynamic="True" type="NodeEditorFramework.ValueConnectionKnob, 0_TerrainGraph, Version=1.0.0.0, Culture=neutral, PublicKeyToken=null">
				<string name="styleID">ValueFunc</string>
				<Direction name="direction">In</Direction>
				<ConnectionCount name="maxConnectionCount">Single</ConnectionCount>
				<NodeSide name="side">Left</NodeSide>
				<float name="sidePosition">122</float>
				<float name="sideOffset">0</float>
			</Port>
			<Port ID="-402651136" name="Span px" dynamic="True" type="NodeEditorFramework.ValueConnectionKnob, 0_TerrainGraph, Version=1.0.0.0, Culture=neutral, PublicKeyToken=null">
				<string name="styleID">ValueFunc</string>
				<Direction name="direction">In</Direction>
				<ConnectionCount name="maxConnectionCount">Single</ConnectionCount>
				<NodeSide name="side">Left</NodeSide>
				<float name="sidePosition">150</float>
				<float name="sideOffset">0</float>
			</Port>
			<Port ID="-26118144" name="Clamp min" dynamic="True" type="NodeEditorFramework.ValueConnectionKnob, 0_TerrainGraph, Version=1.0.0.0, Culture=neutral, PublicKeyToken=null">
				<string name="styleID">ValueFunc</string>
				<Direction name="direction">In</Direction>
				<ConnectionCount name="maxConnectionCount">Single</ConnectionCount>
				<NodeSide name="side">Left</NodeSide>
				<float name="sidePosition">66</float>
				<float name="sideOffset">0</float>
			</Port>
			<Port ID="-2032769024" name="Clamp max" dynamic="True" type="NodeEditorFramework.ValueConnectionKnob, 0_TerrainGraph, Version=1.0.0.0, Culture=neutral, PublicKeyToken=null">
				<string name="styleID">ValueFunc</string>
				<Direction name="direction">In</Direction>
				<ConnectionCount name="maxConnectionCount">Single</ConnectionCount>
				<NodeSide name="side">Left</NodeSide>
				<float name="sidePosition">94</float>
				<float name="sideOffset">0</float>
			</Port>
			<double name="Bias">1.33736856514588</double>
			<double name="ClampMin">-5</double>
			<double name="ClampMax">2.5</double>
			<double name="OriginX">0</double>
			<double name="OriginZ">0</double>
			<double name="SpanPx">-20</double>
			<double name="SpanNx">0</double>
			<double name="SpanPz">0</double>
			<double name="SpanNz">0</double>
			<boolean name="Circular">false</boolean>
			<int name="RandSeed">770125072</int>
		</Node>
		<Node name="Preview" ID="2044752896" type="gridPreview" pos="425,-273.8">
			<Port ID="189496320" name="InputKnob" dynamic="False" />
			<Port ID="761575424" name="OutputKnob" dynamic="False" />
			<string name="PreviewModelId">Default</string>
			<int name="RandSeed">1269699865</int>
		</Node>
		<Node name="Add" ID="-1484391424" type="gridOperator" pos="638,-484.8">
			<Port ID="-1817154560" name="OutputKnob" dynamic="False" />
			<Port ID="255547392" name="Input 0" dynamic="True" type="NodeEditorFramework.ValueConnectionKnob, 0_TerrainGraph, Version=1.0.0.0, Culture=neutral, PublicKeyToken=null">
				<string name="styleID">GridFunc</string>
				<Direction name="direction">In</Direction>
				<ConnectionCount name="maxConnectionCount">Single</ConnectionCount>
				<NodeSide name="side">Left</NodeSide>
				<float name="sidePosition">66</float>
				<float name="sideOffset">0</float>
			</Port>
			<Port ID="-1751103488" name="Input 1" dynamic="True" type="NodeEditorFramework.ValueConnectionKnob, 0_TerrainGraph, Version=1.0.0.0, Culture=neutral, PublicKeyToken=null">
				<string name="styleID">GridFunc</string>
				<Direction name="direction">In</Direction>
				<ConnectionCount name="maxConnectionCount">Single</ConnectionCount>
				<NodeSide name="side">Left</NodeSide>
				<float name="sidePosition">94</float>
				<float name="sideOffset">0</float>
			</Port>
			<Port ID="537212928" name="Input 2" dynamic="True" type="NodeEditorFramework.ValueConnectionKnob, 0_TerrainGraph, Version=1.0.0.0, Culture=neutral, PublicKeyToken=null">
				<string name="styleID">GridFunc</string>
				<Direction name="direction">In</Direction>
				<ConnectionCount name="maxConnectionCount">Single</ConnectionCount>
				<NodeSide name="side">Left</NodeSide>
				<float name="sidePosition">122</float>
				<float name="sideOffset">0</float>
			</Port>
			<Port ID="-1469437952" name="Smoothness" dynamic="True" type="NodeEditorFramework.ValueConnectionKnob, 0_TerrainGraph, Version=1.0.0.0, Culture=neutral, PublicKeyToken=null">
				<string name="styleID">ValueFunc</string>
				<Direction name="direction">In</Direction>
				<ConnectionCount name="maxConnectionCount">Single</ConnectionCount>
				<NodeSide name="side">Left</NodeSide>
				<float name="sidePosition">38</float>
				<float name="sideOffset">0</float>
			</Port>
			<Variable name="Values" refID="-1095671936" />
			<Operation name="OperationType">Smooth_Max</Operation>
			<double name="ApplyChance">1</double>
			<double name="Smoothness">1</double>
			<int name="RandSeed">38967487</int>
		</Node>
		<Node name="Preview" ID="290026880" type="gridPreview" pos="912,-423.8">
			<Port ID="-672996352" name="InputKnob" dynamic="False" />
			<Port ID="-100917248" name="OutputKnob" dynamic="False" />
			<string name="PreviewModelId">Default</string>
			<int name="RandSeed">885708644</int>
		</Node>
		<Node name="Linear Function" ID="-1245062272" type="gridLinear" pos="912,-28.80002">
			<Port ID="1615320064" name="OutputKnob" dynamic="False" />
			<Port ID="1390957568" name="Bias" dynamic="True" type="NodeEditorFramework.ValueConnectionKnob, 0_TerrainGraph, Version=1.0.0.0, Culture=neutral, PublicKeyToken=null">
				<string name="styleID">ValueFunc</string>
				<Direction name="direction">In</Direction>
				<ConnectionCount name="maxConnectionCount">Single</ConnectionCount>
				<NodeSide name="side">Left</NodeSide>
				<float name="sidePosition">38</float>
				<float name="sideOffset">0</float>
			</Port>
			<Port ID="-615693312" name="Origin x" dynamic="True" type="NodeEditorFramework.ValueConnectionKnob, 0_TerrainGraph, Version=1.0.0.0, Culture=neutral, PublicKeyToken=null">
				<string name="styleID">ValueFunc</string>
				<Direction name="direction">In</Direction>
				<ConnectionCount name="maxConnectionCount">Single</ConnectionCount>
				<NodeSide name="side">Left</NodeSide>
				<float name="sidePosition">66</float>
				<float name="sideOffset">0</float>
			</Port>
			<Port ID="1986868224" name="Span px" dynamic="True" type="NodeEditorFramework.ValueConnectionKnob, 0_TerrainGraph, Version=1.0.0.0, Culture=neutral, PublicKeyToken=null">
				<string name="styleID">ValueFunc</string>
				<Direction name="direction">In</Direction>
				<ConnectionCount name="maxConnectionCount">Single</ConnectionCount>
				<NodeSide name="side">Left</NodeSide>
				<float name="sidePosition">94</float>
				<float name="sideOffset">0</float>
			</Port>
			<Port ID="-19782656" name="Span nx" dynamic="True" type="NodeEditorFramework.ValueConnectionKnob, 0_TerrainGraph, Version=1.0.0.0, Culture=neutral, PublicKeyToken=null">
				<string name="styleID">ValueFunc</string>
				<Direction name="direction">In</Direction>
				<ConnectionCount name="maxConnectionCount">Single</ConnectionCount>
				<NodeSide name="side">Left</NodeSide>
				<float name="sidePosition">122</float>
				<float name="sideOffset">0</float>
			</Port>
			<double name="Bias">-0.10000000149011612</double>
			<double name="ClampMin">-1.7976931348623157E+308</double>
			<double name="ClampMax">1.7976931348623157E+308</double>
			<double name="OriginX">0.30000001192092896</double>
			<double name="OriginZ">0</double>
			<double name="SpanPx">-30</double>
			<double name="SpanNx">0</double>
			<double name="SpanPz">0</double>
			<double name="SpanNz">0</double>
			<boolean name="Circular">false</boolean>
			<int name="RandSeed">467731168</int>
		</Node>
		<Node name="Preview" ID="-1464699136" type="gridPreview" pos="1389,-77.8">
			<Port ID="-1535489024" name="InputKnob" dynamic="False" />
			<Port ID="-963409920" name="OutputKnob" dynamic="False" />
			<string name="PreviewModelId">Default</string>
			<int name="RandSeed">1809730382</int>
		</Node>
		<Node name="Perlin Noise" ID="-1367521536" type="gridPerlin" pos="637,-325.8">
			<Port ID="-2135540736" name="FrequencyKnob" dynamic="False" />
			<Port ID="-1563461632" name="LacunarityKnob" dynamic="False" />
			<Port ID="-991382528" name="PersistenceKnob" dynamic="False" />
			<Port ID="-419303424" name="ScaleKnob" dynamic="False" />
			<Port ID="152775680" name="BiasKnob" dynamic="False" />
			<Port ID="724854784" name="OutputKnob" dynamic="False" />
			<double name="Frequency">0.029999999329447746</double>
			<double name="Lacunarity">2</double>
			<double name="Persistence">0.5</double>
			<double name="Scale">0.5</double>
			<double name="Bias">0.5</double>
			<int name="Octaves">3</int>
			<int name="RandSeed">1052477921</int>
		</Node>
		<Node name="Preview" ID="1075542144" type="gridPreview" pos="913,-268.8">
			<Port ID="434441216" name="InputKnob" dynamic="False" />
			<Port ID="1006520320" name="OutputKnob" dynamic="False" />
			<string name="PreviewModelId">Default</string>
			<int name="RandSeed">1940616213</int>
		</Node>
		<Node name="Preview" ID="-679183872" type="gridPreview" pos="1390.6,-259.2">
			<Port ID="-1572209664" name="InputKnob" dynamic="False" />
			<Port ID="-1000130560" name="OutputKnob" dynamic="False" />
			<string name="PreviewModelId">Default</string>
			<int name="RandSeed">1882254927</int>
		</Node>
		<Node name="Preview" ID="1861057408" type="gridPreview" pos="1917.8,-98.39998">
			<Port ID="716106752" name="InputKnob" dynamic="False" />
			<Port ID="1288185856" name="OutputKnob" dynamic="False" />
			<string name="PreviewModelId">Default</string>
			<int name="RandSeed">1118598133</int>
		</Node>
		<Node name="Add" ID="125127808" type="gridOperator" pos="1101.6,-320.2">
			<Port ID="-1290544128" name="OutputKnob" dynamic="False" />
			<Port ID="-2026433536" name="Input 0" dynamic="True" type="NodeEditorFramework.ValueConnectionKnob, 0_TerrainGraph, Version=1.0.0.0, Culture=neutral, PublicKeyToken=null">
				<string name="styleID">GridFunc</string>
				<Direction name="direction">In</Direction>
				<ConnectionCount name="maxConnectionCount">Single</ConnectionCount>
				<NodeSide name="side">Left</NodeSide>
				<float name="sidePosition">38</float>
				<float name="sideOffset">0</float>
			</Port>
			<Port ID="261882880" name="Input 1" dynamic="True" type="NodeEditorFramework.ValueConnectionKnob, 0_TerrainGraph, Version=1.0.0.0, Culture=neutral, PublicKeyToken=null">
				<string name="styleID">GridFunc</string>
				<Direction name="direction">In</Direction>
				<ConnectionCount name="maxConnectionCount">Single</ConnectionCount>
				<NodeSide name="side">Left</NodeSide>
				<float name="sidePosition">66</float>
				<float name="sideOffset">0</float>
			</Port>
			<Variable name="Values" refID="-562081536" />
			<Operation name="OperationType">Add</Operation>
			<double name="ApplyChance">1</double>
			<double name="Smoothness">0</double>
			<int name="RandSeed">127792714</int>
		</Node>
		<Node name="Add" ID="1734647040" type="gridOperator" pos="1618,-163.6">
			<Port ID="-146385920" name="OutputKnob" dynamic="False" />
			<Port ID="-1172688896" name="Input 0" dynamic="True" type="NodeEditorFramework.ValueConnectionKnob, 0_TerrainGraph, Version=1.0.0.0, Culture=neutral, PublicKeyToken=null">
				<string name="styleID">GridFunc</string>
				<Direction name="direction">In</Direction>
				<ConnectionCount name="maxConnectionCount">Single</ConnectionCount>
				<NodeSide name="side">Left</NodeSide>
				<float name="sidePosition">66</float>
				<float name="sideOffset">0</float>
			</Port>
			<Port ID="1115627520" name="Input 1" dynamic="True" type="NodeEditorFramework.ValueConnectionKnob, 0_TerrainGraph, Version=1.0.0.0, Culture=neutral, PublicKeyToken=null">
				<string name="styleID">GridFunc</string>
				<Direction name="direction">In</Direction>
				<ConnectionCount name="maxConnectionCount">Single</ConnectionCount>
				<NodeSide name="side">Left</NodeSide>
				<float name="sidePosition">94</float>
				<float name="sideOffset">0</float>
			</Port>
			<Port ID="-891023360" name="Smoothness" dynamic="True" type="NodeEditorFramework.ValueConnectionKnob, 0_TerrainGraph, Version=1.0.0.0, Culture=neutral, PublicKeyToken=null">
				<string name="styleID">ValueFunc</string>
				<Direction name="direction">In</Direction>
				<ConnectionCount name="maxConnectionCount">Single</ConnectionCount>
				<NodeSide name="side">Left</NodeSide>
				<float name="sidePosition">38</float>
				<float name="sideOffset">0</float>
			</Port>
			<Variable name="Values" refID="-28491136" />
			<Operation name="OperationType">Smooth_Max</Operation>
			<double name="ApplyChance">1</double>
			<double name="Smoothness">1.4500000476837158</double>
			<int name="RandSeed">1778185952</int>
		</Node>
		<Node name="Linear Function" ID="1867258112" type="gridLinear" pos="-87.00018,259.8">
			<Port ID="997772288" name="OutputKnob" dynamic="False" />
			<Port ID="-2032452608" name="Bias" dynamic="True" type="NodeEditorFramework.ValueConnectionKnob, 0_TerrainGraph, Version=1.0.0.0, Culture=neutral, PublicKeyToken=null">
				<string name="styleID">ValueFunc</string>
				<Direction name="direction">In</Direction>
				<ConnectionCount name="maxConnectionCount">Single</ConnectionCount>
				<NodeSide name="side">Left</NodeSide>
				<float name="sidePosition">38</float>
				<float name="sideOffset">0</float>
			</Port>
			<Port ID="255863808" name="Origin x" dynamic="True" type="NodeEditorFramework.ValueConnectionKnob, 0_TerrainGraph, Version=1.0.0.0, Culture=neutral, PublicKeyToken=null">
				<string name="styleID">ValueFunc</string>
				<Direction name="direction">In</Direction>
				<ConnectionCount name="maxConnectionCount">Single</ConnectionCount>
				<NodeSide name="side">Left</NodeSide>
				<float name="sidePosition">122</float>
				<float name="sideOffset">0</float>
			</Port>
			<Port ID="-1750787072" name="Span px" dynamic="True" type="NodeEditorFramework.ValueConnectionKnob, 0_TerrainGraph, Version=1.0.0.0, Culture=neutral, PublicKeyToken=null">
				<string name="styleID">ValueFunc</string>
				<Direction name="direction">In</Direction>
				<ConnectionCount name="maxConnectionCount">Single</ConnectionCount>
				<NodeSide name="side">Left</NodeSide>
				<float name="sidePosition">178</float>
				<float name="sideOffset">0</float>
			</Port>
			<Port ID="537529344" name="Origin z" dynamic="True" type="NodeEditorFramework.ValueConnectionKnob, 0_TerrainGraph, Version=1.0.0.0, Culture=neutral, PublicKeyToken=null">
				<string name="styleID">ValueFunc</string>
				<Direction name="direction">In</Direction>
				<ConnectionCount name="maxConnectionCount">Single</ConnectionCount>
				<NodeSide name="side">Left</NodeSide>
				<float name="sidePosition">150</float>
				<float name="sideOffset">0</float>
			</Port>
			<Port ID="-1469121536" name="Span pz" dynamic="True" type="NodeEditorFramework.ValueConnectionKnob, 0_TerrainGraph, Version=1.0.0.0, Culture=neutral, PublicKeyToken=null">
				<string name="styleID">ValueFunc</string>
				<Direction name="direction">In</Direction>
				<ConnectionCount name="maxConnectionCount">Single</ConnectionCount>
				<NodeSide name="side">Left</NodeSide>
				<float name="sidePosition">206</float>
				<float name="sideOffset">0</float>
			</Port>
			<Port ID="819194880" name="Clamp min" dynamic="True" type="NodeEditorFramework.ValueConnectionKnob, 0_TerrainGraph, Version=1.0.0.0, Culture=neutral, PublicKeyToken=null">
				<string name="styleID">ValueFunc</string>
				<Direction name="direction">In</Direction>
				<ConnectionCount name="maxConnectionCount">Single</ConnectionCount>
				<NodeSide name="side">Left</NodeSide>
				<float name="sidePosition">66</float>
				<float name="sideOffset">0</float>
			</Port>
			<Port ID="-1187456000" name="Clamp max" dynamic="True" type="NodeEditorFramework.ValueConnectionKnob, 0_TerrainGraph, Version=1.0.0.0, Culture=neutral, PublicKeyToken=null">
				<string name="styleID">ValueFunc</string>
				<Direction name="direction">In</Direction>
				<ConnectionCount name="maxConnectionCount">Single</ConnectionCount>
				<NodeSide name="side">Left</NodeSide>
				<float name="sidePosition">94</float>
				<float name="sideOffset">0</float>
			</Port>
			<double name="Bias">1.2000000476837158</double>
			<double name="ClampMin">-5</double>
			<double name="ClampMax">0.10000000149011612</double>
			<double name="OriginX">0.41999998688697815</double>
			<double name="OriginZ">0.5</double>
			<double name="SpanPx">-50</double>
			<double name="SpanNx">0</double>
			<double name="SpanPz">-50</double>
			<double name="SpanNz">0</double>
			<boolean name="Circular">true</boolean>
			<int name="RandSeed">473771871</int>
		</Node>
		<Node name="Perlin Noise" ID="-688724352" type="gridPerlin" pos="-86.40021,39.8">
			<Port ID="2141930496" name="FrequencyKnob" dynamic="False" />
			<Port ID="-1580957696" name="LacunarityKnob" dynamic="False" />
			<Port ID="-1432241152" name="PersistenceKnob" dynamic="False" />
			<Port ID="-860162048" name="ScaleKnob" dynamic="False" />
			<Port ID="-288082944" name="BiasKnob" dynamic="False" />
			<Port ID="283996160" name="OutputKnob" dynamic="False" />
			<double name="Frequency">0.029999999329447746</double>
			<double name="Lacunarity">2</double>
			<double name="Persistence">0.5</double>
			<double name="Scale">0.5</double>
			<double name="Bias">0.5</double>
			<int name="Octaves">6</int>
			<int name="RandSeed">1409214904</int>
		</Node>
		<Node name="Add" ID="-950801024" type="gridOperator" pos="361.7998,107.2">
			<Port ID="-6417408" name="OutputKnob" dynamic="False" />
			<Port ID="1100860416" name="Input 0" dynamic="True" type="NodeEditorFramework.ValueConnectionKnob, 0_TerrainGraph, Version=1.0.0.0, Culture=neutral, PublicKeyToken=null">
				<string name="styleID">GridFunc</string>
				<Direction name="direction">In</Direction>
				<ConnectionCount name="maxConnectionCount">Single</ConnectionCount>
				<NodeSide name="side">Left</NodeSide>
				<float name="sidePosition">38</float>
				<float name="sideOffset">0</float>
			</Port>
			<Port ID="159529984" name="Input 1" dynamic="True" type="NodeEditorFramework.ValueConnectionKnob, 0_TerrainGraph, Version=1.0.0.0, Culture=neutral, PublicKeyToken=null">
				<string name="styleID">GridFunc</string>
				<Direction name="direction">In</Direction>
				<ConnectionCount name="maxConnectionCount">Single</ConnectionCount>
				<NodeSide name="side">Left</NodeSide>
				<float name="sidePosition">66</float>
				<float name="sideOffset">0</float>
			</Port>
			<Variable name="Values" refID="954719104" />
			<Operation name="OperationType">Add</Operation>
			<double name="ApplyChance">1</double>
			<double name="Smoothness">0</double>
			<int name="RandSeed">790372381</int>
		</Node>
		<Node name="Preview" ID="106331392" type="gridPreview" pos="935.4,207.2001">
			<Port ID="1137740800" name="InputKnob" dynamic="False" />
			<Port ID="1709819904" name="OutputKnob" dynamic="False" />
			<string name="PreviewModelId">Default</string>
			<int name="RandSeed">218670510</int>
		</Node>
		<Node name="Select" ID="-1648394624" type="gridSelectTerrain" pos="2120.4,-20.00001">
			<Port ID="-868910080" name="InputKnob" dynamic="False" />
			<Port ID="-296830976" name="OutputKnob" dynamic="False" />
			<Port ID="-1275041792" name="Option 0" dynamic="True" type="NodeEditorFramework.ValueConnectionKnob, 0_TerrainGraph, Version=1.0.0.0, Culture=neutral, PublicKeyToken=null">
				<string name="styleID">TerrainFunc</string>
				<Direction name="direction">In</Direction>
				<ConnectionCount name="maxConnectionCount">Single</ConnectionCount>
				<NodeSide name="side">Left</NodeSide>
				<float name="sidePosition">66</float>
				<float name="sideOffset">0</float>
			</Port>
			<Port ID="1013274624" name="Option 1" dynamic="True" type="NodeEditorFramework.ValueConnectionKnob, 0_TerrainGraph, Version=1.0.0.0, Culture=neutral, PublicKeyToken=null">
				<string name="styleID">TerrainFunc</string>
				<Direction name="direction">In</Direction>
				<ConnectionCount name="maxConnectionCount">Single</ConnectionCount>
				<NodeSide name="side">Left</NodeSide>
				<float name="sidePosition">94</float>
				<float name="sideOffset">0</float>
			</Port>
			<Port ID="-993376256" name="Option 2" dynamic="True" type="NodeEditorFramework.ValueConnectionKnob, 0_TerrainGraph, Version=1.0.0.0, Culture=neutral, PublicKeyToken=null">
				<string name="styleID">TerrainFunc</string>
				<Direction name="direction">In</Direction>
				<ConnectionCount name="maxConnectionCount">Single</ConnectionCount>
				<NodeSide name="side">Left</NodeSide>
				<float name="sidePosition">122</float>
				<float name="sideOffset">0</float>
			</Port>
			<Port ID="1294940160" name="Option 3" dynamic="True" type="NodeEditorFramework.ValueConnectionKnob, 0_TerrainGraph, Version=1.0.0.0, Culture=neutral, PublicKeyToken=null">
				<string name="styleID">TerrainFunc</string>
				<Direction name="direction">In</Direction>
				<ConnectionCount name="maxConnectionCount">Single</ConnectionCount>
				<NodeSide name="side">Left</NodeSide>
				<float name="sidePosition">150</float>
				<float name="sideOffset">0</float>
			</Port>
			<Variable name="Values" refID="1488309504" />
			<Variable name="Thresholds" refID="2021899904" />
			<int name="RandSeed">1317255026</int>
		</Node>
		<Node name="Natural Water" ID="396488192" type="terrainNaturalWater" pos="1918.4,60.80001">
			<Port ID="1419406336" name="DeepOutputKnob" dynamic="False" />
			<Port ID="1991485440" name="ShallowOutputKnob" dynamic="False" />
			<Port ID="-1731402752" name="BeachOutputKnob" dynamic="False" />
			<int name="RandSeed">2019941122</int>
		</Node>
		<Node name="Preview" ID="891846656" type="terrainGridPreview" pos="2421.4,-75.80002">
			<Port ID="556913664" name="InputKnob" dynamic="False" />
			<Port ID="1128992768" name="OutputKnob" dynamic="False" />
			<int name="RandSeed">296353201</int>
		</Node>
		<Node name="World Tile" ID="-695704320" type="valueWorldTile" pos="176.6,286.4">
			<Port ID="-1449737216" name="ElevationOutputKnob" dynamic="False" />
			<Port ID="-877658112" name="HillinessOutputKnob" dynamic="False" />
			<Port ID="-728941568" name="TemperatureOutputKnob" dynamic="False" />
			<Port ID="-156862464" name="RainfallOutputKnob" dynamic="False" />
			<int name="RandSeed">1229037435</int>
		</Node>
		<Node name="Add" ID="658718208" type="gridOperator" pos="657,169.4">
			<Port ID="-1591434240" name="OutputKnob" dynamic="False" />
			<Port ID="-711710720" name="Input 0" dynamic="True" type="NodeEditorFramework.ValueConnectionKnob, 0_TerrainGraph, Version=1.0.0.0, Culture=neutral, PublicKeyToken=null">
				<string name="styleID">GridFunc</string>
				<Direction name="direction">In</Direction>
				<ConnectionCount name="maxConnectionCount">Single</ConnectionCount>
				<NodeSide name="side">Left</NodeSide>
				<float name="sidePosition">38</float>
				<float name="sideOffset">0</float>
			</Port>
			<Port ID="1576605696" name="Input 1" dynamic="True" type="NodeEditorFramework.ValueConnectionKnob, 0_TerrainGraph, Version=1.0.0.0, Culture=neutral, PublicKeyToken=null">
				<string name="styleID">GridFunc</string>
				<Direction name="direction">In</Direction>
				<ConnectionCount name="maxConnectionCount">Single</ConnectionCount>
				<NodeSide name="side">Left</NodeSide>
				<float name="sidePosition">66</float>
				<float name="sideOffset">0</float>
			</Port>
			<Variable name="Values" refID="-1739476992" />
			<Operation name="OperationType">Multiply</Operation>
			<double name="ApplyChance">1</double>
			<double name="Smoothness">0</double>
			<int name="RandSeed">1543545957</int>
		</Node>
		<Node name="Grid" ID="-892876800" type="gridFromValue" pos="430.4,249.4">
			<Port ID="-447276032" name="InputKnob" dynamic="False" />
			<Port ID="124803072" name="OutputKnob" dynamic="False" />
			<int name="RandSeed">1608377925</int>
		</Node>
		<Node name="Map Sides" ID="2112725504" type="gridRotateToMapSides" pos="225,-426.8">
			<Port ID="142033920" name="Input 0" dynamic="True" type="NodeEditorFramework.ValueConnectionKnob, 0_TerrainGraph, Version=1.0.0.0, Culture=neutral, PublicKeyToken=null">
				<string name="styleID">GridFunc</string>
				<Direction name="direction">In</Direction>
				<ConnectionCount name="maxConnectionCount">Single</ConnectionCount>
				<NodeSide name="side">Left</NodeSide>
				<float name="sidePosition">38</float>
				<float name="sideOffset">0</float>
			</Port>
			<Port ID="1555706880" name="Output 0" dynamic="True" type="NodeEditorFramework.ValueConnectionKnob, 0_TerrainGraph, Version=1.0.0.0, Culture=neutral, PublicKeyToken=null">
				<string name="styleID">GridFunc</string>
				<Direction name="direction">Out</Direction>
				<ConnectionCount name="maxConnectionCount">Multi</ConnectionCount>
				<NodeSide name="side">Right</NodeSide>
				<float name="sidePosition">38</float>
				<float name="sideOffset">0</float>
			</Port>
			<Port ID="-450944000" name="Input 1" dynamic="True" type="NodeEditorFramework.ValueConnectionKnob, 0_TerrainGraph, Version=1.0.0.0, Culture=neutral, PublicKeyToken=null">
				<string name="styleID">GridFunc</string>
				<Direction name="direction">In</Direction>
				<ConnectionCount name="maxConnectionCount">Single</ConnectionCount>
				<NodeSide name="side">Left</NodeSide>
				<float name="sidePosition">66</float>
				<float name="sideOffset">0</float>
			</Port>
			<Port ID="1837372416" name="Output 1" dynamic="True" type="NodeEditorFramework.ValueConnectionKnob, 0_TerrainGraph, Version=1.0.0.0, Culture=neutral, PublicKeyToken=null">
				<string name="styleID">GridFunc</string>
				<Direction name="direction">Out</Direction>
				<ConnectionCount name="maxConnectionCount">Multi</ConnectionCount>
				<NodeSide name="side">Right</NodeSide>
				<float name="sidePosition">66</float>
				<float name="sideOffset">0</float>
			</Port>
			<Port ID="-169278464" name="Input 2" dynamic="True" type="NodeEditorFramework.ValueConnectionKnob, 0_TerrainGraph, Version=1.0.0.0, Culture=neutral, PublicKeyToken=null">
				<string name="styleID">GridFunc</string>
				<Direction name="direction">In</Direction>
				<ConnectionCount name="maxConnectionCount">Single</ConnectionCount>
				<NodeSide name="side">Left</NodeSide>
				<float name="sidePosition">94</float>
				<float name="sideOffset">0</float>
			</Port>
			<Port ID="2119037952" name="Output 2" dynamic="True" type="NodeEditorFramework.ValueConnectionKnob, 0_TerrainGraph, Version=1.0.0.0, Culture=neutral, PublicKeyToken=null">
				<string name="styleID">GridFunc</string>
				<Direction name="direction">Out</Direction>
				<ConnectionCount name="maxConnectionCount">Multi</ConnectionCount>
				<NodeSide name="side">Right</NodeSide>
				<float name="sidePosition">94</float>
				<float name="sideOffset">0</float>
			</Port>
			<Variable name="MapSides" refID="-1099168512" />
			<int name="RandSeed">283078651</int>
		</Node>
		<Node name="Map Sides" ID="823360512" type="gridRotateToMapSides" pos="1201,-59.8">
			<Port ID="112387072" name="Input 0" dynamic="True" type="NodeEditorFramework.ValueConnectionKnob, 0_TerrainGraph, Version=1.0.0.0, Culture=neutral, PublicKeyToken=null">
				<string name="styleID">GridFunc</string>
				<Direction name="direction">In</Direction>
				<ConnectionCount name="maxConnectionCount">Single</ConnectionCount>
				<NodeSide name="side">Left</NodeSide>
				<float name="sidePosition">38</float>
				<float name="sideOffset">0</float>
			</Port>
			<Port ID="-1894263808" name="Output 0" dynamic="True" type="NodeEditorFramework.ValueConnectionKnob, 0_TerrainGraph, Version=1.0.0.0, Culture=neutral, PublicKeyToken=null">
				<string name="styleID">GridFunc</string>
				<Direction name="direction">Out</Direction>
				<ConnectionCount name="maxConnectionCount">Multi</ConnectionCount>
				<NodeSide name="side">Right</NodeSide>
				<float name="sidePosition">38</float>
				<float name="sideOffset">0</float>
			</Port>
			<Variable name="MapSides" refID="-999390848" />
			<int name="RandSeed">885741893</int>
		</Node>
		<Node name="Terrain Output" ID="-466004480" type="outputTerrain" pos="2607,-22.80001">
			<Port ID="1841040384" name="BaseKnob" dynamic="False" />
			<Port ID="-1881847808" name="StoneKnob" dynamic="False" />
			<int name="RandSeed">842846725</int>
		</Node>
		<Node name="Random Value" ID="1844536960" type="valueRandom" pos="-419,-456">
			<Port ID="-165610496" name="AverageKnob" dynamic="False" />
			<Port ID="406468608" name="DeviationKnob" dynamic="False" />
			<Port ID="978547712" name="OutputKnob" dynamic="False" />
			<double name="Average">2.25</double>
			<double name="Deviation">0.25</double>
			<int name="RandSeed">1405093920</int>
		</Node>
		<Node name="Random Value" ID="89810944" type="valueRandom" pos="-419,-344">
			<Port ID="-1028103168" name="AverageKnob" dynamic="False" />
			<Port ID="-456024064" name="DeviationKnob" dynamic="False" />
			<Port ID="116055040" name="OutputKnob" dynamic="False" />
			<double name="Average">-30</double>
			<double name="Deviation">5</double>
			<int name="RandSeed">1904720046</int>
		</Node>
		<Node name="Random Value" ID="-1664915072" type="valueRandom" pos="-419,-231">
			<Port ID="-1890595840" name="AverageKnob" dynamic="False" />
			<Port ID="-1318516736" name="DeviationKnob" dynamic="False" />
			<Port ID="-746437632" name="OutputKnob" dynamic="False" />
			<double name="Average">-30</double>
			<double name="Deviation">5</double>
			<int name="RandSeed">425795340</int>
		</Node>
		<Node name="Random Value" ID="875326208" type="valueRandom" pos="-419,-115">
			<Port ID="-2049788928" name="AverageKnob" dynamic="False" />
			<Port ID="-1477709824" name="DeviationKnob" dynamic="False" />
			<Port ID="-905630720" name="OutputKnob" dynamic="False" />
			<double name="Average">1.25</double>
			<double name="Deviation">0.25</double>
			<int name="RandSeed">1437937312</int>
		</Node>
		<Node name="Map Sides" ID="-1755369472" type="gridRotateToMapSides" pos="176,175">
			<Port ID="394052608" name="Input 0" dynamic="True" type="NodeEditorFramework.ValueConnectionKnob, 0_TerrainGraph, Version=1.0.0.0, Culture=neutral, PublicKeyToken=null">
				<string name="styleID">GridFunc</string>
				<Direction name="direction">In</Direction>
				<ConnectionCount name="maxConnectionCount">Single</ConnectionCount>
				<NodeSide name="side">Left</NodeSide>
				<float name="sidePosition">38</float>
				<float name="sideOffset">0</float>
			</Port>
			<Port ID="-1899449344" name="Output 0" dynamic="True" type="NodeEditorFramework.ValueConnectionKnob, 0_TerrainGraph, Version=1.0.0.0, Culture=neutral, PublicKeyToken=null">
				<string name="styleID">GridFunc</string>
				<Direction name="direction">Out</Direction>
				<ConnectionCount name="maxConnectionCount">Multi</ConnectionCount>
				<NodeSide name="side">Right</NodeSide>
				<float name="sidePosition">38</float>
				<float name="sideOffset">0</float>
			</Port>
			<Variable name="MapSides" refID="-359082368" />
			<int name="RandSeed">995870669</int>
		</Node>
		<Node name="Elevation Output" ID="1250232832" type="outputElevation" pos="1384,204">
			<Port ID="1382685696" name="InputKnob" dynamic="False" />
			<Port ID="1954764800" name="OutputKnob" dynamic="False" />
			<int name="RandSeed">1888083133</int>
		</Node>
		<Node name="Preview" ID="-879399808" type="gridPreview" pos="1160,143">
			<Port ID="-623965184" name="InputKnob" dynamic="False" />
			<Port ID="-51886080" name="OutputKnob" dynamic="False" />
			<string name="PreviewModelId">Elevation</string>
			<int name="RandSeed">225595318</int>
		</Node>
		<Node name="Preview" ID="1660841472" type="gridPreview" pos="428,-580">
			<Port ID="1664351232" name="InputKnob" dynamic="False" />
			<Port ID="-2058536960" name="OutputKnob" dynamic="False" />
			<string name="PreviewModelId">Default</string>
			<int name="RandSeed">1690540907</int>
		</Node>
		<Node name="Linear Function" ID="684611200" type="gridLinear" pos="-85.8,-686.6">
			<Port ID="-342299648" name="OutputKnob" dynamic="False" />
			<Port ID="388867072" name="Bias" dynamic="True" type="NodeEditorFramework.ValueConnectionKnob, 0_TerrainGraph, Version=1.0.0.0, Culture=neutral, PublicKeyToken=null">
				<string name="styleID">ValueFunc</string>
				<Direction name="direction">In</Direction>
				<ConnectionCount name="maxConnectionCount">Single</ConnectionCount>
				<NodeSide name="side">Left</NodeSide>
				<float name="sidePosition">38</float>
				<float name="sideOffset">0</float>
			</Port>
			<Port ID="-1617783808" name="Origin x" dynamic="True" type="NodeEditorFramework.ValueConnectionKnob, 0_TerrainGraph, Version=1.0.0.0, Culture=neutral, PublicKeyToken=null">
				<string name="styleID">ValueFunc</string>
				<Direction name="direction">In</Direction>
				<ConnectionCount name="maxConnectionCount">Single</ConnectionCount>
				<NodeSide name="side">Left</NodeSide>
				<float name="sidePosition">66</float>
				<float name="sideOffset">0</float>
			</Port>
			<Port ID="670532608" name="Span px" dynamic="True" type="NodeEditorFramework.ValueConnectionKnob, 0_TerrainGraph, Version=1.0.0.0, Culture=neutral, PublicKeyToken=null">
				<string name="styleID">ValueFunc</string>
				<Direction name="direction">In</Direction>
				<ConnectionCount name="maxConnectionCount">Single</ConnectionCount>
				<NodeSide name="side">Left</NodeSide>
				<float name="sidePosition">122</float>
				<float name="sideOffset">0</float>
			</Port>
			<Port ID="-1336118272" name="Origin z" dynamic="True" type="NodeEditorFramework.ValueConnectionKnob, 0_TerrainGraph, Version=1.0.0.0, Culture=neutral, PublicKeyToken=null">
				<string name="styleID">ValueFunc</string>
				<Direction name="direction">In</Direction>
				<ConnectionCount name="maxConnectionCount">Single</ConnectionCount>
				<NodeSide name="side">Left</NodeSide>
				<float name="sidePosition">94</float>
				<float name="sideOffset">0</float>
			</Port>
			<Port ID="952198144" name="Span pz" dynamic="True" type="NodeEditorFramework.ValueConnectionKnob, 0_TerrainGraph, Version=1.0.0.0, Culture=neutral, PublicKeyToken=null">
				<string name="styleID">ValueFunc</string>
				<Direction name="direction">In</Direction>
				<ConnectionCount name="maxConnectionCount">Single</ConnectionCount>
				<NodeSide name="side">Left</NodeSide>
				<float name="sidePosition">178</float>
				<float name="sideOffset">0</float>
			</Port>
			<Port ID="-1054452736" name="Span nx" dynamic="True" type="NodeEditorFramework.ValueConnectionKnob, 0_TerrainGraph, Version=1.0.0.0, Culture=neutral, PublicKeyToken=null">
				<string name="styleID">ValueFunc</string>
				<Direction name="direction">In</Direction>
				<ConnectionCount name="maxConnectionCount">Single</ConnectionCount>
				<NodeSide name="side">Left</NodeSide>
				<float name="sidePosition">150</float>
				<float name="sideOffset">0</float>
			</Port>
			<Port ID="1233863680" name="Span nz" dynamic="True" type="NodeEditorFramework.ValueConnectionKnob, 0_TerrainGraph, Version=1.0.0.0, Culture=neutral, PublicKeyToken=null">
				<string name="styleID">ValueFunc</string>
				<Direction name="direction">In</Direction>
				<ConnectionCount name="maxConnectionCount">Single</ConnectionCount>
				<NodeSide name="side">Left</NodeSide>
				<float name="sidePosition">206</float>
				<float name="sideOffset">0</float>
			</Port>
			<double name="Bias">0</double>
			<double name="ClampMin">-1.7976931348623157E+308</double>
			<double name="ClampMax">1.7976931348623157E+308</double>
			<double name="OriginX">0.5</double>
			<double name="OriginZ">0.5</double>
			<double name="SpanPx">-10</double>
			<double name="SpanNx">0</double>
			<double name="SpanPz">-10</double>
			<double name="SpanNz">-10</double>
			<boolean name="Circular">true</boolean>
			<int name="RandSeed">1502089532</int>
		</Node>
	</Nodes>
	<Connections>
		<Connection port1ID="-92169216" port2ID="-450944000" />
		<Connection port1ID="811702272" port2ID="978547712" />
		<Connection port1ID="759003136" port2ID="116055040" />
		<Connection port1ID="1040668672" port2ID="-746437632" />
		<Connection port1ID="1051988992" port2ID="1837372416" />
		<Connection port1ID="1624068096" port2ID="-1751103488" />
		<Connection port1ID="-954661888" port2ID="-169278464" />
		<Connection port1ID="-684316672" port2ID="-905630720" />
		<Connection port1ID="189496320" port2ID="2119037952" />
		<Connection port1ID="761575424" port2ID="537212928" />
		<Connection port1ID="-1817154560" port2ID="-672996352" />
		<Connection port1ID="255547392" port2ID="-2058536960" />
		<Connection port1ID="-100917248" port2ID="-2026433536" />
		<Connection port1ID="1615320064" port2ID="112387072" />
		<Connection port1ID="-1535489024" port2ID="-1894263808" />
		<Connection port1ID="-963409920" port2ID="1115627520" />
		<Connection port1ID="724854784" port2ID="434441216" />
		<Connection port1ID="1006520320" port2ID="261882880" />
		<Connection port1ID="-1572209664" port2ID="-1290544128" />
		<Connection port1ID="-1000130560" port2ID="-1172688896" />
		<Connection port1ID="716106752" port2ID="-146385920" />
		<Connection port1ID="1288185856" port2ID="-868910080" />
		<Connection port1ID="997772288" port2ID="394052608" />
		<Connection port1ID="283996160" port2ID="1100860416" />
		<Connection port1ID="-6417408" port2ID="-711710720" />
		<Connection port1ID="159529984" port2ID="-1899449344" />
		<Connection port1ID="1137740800" port2ID="-1591434240" />
		<Connection port1ID="1709819904" port2ID="-623965184" />
		<Connection port1ID="-296830976" port2ID="556913664" />
		<Connection port1ID="-1275041792" port2ID="1419406336" />
		<Connection port1ID="1013274624" port2ID="1991485440" />
		<Connection port1ID="-993376256" port2ID="-1731402752" />
		<Connection port1ID="1128992768" port2ID="1841040384" />
		<Connection port1ID="-877658112" port2ID="-447276032" />
		<Connection port1ID="1576605696" port2ID="124803072" />
		<Connection port1ID="142033920" port2ID="-342299648" />
		<Connection port1ID="1555706880" port2ID="1664351232" />
		<Connection port1ID="1382685696" port2ID="-51886080" />
	</Connections>
	<Objects>
		<Object refID="-1095671936" type="System.Collections.Generic.List`1[[System.Double, mscorlib, Version=4.0.0.0, Culture=neutral, PublicKeyToken=b77a5c561934e089]]">
			<ArrayOfDouble xmlns:xsd="http://www.w3.org/2001/XMLSchema" xmlns:xsi="http://www.w3.org/2001/XMLSchema-instance">
				<double>0</double>
				<double>0</double>
				<double>0</double>
			</ArrayOfDouble>
		</Object>
		<Object refID="-562081536" type="System.Collections.Generic.List`1[[System.Double, mscorlib, Version=4.0.0.0, Culture=neutral, PublicKeyToken=b77a5c561934e089]]">
			<ArrayOfDouble xmlns:xsd="http://www.w3.org/2001/XMLSchema" xmlns:xsi="http://www.w3.org/2001/XMLSchema-instance">
				<double>0</double>
				<double>0</double>
			</ArrayOfDouble>
		</Object>
		<Object refID="-28491136" type="System.Collections.Generic.List`1[[System.Double, mscorlib, Version=4.0.0.0, Culture=neutral, PublicKeyToken=b77a5c561934e089]]">
			<ArrayOfDouble xmlns:xsd="http://www.w3.org/2001/XMLSchema" xmlns:xsi="http://www.w3.org/2001/XMLSchema-instance">
				<double>0</double>
				<double>0</double>
			</ArrayOfDouble>
		</Object>
		<Object refID="954719104" type="System.Collections.Generic.List`1[[System.Double, mscorlib, Version=4.0.0.0, Culture=neutral, PublicKeyToken=b77a5c561934e089]]">
			<ArrayOfDouble xmlns:xsd="http://www.w3.org/2001/XMLSchema" xmlns:xsi="http://www.w3.org/2001/XMLSchema-instance">
				<double>0</double>
				<double>0</double>
			</ArrayOfDouble>
		</Object>
		<Object refID="1488309504" type="System.Collections.Generic.List`1[[System.String, mscorlib, Version=4.0.0.0, Culture=neutral, PublicKeyToken=b77a5c561934e089]]">
			<ArrayOfString xmlns:xsd="http://www.w3.org/2001/XMLSchema" xmlns:xsi="http://www.w3.org/2001/XMLSchema-instance">
				<string>WaterOceanDeep</string>
				<string>WaterOceanShallow</string>
				<string>Sand</string>
				<string />
			</ArrayOfString>
		</Object>
		<Object refID="2021899904" type="System.Collections.Generic.List`1[[System.Double, mscorlib, Version=4.0.0.0, Culture=neutral, PublicKeyToken=b77a5c561934e089]]">
			<ArrayOfDouble xmlns:xsd="http://www.w3.org/2001/XMLSchema" xmlns:xsi="http://www.w3.org/2001/XMLSchema-instance">
				<double>0.10000000149011612</double>
				<double>0.60000002384185791</double>
				<double>1</double>
			</ArrayOfDouble>
		</Object>
		<Object refID="-1739476992" type="System.Collections.Generic.List`1[[System.Double, mscorlib, Version=4.0.0.0, Culture=neutral, PublicKeyToken=b77a5c561934e089]]">
			<ArrayOfDouble xmlns:xsd="http://www.w3.org/2001/XMLSchema" xmlns:xsi="http://www.w3.org/2001/XMLSchema-instance">
				<double>0</double>
				<double>1.1000000238418579</double>
			</ArrayOfDouble>
		</Object>
		<Object refID="-1099168512" type="System.Collections.Generic.List`1[[TerrainGraph.NodeGridRotateToMapSides+MapSide, 1_GeologicalLandforms, Version=1.0.0.0, Culture=neutral, PublicKeyToken=null]]">
			<ArrayOfMapSide xmlns:xsd="http://www.w3.org/2001/XMLSchema" xmlns:xsi="http://www.w3.org/2001/XMLSchema-instance">
				<MapSide>Back</MapSide>
				<MapSide>Front</MapSide>
				<MapSide>Back</MapSide>
			</ArrayOfMapSide>
		</Object>
		<Object refID="-999390848" type="System.Collections.Generic.List`1[[TerrainGraph.NodeGridRotateToMapSides+MapSide, 1_GeologicalLandforms, Version=1.0.0.0, Culture=neutral, PublicKeyToken=null]]">
			<ArrayOfMapSide xmlns:xsd="http://www.w3.org/2001/XMLSchema" xmlns:xsi="http://www.w3.org/2001/XMLSchema-instance">
				<MapSide>Back</MapSide>
			</ArrayOfMapSide>
		</Object>
		<Object refID="-359082368" type="System.Collections.Generic.List`1[[TerrainGraph.NodeGridRotateToMapSides+MapSide, 1_GeologicalLandforms, Version=1.0.0.0, Culture=neutral, PublicKeyToken=null]]">
			<ArrayOfMapSide xmlns:xsd="http://www.w3.org/2001/XMLSchema" xmlns:xsi="http://www.w3.org/2001/XMLSchema-instance">
				<MapSide>Front</MapSide>
			</ArrayOfMapSide>
		</Object>
	</Objects>
</NodeCanvas>