﻿<?xml version="1.0" encoding="utf-8"?>
<NodeCanvas type="GeologicalLandforms.GraphEditor.Landform">
	<EditorStates>
		<EditorState selected="" pan="0,0" zoom="1" />
	</EditorStates>
	<Groups />
	<Nodes>
		<Node name="Custom Landform" ID="-110690688" type="landformManifest" pos="-950,-517">
			<string name="Id">DesertPlateau</string>
			<boolean name="IsCustom">false</boolean>
			<int name="RevisionVersion">1</int>
			<boolean name="IsEdited">false</boolean>
			<string name="DisplayName" />
			<boolean name="DisplayNameHasDirection">false</boolean>
			<int name="RandSeed">1333644392</int>
		</Node>
		<Node name="World Tile Requirements" ID="-1601247232" type="worldTileReq" pos="-950,-517">
			<Topology name="Topology">Inland</Topology>
			<float name="Commonness">0.03351957</float>
			<float name="CaveChance">0</float>
			<FloatRange xmlns:xsd="http://www.w3.org/2001/XMLSchema" xmlns:xsi="http://www.w3.org/2001/XMLSchema-instance" name="HillinessRequirement">
				<min>1</min>
				<max>2.50282478</max>
			</FloatRange>
			<FloatRange xmlns:xsd="http://www.w3.org/2001/XMLSchema" xmlns:xsi="http://www.w3.org/2001/XMLSchema-instance" name="RoadRequirement">
				<min>0</min>
				<max>1</max>
			</FloatRange>
			<FloatRange xmlns:xsd="http://www.w3.org/2001/XMLSchema" xmlns:xsi="http://www.w3.org/2001/XMLSchema-instance" name="RiverRequirement">
				<min>0</min>
				<max>0</max>
			</FloatRange>
			<FloatRange xmlns:xsd="http://www.w3.org/2001/XMLSchema" xmlns:xsi="http://www.w3.org/2001/XMLSchema-instance" name="ElevationRequirement">
				<min>0</min>
				<max>5000</max>
			</FloatRange>
			<FloatRange xmlns:xsd="http://www.w3.org/2001/XMLSchema" xmlns:xsi="http://www.w3.org/2001/XMLSchema-instance" name="AvgTemperatureRequirement">
				<min>2.259887</min>
				<max>100</max>
			</FloatRange>
			<FloatRange xmlns:xsd="http://www.w3.org/2001/XMLSchema" xmlns:xsi="http://www.w3.org/2001/XMLSchema-instance" name="RainfallRequirement">
				<min>0</min>
				<max>508.474579</max>
			</FloatRange>
			<FloatRange xmlns:xsd="http://www.w3.org/2001/XMLSchema" xmlns:xsi="http://www.w3.org/2001/XMLSchema-instance" name="SwampinessRequirement">
				<min>0</min>
				<max>1</max>
			</FloatRange>
			<FloatRange xmlns:xsd="http://www.w3.org/2001/XMLSchema" xmlns:xsi="http://www.w3.org/2001/XMLSchema-instance" name="MapSizeRequirement">
				<min>50</min>
				<max>1000</max>
			</FloatRange>
			<boolean name="AllowSettlements">true</boolean>
			<boolean name="AllowSites">true</boolean>
			<int name="RandSeed">351232153</int>
		</Node>
		<Node name="Preview" ID="-1865416704" type="gridPreview" pos="150.4002,-114.4">
			<Port ID="-1664803840" name="InputKnob" dynamic="False" />
			<Port ID="-520645632" name="OutputKnob" dynamic="False" />
			<string name="PreviewModelId">Default</string>
			<int name="RandSeed">122585397</int>
		</Node>
		<Node name="Preview" ID="-336435968" type="terrainGridPreview" pos="1801.8,-180.4">
			<Port ID="-1673551872" name="InputKnob" dynamic="False" />
			<Port ID="-1963965440" name="OutputKnob" dynamic="False" />
			<int name="RandSeed">1223390690</int>
		</Node>
		<Node name="Add" ID="-812077184" type="gridOperator" pos="346.4002,-201.4">
			<Port ID="821260288" name="OutputKnob" dynamic="False" />
			<Port ID="-1206279168" name="Input 0" dynamic="True" type="NodeEditorFramework.ValueConnectionKnob, 0_TerrainGraph, Version=1.0.0.0, Culture=neutral, PublicKeyToken=null">
				<string name="styleID">GridFunc</string>
				<Direction name="direction">In</Direction>
				<ConnectionCount name="maxConnectionCount">Single</ConnectionCount>
				<NodeSide name="side">Left</NodeSide>
				<float name="sidePosition">38</float>
				<float name="sideOffset">0</float>
			</Port>
			<Port ID="1935781888" name="Input 1" dynamic="True" type="NodeEditorFramework.ValueConnectionKnob, 0_TerrainGraph, Version=1.0.0.0, Culture=neutral, PublicKeyToken=null">
				<string name="styleID">GridFunc</string>
				<Direction name="direction">In</Direction>
				<ConnectionCount name="maxConnectionCount">Single</ConnectionCount>
				<NodeSide name="side">Left</NodeSide>
				<float name="sidePosition">66</float>
				<float name="sideOffset">0</float>
			</Port>
			<Variable name="Values" refID="-818289664" />
			<Operation name="OperationType">Add</Operation>
			<double name="ApplyChance">1</double>
			<double name="Smoothness">0</double>
			<int name="RandSeed">1042729726</int>
		</Node>
		<Node name="Perlin Noise" ID="1862795776" type="gridPerlin" pos="-133.6001,-401.4">
			<Port ID="1102925824" name="FrequencyKnob" dynamic="False" />
			<Port ID="1675004928" name="LacunarityKnob" dynamic="False" />
			<Port ID="1956670464" name="PersistenceKnob" dynamic="False" />
			<Port ID="-1194138624" name="ScaleKnob" dynamic="False" />
			<Port ID="-622059520" name="BiasKnob" dynamic="False" />
			<Port ID="-2056631296" name="OutputKnob" dynamic="False" />
			<double name="Frequency">0.02500000037252903</double>
			<double name="Lacunarity">2</double>
			<double name="Persistence">0.5</double>
			<double name="Scale">0.5</double>
			<double name="Bias">0.5</double>
			<int name="Octaves">3</int>
			<int name="RandSeed">58629024</int>
		</Node>
		<Node name="Preview" ID="-2091161984" type="gridPreview" pos="150.4002,-293.4">
			<Port ID="1692500992" name="InputKnob" dynamic="False" />
			<Port ID="-314149888" name="OutputKnob" dynamic="False" />
			<string name="PreviewModelId">Default</string>
			<int name="RandSeed">1681325360</int>
		</Node>
		<Node name="Linear Function" ID="-817538176" type="gridLinear" pos="-132,-181">
			<Port ID="-1176642560" name="OutputKnob" dynamic="False" />
			<Port ID="-200255488" name="Bias" dynamic="True" type="NodeEditorFramework.ValueConnectionKnob, 0_TerrainGraph, Version=1.0.0.0, Culture=neutral, PublicKeyToken=null">
				<string name="styleID">ValueFunc</string>
				<Direction name="direction">In</Direction>
				<ConnectionCount name="maxConnectionCount">Single</ConnectionCount>
				<NodeSide name="side">Left</NodeSide>
				<float name="sidePosition">38</float>
				<float name="sideOffset">0</float>
			</Port>
			<Port ID="363075584" name="Origin x" dynamic="True" type="NodeEditorFramework.ValueConnectionKnob, 0_TerrainGraph, Version=1.0.0.0, Culture=neutral, PublicKeyToken=null">
				<string name="styleID">ValueFunc</string>
				<Direction name="direction">In</Direction>
				<ConnectionCount name="maxConnectionCount">Single</ConnectionCount>
				<NodeSide name="side">Left</NodeSide>
				<float name="sidePosition">122</float>
				<float name="sideOffset">0</float>
			</Port>
			<Port ID="-1734512640" name="Span px" dynamic="True" type="NodeEditorFramework.ValueConnectionKnob, 0_TerrainGraph, Version=1.0.0.0, Culture=neutral, PublicKeyToken=null">
				<string name="styleID">ValueFunc</string>
				<Direction name="direction">In</Direction>
				<ConnectionCount name="maxConnectionCount">Single</ConnectionCount>
				<NodeSide name="side">Left</NodeSide>
				<float name="sidePosition">178</float>
				<float name="sideOffset">0</float>
			</Port>
			<Port ID="835469312" name="Span nx" dynamic="True" type="NodeEditorFramework.ValueConnectionKnob, 0_TerrainGraph, Version=1.0.0.0, Culture=neutral, PublicKeyToken=null">
				<string name="styleID">ValueFunc</string>
				<Direction name="direction">In</Direction>
				<ConnectionCount name="maxConnectionCount">Single</ConnectionCount>
				<NodeSide name="side">Left</NodeSide>
				<float name="sidePosition">206</float>
				<float name="sideOffset">0</float>
			</Port>
			<Port ID="1117134848" name="Origin z" dynamic="True" type="NodeEditorFramework.ValueConnectionKnob, 0_TerrainGraph, Version=1.0.0.0, Culture=neutral, PublicKeyToken=null">
				<string name="styleID">ValueFunc</string>
				<Direction name="direction">In</Direction>
				<ConnectionCount name="maxConnectionCount">Single</ConnectionCount>
				<NodeSide name="side">Left</NodeSide>
				<float name="sidePosition">150</float>
				<float name="sideOffset">0</float>
			</Port>
			<Port ID="254642176" name="Span pz" dynamic="True" type="NodeEditorFramework.ValueConnectionKnob, 0_TerrainGraph, Version=1.0.0.0, Culture=neutral, PublicKeyToken=null">
				<string name="styleID">ValueFunc</string>
				<Direction name="direction">In</Direction>
				<ConnectionCount name="maxConnectionCount">Single</ConnectionCount>
				<NodeSide name="side">Left</NodeSide>
				<float name="sidePosition">234</float>
				<float name="sideOffset">0</float>
			</Port>
			<Port ID="879209472" name="Span nz" dynamic="True" type="NodeEditorFramework.ValueConnectionKnob, 0_TerrainGraph, Version=1.0.0.0, Culture=neutral, PublicKeyToken=null">
				<string name="styleID">ValueFunc</string>
				<Direction name="direction">In</Direction>
				<ConnectionCount name="maxConnectionCount">Single</ConnectionCount>
				<NodeSide name="side">Left</NodeSide>
				<float name="sidePosition">262</float>
				<float name="sideOffset">0</float>
			</Port>
			<Port ID="-555362304" name="Clamp min" dynamic="True" type="NodeEditorFramework.ValueConnectionKnob, 0_TerrainGraph, Version=1.0.0.0, Culture=neutral, PublicKeyToken=null">
				<string name="styleID">ValueFunc</string>
				<Direction name="direction">In</Direction>
				<ConnectionCount name="maxConnectionCount">Single</ConnectionCount>
				<NodeSide name="side">Left</NodeSide>
				<float name="sidePosition">66</float>
				<float name="sideOffset">0</float>
			</Port>
			<Port ID="-1417854976" name="Clamp max" dynamic="True" type="NodeEditorFramework.ValueConnectionKnob, 0_TerrainGraph, Version=1.0.0.0, Culture=neutral, PublicKeyToken=null">
				<string name="styleID">ValueFunc</string>
				<Direction name="direction">In</Direction>
				<ConnectionCount name="maxConnectionCount">Single</ConnectionCount>
				<NodeSide name="side">Left</NodeSide>
				<float name="sidePosition">94</float>
				<float name="sideOffset">0</float>
			</Port>
			<double name="Bias">-1</double>
			<double name="ClampMin">0.10000000149011612</double>
			<double name="ClampMax">2</double>
			<double name="OriginX">0.5</double>
			<double name="OriginZ">0.5</double>
			<double name="SpanPx">53.884343383833766</double>
			<double name="SpanNx">57.109331786632538</double>
			<double name="SpanPz">62.91308875195682</double>
			<double name="SpanNz">46.742646093480289</double>
			<boolean name="Circular">true</boolean>
			<int name="RandSeed">1290554408</int>
		</Node>
		<Node name="Preview" ID="449079296" type="gridPreview" pos="1041.6,-241.8">
			<Port ID="-2039135232" name="InputKnob" dynamic="False" />
			<Port ID="1724036096" name="OutputKnob" dynamic="False" />
			<string name="PreviewModelId">Default</string>
			<int name="RandSeed">1085710265</int>
		</Node>
		<Node name="Random Value" ID="-1305646720" type="valueRandom" pos="-430,-30">
			<Port ID="-1717186560" name="AverageKnob" dynamic="False" />
			<Port ID="1143208960" name="DeviationKnob" dynamic="False" />
			<Port ID="1715288064" name="OutputKnob" dynamic="False" />
			<double name="Average">50</double>
			<double name="Deviation">15</double>
			<int name="RandSeed">1016909954</int>
		</Node>
		<Node name="Rotate" ID="1234594560" type="gridRotate" pos="635.3999,-158.4">
			<Port ID="852795392" name="InputKnob" dynamic="False" />
			<Port ID="1996953600" name="AngleKnob" dynamic="False" />
			<Port ID="-1153855488" name="OutputKnob" dynamic="False" />
			<double name="Angle">10.532588437199593</double>
			<int name="RandSeed">1162899842</int>
		</Node>
		<Node name="Random Value" ID="-520131456" type="valueRandom" pos="346.3999,-81.4">
			<Port ID="1512354816" name="AverageKnob" dynamic="False" />
			<Port ID="2084433920" name="DeviationKnob" dynamic="False" />
			<Port ID="-1066375168" name="OutputKnob" dynamic="False" />
			<double name="Average">0</double>
			<double name="Deviation">30</double>
			<int name="RandSeed">195754971</int>
		</Node>
		<Node name="Linear Function" ID="-2000185088" type="gridLinear" pos="599.1999,382.6004">
			<Port ID="-1928867840" name="OutputKnob" dynamic="False" />
			<Port ID="1442540544" name="Bias" dynamic="True" type="NodeEditorFramework.ValueConnectionKnob, 0_TerrainGraph, Version=1.0.0.0, Culture=neutral, PublicKeyToken=null">
				<string name="styleID">ValueFunc</string>
				<Direction name="direction">In</Direction>
				<ConnectionCount name="maxConnectionCount">Single</ConnectionCount>
				<NodeSide name="side">Left</NodeSide>
				<float name="sidePosition">38</float>
				<float name="sideOffset">0</float>
			</Port>
			<Port ID="7968768" name="Origin x" dynamic="True" type="NodeEditorFramework.ValueConnectionKnob, 0_TerrainGraph, Version=1.0.0.0, Culture=neutral, PublicKeyToken=null">
				<string name="styleID">ValueFunc</string>
				<Direction name="direction">In</Direction>
				<ConnectionCount name="maxConnectionCount">Single</ConnectionCount>
				<NodeSide name="side">Left</NodeSide>
				<float name="sidePosition">122</float>
				<float name="sideOffset">0</float>
			</Port>
			<Port ID="-252532736" name="Span px" dynamic="True" type="NodeEditorFramework.ValueConnectionKnob, 0_TerrainGraph, Version=1.0.0.0, Culture=neutral, PublicKeyToken=null">
				<string name="styleID">ValueFunc</string>
				<Direction name="direction">In</Direction>
				<ConnectionCount name="maxConnectionCount">Single</ConnectionCount>
				<NodeSide name="side">Left</NodeSide>
				<float name="sidePosition">178</float>
				<float name="sideOffset">0</float>
			</Port>
			<Port ID="-1793809408" name="Origin z" dynamic="True" type="NodeEditorFramework.ValueConnectionKnob, 0_TerrainGraph, Version=1.0.0.0, Culture=neutral, PublicKeyToken=null">
				<string name="styleID">ValueFunc</string>
				<Direction name="direction">In</Direction>
				<ConnectionCount name="maxConnectionCount">Single</ConnectionCount>
				<NodeSide name="side">Left</NodeSide>
				<float name="sidePosition">150</float>
				<float name="sideOffset">0</float>
			</Port>
			<Port ID="-1512143872" name="Span pz" dynamic="True" type="NodeEditorFramework.ValueConnectionKnob, 0_TerrainGraph, Version=1.0.0.0, Culture=neutral, PublicKeyToken=null">
				<string name="styleID">ValueFunc</string>
				<Direction name="direction">In</Direction>
				<ConnectionCount name="maxConnectionCount">Single</ConnectionCount>
				<NodeSide name="side">Left</NodeSide>
				<float name="sidePosition">206</float>
				<float name="sideOffset">0</float>
			</Port>
			<Port ID="-2092971008" name="Clamp min" dynamic="True" type="NodeEditorFramework.ValueConnectionKnob, 0_TerrainGraph, Version=1.0.0.0, Culture=neutral, PublicKeyToken=null">
				<string name="styleID">ValueFunc</string>
				<Direction name="direction">In</Direction>
				<ConnectionCount name="maxConnectionCount">Single</ConnectionCount>
				<NodeSide name="side">Left</NodeSide>
				<float name="sidePosition">66</float>
				<float name="sideOffset">0</float>
			</Port>
			<Port ID="-943416320" name="Clamp max" dynamic="True" type="NodeEditorFramework.ValueConnectionKnob, 0_TerrainGraph, Version=1.0.0.0, Culture=neutral, PublicKeyToken=null">
				<string name="styleID">ValueFunc</string>
				<Direction name="direction">In</Direction>
				<ConnectionCount name="maxConnectionCount">Single</ConnectionCount>
				<NodeSide name="side">Left</NodeSide>
				<float name="sidePosition">94</float>
				<float name="sideOffset">0</float>
			</Port>
			<double name="Bias">0.20000000298023224</double>
			<double name="ClampMin">-1</double>
			<double name="ClampMax">-0.20000000298023224</double>
			<double name="OriginX">0.5</double>
			<double name="OriginZ">0.5</double>
			<double name="SpanPx">-50</double>
			<double name="SpanNx">0</double>
			<double name="SpanPz">-50</double>
			<double name="SpanNz">0</double>
			<boolean name="Circular">true</boolean>
			<int name="RandSeed">1815204492</int>
		</Node>
		<Node name="Preview" ID="2020109824" type="gridPreview" pos="878.2,422.0003">
			<Port ID="-212630528" name="InputKnob" dynamic="False" />
			<Port ID="359448576" name="OutputKnob" dynamic="False" />
			<string name="PreviewModelId">Default</string>
			<int name="RandSeed">1253220133</int>
		</Node>
		<Node name="Perlin Noise" ID="-1753374336" type="gridPerlin" pos="599.3998,633.8002">
			<Port ID="-1647202304" name="FrequencyKnob" dynamic="False" />
			<Port ID="-503044096" name="LacunarityKnob" dynamic="False" />
			<Port ID="69035008" name="PersistenceKnob" dynamic="False" />
			<Port ID="641114112" name="ScaleKnob" dynamic="False" />
			<Port ID="1785272320" name="BiasKnob" dynamic="False" />
			<Port ID="-1937615872" name="OutputKnob" dynamic="False" />
			<double name="Frequency">0.020999999716877937</double>
			<double name="Lacunarity">2</double>
			<double name="Persistence">0.5</double>
			<double name="Scale">0.5</double>
			<double name="Bias">0.5</double>
			<int name="Octaves">6</int>
			<int name="RandSeed">1274802394</int>
		</Node>
		<Node name="Preview" ID="265383808" type="gridPreview" pos="877.2,569.6">
			<Port ID="1878043648" name="InputKnob" dynamic="False" />
			<Port ID="-1272765440" name="OutputKnob" dynamic="False" />
			<string name="PreviewModelId">Default</string>
			<int name="RandSeed">258644295</int>
		</Node>
		<Node name="Add" ID="797442048" type="gridOperator" pos="1077.2,475.6004">
			<Port ID="1587630080" name="OutputKnob" dynamic="False" />
			<Port ID="-89671680" name="Input 0" dynamic="True" type="NodeEditorFramework.ValueConnectionKnob, 0_TerrainGraph, Version=1.0.0.0, Culture=neutral, PublicKeyToken=null">
				<string name="styleID">GridFunc</string>
				<Direction name="direction">In</Direction>
				<ConnectionCount name="maxConnectionCount">Single</ConnectionCount>
				<NodeSide name="side">Left</NodeSide>
				<float name="sidePosition">38</float>
				<float name="sideOffset">0</float>
			</Port>
			<Port ID="-1842629632" name="Input 1" dynamic="True" type="NodeEditorFramework.ValueConnectionKnob, 0_TerrainGraph, Version=1.0.0.0, Culture=neutral, PublicKeyToken=null">
				<string name="styleID">GridFunc</string>
				<Direction name="direction">In</Direction>
				<ConnectionCount name="maxConnectionCount">Single</ConnectionCount>
				<NodeSide name="side">Left</NodeSide>
				<float name="sidePosition">66</float>
				<float name="sideOffset">0</float>
			</Port>
			<Variable name="Values" refID="1772698112" />
			<Operation name="OperationType">Add</Operation>
			<double name="ApplyChance">1</double>
			<double name="Smoothness">0</double>
			<int name="RandSeed">21701284</int>
		</Node>
		<Node name="Preview" ID="-1489342208" type="gridPreview" pos="1381.001,514.6003">
			<Port ID="-1563179008" name="InputKnob" dynamic="False" />
			<Port ID="-991099904" name="OutputKnob" dynamic="False" />
			<string name="PreviewModelId">Default</string>
			<int name="RandSeed">1526912989</int>
		</Node>
		<Node name="Fertility Output" ID="-180661760" type="outputFertility" pos="1568.4,557.6002">
			<Port ID="725137408" name="InputKnob" dynamic="False" />
			<Port ID="1297216512" name="OutputKnob" dynamic="False" />
			<int name="RandSeed">1042686644</int>
		</Node>
		<Node name="Terrain Output" ID="-1470026752" type="outputTerrain" pos="1997.8,-129.4">
			<Port ID="434723840" name="BaseKnob" dynamic="False" />
			<Port ID="144310272" name="StoneKnob" dynamic="False" />
			<int name="RandSeed">1207926160</int>
		</Node>
		<Node name="Preview" ID="1050899072" type="terrainGridPreview" pos="1802.6,-33">
			<Port ID="-324520960" name="InputKnob" dynamic="False" />
			<Port ID="247558144" name="OutputKnob" dynamic="False" />
			<int name="RandSeed">1532085631</int>
		</Node>
		<Node name="Perlin Noise" ID="-1074577152" type="gridPerlin" pos="-133,126.2">
			<Port ID="-1187013632" name="FrequencyKnob" dynamic="False" />
			<Port ID="529223680" name="LacunarityKnob" dynamic="False" />
			<Port ID="1101302784" name="PersistenceKnob" dynamic="False" />
			<Port ID="-2049506304" name="ScaleKnob" dynamic="False" />
			<Port ID="-905348096" name="BiasKnob" dynamic="False" />
			<Port ID="810889216" name="OutputKnob" dynamic="False" />
			<double name="Frequency">0.020999999716877937</double>
			<double name="Lacunarity">2</double>
			<double name="Persistence">0.5</double>
			<double name="Scale">0.5</double>
			<double name="Bias">0.5</double>
			<int name="Octaves">6</int>
			<int name="RandSeed">673126278</int>
		</Node>
		<Node name="Add" ID="1197623424" type="gridOperator" pos="147,228">
			<Port ID="-2000475136" name="OutputKnob" dynamic="False" />
			<Port ID="-135140352" name="Input 0" dynamic="True" type="NodeEditorFramework.ValueConnectionKnob, 0_TerrainGraph, Version=1.0.0.0, Culture=neutral, PublicKeyToken=null">
				<string name="styleID">GridFunc</string>
				<Direction name="direction">In</Direction>
				<ConnectionCount name="maxConnectionCount">Single</ConnectionCount>
				<NodeSide name="side">Left</NodeSide>
				<float name="sidePosition">38</float>
				<float name="sideOffset">0</float>
			</Port>
			<Port ID="-796428288" name="Input 1" dynamic="True" type="NodeEditorFramework.ValueConnectionKnob, 0_TerrainGraph, Version=1.0.0.0, Culture=neutral, PublicKeyToken=null">
				<string name="styleID">GridFunc</string>
				<Direction name="direction">In</Direction>
				<ConnectionCount name="maxConnectionCount">Single</ConnectionCount>
				<NodeSide name="side">Left</NodeSide>
				<float name="sidePosition">66</float>
				<float name="sideOffset">0</float>
			</Port>
			<Variable name="Values" refID="474585088" />
			<Operation name="OperationType">Multiply</Operation>
			<double name="ApplyChance">1</double>
			<double name="Smoothness">0</double>
			<int name="RandSeed">697293830</int>
		</Node>
		<Node name="Grid" ID="1535575552" type="gridFromValue" pos="24.6,363.4">
			<Port ID="859920384" name="InputKnob" dynamic="False" />
			<Port ID="1431999488" name="OutputKnob" dynamic="False" />
			<int name="RandSeed">1049091880</int>
		</Node>
		<Node name="World Tile" ID="-703826944" type="valueWorldTile" pos="-132,363.4">
			<Port ID="569506816" name="ElevationOutputKnob" dynamic="False" />
			<Port ID="1713665024" name="HillinessOutputKnob" dynamic="False" />
			<Port ID="-1437144064" name="TemperatureOutputKnob" dynamic="False" />
			<Port ID="851172352" name="RainfallOutputKnob" dynamic="False" />
			<int name="RandSeed">1622286867</int>
		</Node>
		<Node name="Elevation Output" ID="246210560" type="outputElevation" pos="1223,61.00001">
			<Port ID="709475328" name="InputKnob" dynamic="False" />
			<Port ID="1853633536" name="OutputKnob" dynamic="False" />
			<int name="RandSeed">356250661</int>
		</Node>
		<Node name="Natural Rock" ID="400616448" type="terrainGridNaturalRock" pos="1324.6,143.8">
			<Port ID="1272806400" name="OutputKnob" dynamic="False" />
			<int name="RandSeed">2097876217</int>
		</Node>
		<Node name="Select" ID="1836414336" type="gridSelectTerrainGrid" pos="1515.8,17.39999">
			<Port ID="-1596337152" name="InputKnob" dynamic="False" />
			<Port ID="-1024258048" name="OutputKnob" dynamic="False" />
			<Port ID="48568320" name="Option 0" dynamic="True" type="NodeEditorFramework.ValueConnectionKnob, 0_TerrainGraph, Version=1.0.0.0, Culture=neutral, PublicKeyToken=null">
				<string name="styleID">TerrainGridFunc</string>
				<Direction name="direction">In</Direction>
				<ConnectionCount name="maxConnectionCount">Single</ConnectionCount>
				<NodeSide name="side">Left</NodeSide>
				<float name="sidePosition">66</float>
				<float name="sideOffset">0</float>
			</Port>
			<Port ID="-1396480000" name="Option 1" dynamic="True" type="NodeEditorFramework.ValueConnectionKnob, 0_TerrainGraph, Version=1.0.0.0, Culture=neutral, PublicKeyToken=null">
				<string name="styleID">TerrainGridFunc</string>
				<Direction name="direction">In</Direction>
				<ConnectionCount name="maxConnectionCount">Single</ConnectionCount>
				<NodeSide name="side">Left</NodeSide>
				<float name="sidePosition">94</float>
				<float name="sideOffset">0</float>
			</Port>
			<Variable name="Values" refID="170198400" />
			<Variable name="Thresholds" refID="2057886592" />
			<int name="RandSeed">1090300600</int>
		</Node>
		<Node name="Select" ID="81688320" type="gridSelectTerrainGrid" pos="1380.6,-277.8">
			<Port ID="691979264" name="InputKnob" dynamic="False" />
			<Port ID="-1326876672" name="OutputKnob" dynamic="False" />
			<Port ID="-1977307136" name="Option 0" dynamic="True" type="NodeEditorFramework.ValueConnectionKnob, 0_TerrainGraph, Version=1.0.0.0, Culture=neutral, PublicKeyToken=null">
				<string name="styleID">TerrainGridFunc</string>
				<Direction name="direction">In</Direction>
				<ConnectionCount name="maxConnectionCount">Single</ConnectionCount>
				<NodeSide name="side">Left</NodeSide>
				<float name="sidePosition">66</float>
				<float name="sideOffset">0</float>
			</Port>
			<Port ID="-551483392" name="Option 1" dynamic="True" type="NodeEditorFramework.ValueConnectionKnob, 0_TerrainGraph, Version=1.0.0.0, Culture=neutral, PublicKeyToken=null">
				<string name="styleID">TerrainGridFunc</string>
				<Direction name="direction">In</Direction>
				<ConnectionCount name="maxConnectionCount">Single</ConnectionCount>
				<NodeSide name="side">Left</NodeSide>
				<float name="sidePosition">94</float>
				<float name="sideOffset">0</float>
			</Port>
			<Port ID="-2014027776" name="Option 2" dynamic="True" type="NodeEditorFramework.ValueConnectionKnob, 0_TerrainGraph, Version=1.0.0.0, Culture=neutral, PublicKeyToken=null">
				<string name="styleID">TerrainGridFunc</string>
				<Direction name="direction">In</Direction>
				<ConnectionCount name="maxConnectionCount">Single</ConnectionCount>
				<NodeSide name="side">Left</NodeSide>
				<float name="sidePosition">122</float>
				<float name="sideOffset">0</float>
			</Port>
			<Port ID="-16124928" name="Option 3" dynamic="True" type="NodeEditorFramework.ValueConnectionKnob, 0_TerrainGraph, Version=1.0.0.0, Culture=neutral, PublicKeyToken=null">
				<string name="styleID">TerrainGridFunc</string>
				<Direction name="direction">In</Direction>
				<ConnectionCount name="maxConnectionCount">Single</ConnectionCount>
				<NodeSide name="side">Left</NodeSide>
				<float name="sidePosition">150</float>
				<float name="sideOffset">0</float>
			</Port>
			<Variable name="Values" refID="2049138560" />
			<Variable name="Thresholds" refID="1847960192" />
			<int name="RandSeed">1735609270</int>
		</Node>
		<Node name="Natural Rock" ID="-423387520" type="terrainGridNaturalRock" pos="1179,-179.8">
			<Port ID="1533518848" name="OutputKnob" dynamic="False" />
			<int name="RandSeed">1421341744</int>
		</Node>
		<Node name="Preview" ID="-1673037696" type="gridPreview" pos="420.1998,175.2">
			<Port ID="671026176" name="InputKnob" dynamic="False" />
			<Port ID="1243105280" name="OutputKnob" dynamic="False" />
			<string name="PreviewModelId">Default</string>
			<int name="RandSeed">233105921</int>
		</Node>
		<Node name="Add" ID="121694592" type="gridOperator" pos="597.7999,210">
			<Port ID="-1335624704" name="OutputKnob" dynamic="False" />
			<Port ID="1409698816" name="Input 0" dynamic="True" type="NodeEditorFramework.ValueConnectionKnob, 0_TerrainGraph, Version=1.0.0.0, Culture=neutral, PublicKeyToken=null">
				<string name="styleID">GridFunc</string>
				<Direction name="direction">In</Direction>
				<ConnectionCount name="maxConnectionCount">Single</ConnectionCount>
				<NodeSide name="side">Left</NodeSide>
				<float name="sidePosition">38</float>
				<float name="sideOffset">0</float>
			</Port>
			<Port ID="1222533120" name="Input 1" dynamic="True" type="NodeEditorFramework.ValueConnectionKnob, 0_TerrainGraph, Version=1.0.0.0, Culture=neutral, PublicKeyToken=null">
				<string name="styleID">GridFunc</string>
				<Direction name="direction">In</Direction>
				<ConnectionCount name="maxConnectionCount">Single</ConnectionCount>
				<NodeSide name="side">Left</NodeSide>
				<float name="sidePosition">66</float>
				<float name="sideOffset">0</float>
			</Port>
			<Variable name="Values" refID="-419363584" />
			<Operation name="OperationType">Add</Operation>
			<double name="ApplyChance">1</double>
			<double name="Smoothness">0</double>
			<int name="RandSeed">357525614</int>
		</Node>
		<Node name="Preview" ID="867203584" type="gridPreview" pos="872.5999,163.2">
			<Port ID="-191466496" name="InputKnob" dynamic="False" />
			<Port ID="380612608" name="OutputKnob" dynamic="False" />
			<string name="PreviewModelId">Default</string>
			<int name="RandSeed">1905888341</int>
		</Node>
		<Node name="Preview" ID="-887522432" type="gridPreview" pos="1049,118.8">
			<Port ID="2096849920" name="InputKnob" dynamic="False" />
			<Port ID="-1626038272" name="OutputKnob" dynamic="False" />
			<string name="PreviewModelId">Elevation</string>
			<int name="RandSeed">1969450968</int>
		</Node>
		<Node name="Linear Function" ID="1112135296" type="gridLinear" pos="148.9999,365.6">
			<Port ID="662278144" name="OutputKnob" dynamic="False" />
			<Port ID="-1074531328" name="Bias" dynamic="True" type="NodeEditorFramework.ValueConnectionKnob, 0_TerrainGraph, Version=1.0.0.0, Culture=neutral, PublicKeyToken=null">
				<string name="styleID">ValueFunc</string>
				<Direction name="direction">In</Direction>
				<ConnectionCount name="maxConnectionCount">Single</ConnectionCount>
				<NodeSide name="side">Left</NodeSide>
				<float name="sidePosition">38</float>
				<float name="sideOffset">0</float>
			</Port>
			<Port ID="-220786688" name="Origin x" dynamic="True" type="NodeEditorFramework.ValueConnectionKnob, 0_TerrainGraph, Version=1.0.0.0, Culture=neutral, PublicKeyToken=null">
				<string name="styleID">ValueFunc</string>
				<Direction name="direction">In</Direction>
				<ConnectionCount name="maxConnectionCount">Single</ConnectionCount>
				<NodeSide name="side">Left</NodeSide>
				<float name="sidePosition">122</float>
				<float name="sideOffset">0</float>
			</Port>
			<Port ID="2067529728" name="Span px" dynamic="True" type="NodeEditorFramework.ValueConnectionKnob, 0_TerrainGraph, Version=1.0.0.0, Culture=neutral, PublicKeyToken=null">
				<string name="styleID">ValueFunc</string>
				<Direction name="direction">In</Direction>
				<ConnectionCount name="maxConnectionCount">Single</ConnectionCount>
				<NodeSide name="side">Left</NodeSide>
				<float name="sidePosition">178</float>
				<float name="sideOffset">0</float>
			</Port>
			<Port ID="1420995584" name="Origin z" dynamic="True" type="NodeEditorFramework.ValueConnectionKnob, 0_TerrainGraph, Version=1.0.0.0, Culture=neutral, PublicKeyToken=null">
				<string name="styleID">ValueFunc</string>
				<Direction name="direction">In</Direction>
				<ConnectionCount name="maxConnectionCount">Single</ConnectionCount>
				<NodeSide name="side">Left</NodeSide>
				<float name="sidePosition">150</float>
				<float name="sideOffset">0</float>
			</Port>
			<Port ID="558502912" name="Span pz" dynamic="True" type="NodeEditorFramework.ValueConnectionKnob, 0_TerrainGraph, Version=1.0.0.0, Culture=neutral, PublicKeyToken=null">
				<string name="styleID">ValueFunc</string>
				<Direction name="direction">In</Direction>
				<ConnectionCount name="maxConnectionCount">Single</ConnectionCount>
				<NodeSide name="side">Left</NodeSide>
				<float name="sidePosition">206</float>
				<float name="sideOffset">0</float>
			</Port>
			<Port ID="-876068864" name="Clamp min" dynamic="True" type="NodeEditorFramework.ValueConnectionKnob, 0_TerrainGraph, Version=1.0.0.0, Culture=neutral, PublicKeyToken=null">
				<string name="styleID">ValueFunc</string>
				<Direction name="direction">In</Direction>
				<ConnectionCount name="maxConnectionCount">Single</ConnectionCount>
				<NodeSide name="side">Left</NodeSide>
				<float name="sidePosition">66</float>
				<float name="sideOffset">0</float>
			</Port>
			<Port ID="1984326656" name="Clamp max" dynamic="True" type="NodeEditorFramework.ValueConnectionKnob, 0_TerrainGraph, Version=1.0.0.0, Culture=neutral, PublicKeyToken=null">
				<string name="styleID">ValueFunc</string>
				<Direction name="direction">In</Direction>
				<ConnectionCount name="maxConnectionCount">Single</ConnectionCount>
				<NodeSide name="side">Left</NodeSide>
				<float name="sidePosition">94</float>
				<float name="sideOffset">0</float>
			</Port>
			<double name="Bias">1.5</double>
			<double name="ClampMin">-0.5</double>
			<double name="ClampMax">0.10000000149011612</double>
			<double name="OriginX">0.5</double>
			<double name="OriginZ">0.5</double>
			<double name="SpanPx">-50</double>
			<double name="SpanNx">64.553878784179688</double>
			<double name="SpanPz">-50</double>
			<double name="SpanNz">64.553878784179688</double>
			<boolean name="Circular">true</boolean>
			<int name="RandSeed">84787681</int>
		</Node>
		<Node name="Preview" ID="1652718848" type="gridPreview" pos="420.9999,335.6">
			<Port ID="1806436352" name="InputKnob" dynamic="False" />
			<Port ID="-1344372736" name="OutputKnob" dynamic="False" />
			<string name="PreviewModelId">Default</string>
			<int name="RandSeed">301826208</int>
		</Node>
	</Nodes>
	<Connections>
		<Connection port1ID="-1664803840" port2ID="-1176642560" />
		<Connection port1ID="-520645632" port2ID="1935781888" />
		<Connection port1ID="-1673551872" port2ID="-1326876672" />
		<Connection port1ID="-1963965440" port2ID="434723840" />
		<Connection port1ID="821260288" port2ID="852795392" />
		<Connection port1ID="-1206279168" port2ID="-314149888" />
		<Connection port1ID="-2056631296" port2ID="1692500992" />
		<Connection port1ID="-1734512640" port2ID="1715288064" />
		<Connection port1ID="835469312" port2ID="1715288064" />
		<Connection port1ID="254642176" port2ID="1715288064" />
		<Connection port1ID="879209472" port2ID="1715288064" />
		<Connection port1ID="-2039135232" port2ID="-1153855488" />
		<Connection port1ID="1724036096" port2ID="691979264" />
		<Connection port1ID="1996953600" port2ID="-1066375168" />
		<Connection port1ID="-1928867840" port2ID="-212630528" />
		<Connection port1ID="359448576" port2ID="-89671680" />
		<Connection port1ID="-1937615872" port2ID="1878043648" />
		<Connection port1ID="-1272765440" port2ID="-1842629632" />
		<Connection port1ID="1587630080" port2ID="-1563179008" />
		<Connection port1ID="-991099904" port2ID="725137408" />
		<Connection port1ID="144310272" port2ID="247558144" />
		<Connection port1ID="-324520960" port2ID="-1024258048" />
		<Connection port1ID="810889216" port2ID="-135140352" />
		<Connection port1ID="-2000475136" port2ID="671026176" />
		<Connection port1ID="-796428288" port2ID="1431999488" />
		<Connection port1ID="859920384" port2ID="1713665024" />
		<Connection port1ID="709475328" port2ID="-1626038272" />
		<Connection port1ID="1853633536" port2ID="-1596337152" />
		<Connection port1ID="1272806400" port2ID="-1396480000" />
		<Connection port1ID="-2014027776" port2ID="1533518848" />
		<Connection port1ID="1243105280" port2ID="1409698816" />
		<Connection port1ID="-1335624704" port2ID="-191466496" />
		<Connection port1ID="1222533120" port2ID="-1344372736" />
		<Connection port1ID="380612608" port2ID="2096849920" />
		<Connection port1ID="662278144" port2ID="1806436352" />
	</Connections>
	<Objects>
		<Object refID="-818289664" type="System.Collections.Generic.List`1[[System.Double, mscorlib, Version=4.0.0.0, Culture=neutral, PublicKeyToken=b77a5c561934e089]]">
			<ArrayOfDouble xmlns:xsd="http://www.w3.org/2001/XMLSchema" xmlns:xsi="http://www.w3.org/2001/XMLSchema-instance">
				<double>0</double>
				<double>0</double>
			</ArrayOfDouble>
		</Object>
		<Object refID="1772698112" type="System.Collections.Generic.List`1[[System.Double, mscorlib, Version=4.0.0.0, Culture=neutral, PublicKeyToken=b77a5c561934e089]]">
			<ArrayOfDouble xmlns:xsd="http://www.w3.org/2001/XMLSchema" xmlns:xsi="http://www.w3.org/2001/XMLSchema-instance">
				<double>0</double>
				<double>0</double>
			</ArrayOfDouble>
		</Object>
		<Object refID="474585088" type="System.Collections.Generic.List`1[[System.Double, mscorlib, Version=4.0.0.0, Culture=neutral, PublicKeyToken=b77a5c561934e089]]">
			<ArrayOfDouble xmlns:xsd="http://www.w3.org/2001/XMLSchema" xmlns:xsi="http://www.w3.org/2001/XMLSchema-instance">
				<double>0</double>
				<double>0.89999997615814209</double>
			</ArrayOfDouble>
		</Object>
		<Object refID="170198400" type="System.Collections.Generic.List`1[[System.String, mscorlib, Version=4.0.0.0, Culture=neutral, PublicKeyToken=b77a5c561934e089]]">
			<ArrayOfString xmlns:xsd="http://www.w3.org/2001/XMLSchema" xmlns:xsi="http://www.w3.org/2001/XMLSchema-instance">
				<string />
				<string />
			</ArrayOfString>
		</Object>
		<Object refID="2057886592" type="System.Collections.Generic.List`1[[System.Double, mscorlib, Version=4.0.0.0, Culture=neutral, PublicKeyToken=b77a5c561934e089]]">
			<ArrayOfDouble xmlns:xsd="http://www.w3.org/2001/XMLSchema" xmlns:xsi="http://www.w3.org/2001/XMLSchema-instance">
				<double>0.60000002384185791</double>
			</ArrayOfDouble>
		</Object>
		<Object refID="2049138560" type="System.Collections.Generic.List`1[[System.String, mscorlib, Version=4.0.0.0, Culture=neutral, PublicKeyToken=b77a5c561934e089]]">
			<ArrayOfString xmlns:xsd="http://www.w3.org/2001/XMLSchema" xmlns:xsi="http://www.w3.org/2001/XMLSchema-instance">
				<string>WaterShallow</string>
				<string>Soil</string>
				<string />
				<string />
			</ArrayOfString>
		</Object>
		<Object refID="1847960192" type="System.Collections.Generic.List`1[[System.Double, mscorlib, Version=4.0.0.0, Culture=neutral, PublicKeyToken=b77a5c561934e089]]">
			<ArrayOfDouble xmlns:xsd="http://www.w3.org/2001/XMLSchema" xmlns:xsi="http://www.w3.org/2001/XMLSchema-instance">
				<double>0.019999999552965164</double>
				<double>0.20000000298023224</double>
				<double>1</double>
			</ArrayOfDouble>
		</Object>
		<Object refID="-419363584" type="System.Collections.Generic.List`1[[System.Double, mscorlib, Version=4.0.0.0, Culture=neutral, PublicKeyToken=b77a5c561934e089]]">
			<ArrayOfDouble xmlns:xsd="http://www.w3.org/2001/XMLSchema" xmlns:xsi="http://www.w3.org/2001/XMLSchema-instance">
				<double>0</double>
				<double>0</double>
			</ArrayOfDouble>
		</Object>
	</Objects>
</NodeCanvas>