﻿<?xml version="1.0" encoding="utf-8"?>
<NodeCanvas type="GeologicalLandforms.GraphEditor.Landform">
	<EditorStates>
		<EditorState selected="" pan="0,0" zoom="1" />
	</EditorStates>
	<Groups />
	<Nodes>
		<Node name="Custom Landform" ID="1130721536" type="landformManifest" pos="-950,-517">
			<string name="Id">LakeWithIsland</string>
			<boolean name="IsCustom">false</boolean>
			<int name="RevisionVersion">1</int>
			<boolean name="IsEdited">false</boolean>
			<string name="DisplayName" />
			<boolean name="DisplayNameHasDirection">false</boolean>
			<int name="RandSeed">1333644392</int>
		</Node>
		<Node name="World Tile Requirements" ID="1945411584" type="worldTileReq" pos="-950,-517">
			<Topology name="Topology">Inland</Topology>
			<float name="Commonness">0.008379889</float>
			<float name="CaveChance">0</float>
			<FloatRange xmlns:xsd="http://www.w3.org/2001/XMLSchema" xmlns:xsi="http://www.w3.org/2001/XMLSchema-instance" name="HillinessRequirement">
				<min>1</min>
				<max>5</max>
			</FloatRange>
			<FloatRange xmlns:xsd="http://www.w3.org/2001/XMLSchema" xmlns:xsi="http://www.w3.org/2001/XMLSchema-instance" name="RoadRequirement">
				<min>0</min>
				<max>0</max>
			</FloatRange>
			<FloatRange xmlns:xsd="http://www.w3.org/2001/XMLSchema" xmlns:xsi="http://www.w3.org/2001/XMLSchema-instance" name="RiverRequirement">
				<min>0</min>
				<max>0</max>
			</FloatRange>
			<FloatRange xmlns:xsd="http://www.w3.org/2001/XMLSchema" xmlns:xsi="http://www.w3.org/2001/XMLSchema-instance" name="ElevationRequirement">
				<min>0</min>
				<max>5000</max>
			</FloatRange>
			<FloatRange xmlns:xsd="http://www.w3.org/2001/XMLSchema" xmlns:xsi="http://www.w3.org/2001/XMLSchema-instance" name="AvgTemperatureRequirement">
				<min>-19.7740116</min>
				<max>100</max>
			</FloatRange>
			<FloatRange xmlns:xsd="http://www.w3.org/2001/XMLSchema" xmlns:xsi="http://www.w3.org/2001/XMLSchema-instance" name="RainfallRequirement">
				<min>706.214661</min>
				<max>5000</max>
			</FloatRange>
			<FloatRange xmlns:xsd="http://www.w3.org/2001/XMLSchema" xmlns:xsi="http://www.w3.org/2001/XMLSchema-instance" name="SwampinessRequirement">
				<min>0</min>
				<max>1</max>
			</FloatRange>
			<FloatRange xmlns:xsd="http://www.w3.org/2001/XMLSchema" xmlns:xsi="http://www.w3.org/2001/XMLSchema-instance" name="MapSizeRequirement">
				<min>98.3050842</min>
				<max>1000</max>
			</FloatRange>
			<boolean name="AllowSettlements">true</boolean>
			<boolean name="AllowSites">true</boolean>
			<int name="RandSeed">351232153</int>
		</Node>
		<Node name="Preview" ID="-624004480" type="gridPreview" pos="150.4002,-114.4">
			<Port ID="201394176" name="InputKnob" dynamic="False" />
			<Port ID="773473280" name="OutputKnob" dynamic="False" />
			<string name="PreviewModelId">Default</string>
			<int name="RandSeed">122585397</int>
		</Node>
		<Node name="Select" ID="1916236800" type="gridSelectTerrain" pos="1592.4,-107.4">
			<Port ID="-1412796416" name="InputKnob" dynamic="False" />
			<Port ID="303440896" name="OutputKnob" dynamic="False" />
			<Port ID="1743749120" name="Option 0" dynamic="True" type="NodeEditorFramework.ValueConnectionKnob, 0_TerrainGraph, Version=1.0.0.0, Culture=neutral, PublicKeyToken=null">
				<string name="styleID">TerrainFunc</string>
				<Direction name="direction">In</Direction>
				<ConnectionCount name="maxConnectionCount">Single</ConnectionCount>
				<NodeSide name="side">Left</NodeSide>
				<float name="sidePosition">66</float>
				<float name="sideOffset">0</float>
			</Port>
			<Port ID="1285499904" name="Option 1" dynamic="True" type="NodeEditorFramework.ValueConnectionKnob, 0_TerrainGraph, Version=1.0.0.0, Culture=neutral, PublicKeyToken=null">
				<string name="styleID">TerrainFunc</string>
				<Direction name="direction">In</Direction>
				<ConnectionCount name="maxConnectionCount">Single</ConnectionCount>
				<NodeSide name="side">Left</NodeSide>
				<float name="sidePosition">94</float>
				<float name="sideOffset">0</float>
			</Port>
			<Port ID="2139244544" name="Option 2" dynamic="True" type="NodeEditorFramework.ValueConnectionKnob, 0_TerrainGraph, Version=1.0.0.0, Culture=neutral, PublicKeyToken=null">
				<string name="styleID">TerrainFunc</string>
				<Direction name="direction">In</Direction>
				<ConnectionCount name="maxConnectionCount">Single</ConnectionCount>
				<NodeSide name="side">Left</NodeSide>
				<float name="sidePosition">122</float>
				<float name="sideOffset">0</float>
			</Port>
			<Port ID="132593664" name="Option 3" dynamic="True" type="NodeEditorFramework.ValueConnectionKnob, 0_TerrainGraph, Version=1.0.0.0, Culture=neutral, PublicKeyToken=null">
				<string name="styleID">TerrainFunc</string>
				<Direction name="direction">In</Direction>
				<ConnectionCount name="maxConnectionCount">Single</ConnectionCount>
				<NodeSide name="side">Left</NodeSide>
				<float name="sidePosition">150</float>
				<float name="sideOffset">0</float>
			</Port>
			<Variable name="Values" refID="868343680" />
			<Variable name="Thresholds" refID="-471754624" />
			<int name="RandSeed">1555528661</int>
		</Node>
		<Node name="Preview" ID="161510784" type="terrainGridPreview" pos="1881.4,-201.4">
			<Port ID="-1131130880" name="InputKnob" dynamic="False" />
			<Port ID="1157185536" name="OutputKnob" dynamic="False" />
			<int name="RandSeed">1223390690</int>
		</Node>
		<Node name="Add" ID="-1773236608" type="gridOperator" pos="826.4002,-200.4">
			<Port ID="-1421544448" name="OutputKnob" dynamic="False" />
			<Port ID="-1874057216" name="Input 0" dynamic="True" type="NodeEditorFramework.ValueConnectionKnob, 0_TerrainGraph, Version=1.0.0.0, Culture=neutral, PublicKeyToken=null">
				<string name="styleID">GridFunc</string>
				<Direction name="direction">In</Direction>
				<ConnectionCount name="maxConnectionCount">Single</ConnectionCount>
				<NodeSide name="side">Left</NodeSide>
				<float name="sidePosition">38</float>
				<float name="sideOffset">0</float>
			</Port>
			<Port ID="414259200" name="Input 1" dynamic="True" type="NodeEditorFramework.ValueConnectionKnob, 0_TerrainGraph, Version=1.0.0.0, Culture=neutral, PublicKeyToken=null">
				<string name="styleID">GridFunc</string>
				<Direction name="direction">In</Direction>
				<ConnectionCount name="maxConnectionCount">Single</ConnectionCount>
				<NodeSide name="side">Left</NodeSide>
				<float name="sidePosition">66</float>
				<float name="sideOffset">0</float>
			</Port>
			<Variable name="Values" refID="1884791168" />
			<Operation name="OperationType">Add</Operation>
			<double name="ApplyChance">1</double>
			<double name="Smoothness">0</double>
			<int name="RandSeed">1042729726</int>
		</Node>
		<Node name="Perlin Noise" ID="709838592" type="gridPerlin" pos="-131.6001,-373.4">
			<Port ID="-277386240" name="FrequencyKnob" dynamic="False" />
			<Port ID="294692864" name="LacunarityKnob" dynamic="False" />
			<Port ID="866771968" name="PersistenceKnob" dynamic="False" />
			<Port ID="1438851072" name="ScaleKnob" dynamic="False" />
			<Port ID="2010930176" name="BiasKnob" dynamic="False" />
			<Port ID="-1711958016" name="OutputKnob" dynamic="False" />
			<double name="Frequency">0.029999999329447746</double>
			<double name="Lacunarity">2</double>
			<double name="Persistence">0.5</double>
			<double name="Scale">0.34999999403953552</double>
			<double name="Bias">0.64999997615814209</double>
			<int name="Octaves">3</int>
			<int name="RandSeed">58629024</int>
		</Node>
		<Node name="Preview" ID="-1593215232" type="gridPreview" pos="394.4002,-290.4">
			<Port ID="-1032963072" name="InputKnob" dynamic="False" />
			<Port ID="-460883968" name="OutputKnob" dynamic="False" />
			<string name="PreviewModelId">Default</string>
			<int name="RandSeed">1681325360</int>
		</Node>
		<Node name="Terrain Output" ID="522078208" type="outputTerrain" pos="2073.4,-136.4">
			<Port ID="1255353344" name="BaseKnob" dynamic="False" />
			<Port ID="1827432448" name="StoneKnob" dynamic="False" />
			<int name="RandSeed">1441011932</int>
		</Node>
		<Node name="Linear Function" ID="415402496" type="gridLinear" pos="-132,-156">
			<Port ID="-751297536" name="OutputKnob" dynamic="False" />
			<Port ID="-864260096" name="Bias" dynamic="True" type="NodeEditorFramework.ValueConnectionKnob, 0_TerrainGraph, Version=1.0.0.0, Culture=neutral, PublicKeyToken=null">
				<string name="styleID">ValueFunc</string>
				<Direction name="direction">In</Direction>
				<ConnectionCount name="maxConnectionCount">Single</ConnectionCount>
				<NodeSide name="side">Left</NodeSide>
				<float name="sidePosition">38</float>
				<float name="sideOffset">0</float>
			</Port>
			<Port ID="1996135424" name="Origin x" dynamic="True" type="NodeEditorFramework.ValueConnectionKnob, 0_TerrainGraph, Version=1.0.0.0, Culture=neutral, PublicKeyToken=null">
				<string name="styleID">ValueFunc</string>
				<Direction name="direction">In</Direction>
				<ConnectionCount name="maxConnectionCount">Single</ConnectionCount>
				<NodeSide name="side">Left</NodeSide>
				<float name="sidePosition">122</float>
				<float name="sideOffset">0</float>
			</Port>
			<Port ID="1133642752" name="Span px" dynamic="True" type="NodeEditorFramework.ValueConnectionKnob, 0_TerrainGraph, Version=1.0.0.0, Culture=neutral, PublicKeyToken=null">
				<string name="styleID">ValueFunc</string>
				<Direction name="direction">In</Direction>
				<ConnectionCount name="maxConnectionCount">Single</ConnectionCount>
				<NodeSide name="side">Left</NodeSide>
				<float name="sidePosition">178</float>
				<float name="sideOffset">0</float>
			</Port>
			<Port ID="-300929024" name="Span nx" dynamic="True" type="NodeEditorFramework.ValueConnectionKnob, 0_TerrainGraph, Version=1.0.0.0, Culture=neutral, PublicKeyToken=null">
				<string name="styleID">ValueFunc</string>
				<Direction name="direction">In</Direction>
				<ConnectionCount name="maxConnectionCount">Single</ConnectionCount>
				<NodeSide name="side">Left</NodeSide>
				<float name="sidePosition">206</float>
				<float name="sideOffset">0</float>
			</Port>
			<Port ID="-1735500800" name="Origin z" dynamic="True" type="NodeEditorFramework.ValueConnectionKnob, 0_TerrainGraph, Version=1.0.0.0, Culture=neutral, PublicKeyToken=null">
				<string name="styleID">ValueFunc</string>
				<Direction name="direction">In</Direction>
				<ConnectionCount name="maxConnectionCount">Single</ConnectionCount>
				<NodeSide name="side">Left</NodeSide>
				<float name="sidePosition">150</float>
				<float name="sideOffset">0</float>
			</Port>
			<Port ID="1696973824" name="Span pz" dynamic="True" type="NodeEditorFramework.ValueConnectionKnob, 0_TerrainGraph, Version=1.0.0.0, Culture=neutral, PublicKeyToken=null">
				<string name="styleID">ValueFunc</string>
				<Direction name="direction">In</Direction>
				<ConnectionCount name="maxConnectionCount">Single</ConnectionCount>
				<NodeSide name="side">Left</NodeSide>
				<float name="sidePosition">234</float>
				<float name="sideOffset">0</float>
			</Port>
			<Port ID="243112960" name="Span nz" dynamic="True" type="NodeEditorFramework.ValueConnectionKnob, 0_TerrainGraph, Version=1.0.0.0, Culture=neutral, PublicKeyToken=null">
				<string name="styleID">ValueFunc</string>
				<Direction name="direction">In</Direction>
				<ConnectionCount name="maxConnectionCount">Single</ConnectionCount>
				<NodeSide name="side">Left</NodeSide>
				<float name="sidePosition">262</float>
				<float name="sideOffset">0</float>
			</Port>
			<Port ID="-619379712" name="Clamp min" dynamic="True" type="NodeEditorFramework.ValueConnectionKnob, 0_TerrainGraph, Version=1.0.0.0, Culture=neutral, PublicKeyToken=null">
				<string name="styleID">ValueFunc</string>
				<Direction name="direction">In</Direction>
				<ConnectionCount name="maxConnectionCount">Single</ConnectionCount>
				<NodeSide name="side">Left</NodeSide>
				<float name="sidePosition">66</float>
				<float name="sideOffset">0</float>
			</Port>
			<Port ID="-2053951488" name="Clamp max" dynamic="True" type="NodeEditorFramework.ValueConnectionKnob, 0_TerrainGraph, Version=1.0.0.0, Culture=neutral, PublicKeyToken=null">
				<string name="styleID">ValueFunc</string>
				<Direction name="direction">In</Direction>
				<ConnectionCount name="maxConnectionCount">Single</ConnectionCount>
				<NodeSide name="side">Left</NodeSide>
				<float name="sidePosition">94</float>
				<float name="sideOffset">0</float>
			</Port>
			<double name="Bias">-2.5</double>
			<double name="ClampMin">-1</double>
			<double name="ClampMax">2</double>
			<double name="OriginX">0.49924851016884314</double>
			<double name="OriginZ">0.48891041141242403</double>
			<double name="SpanPx">32.22136818151921</double>
			<double name="SpanNx">32.943154380656779</double>
			<double name="SpanPz">34.919718506745994</double>
			<double name="SpanNz">29.528638429939747</double>
			<boolean name="Circular">true</boolean>
			<int name="RandSeed">1290554408</int>
		</Node>
		<Node name="Preview" ID="947026048" type="gridPreview" pos="1400,-200">
			<Port ID="392860672" name="InputKnob" dynamic="False" />
			<Port ID="964939776" name="OutputKnob" dynamic="False" />
			<string name="PreviewModelId">Default</string>
			<int name="RandSeed">1085710265</int>
		</Node>
		<Node name="Random Value" ID="-807699968" type="valueRandom" pos="-430,-30">
			<Port ID="-1613790208" name="AverageKnob" dynamic="False" />
			<Port ID="-1041711104" name="DeviationKnob" dynamic="False" />
			<Port ID="-469632000" name="OutputKnob" dynamic="False" />
			<double name="Average">32</double>
			<double name="Deviation">5</double>
			<int name="RandSeed">1016909954</int>
		</Node>
		<Node name="Random Value" ID="1732541312" type="valueRandom" pos="-431.6001,-139.4">
			<Port ID="1818684416" name="AverageKnob" dynamic="False" />
			<Port ID="-1904203776" name="DeviationKnob" dynamic="False" />
			<Port ID="-1332124672" name="OutputKnob" dynamic="False" />
			<double name="Average">0.5</double>
			<double name="Deviation">0.05000000074505806</double>
			<int name="RandSeed">1363071202</int>
		</Node>
		<Node name="Rotate" ID="-22184704" type="gridRotate" pos="1115.4,-157.4">
			<Port ID="1528270848" name="InputKnob" dynamic="False" />
			<Port ID="-1622538240" name="AngleKnob" dynamic="False" />
			<Port ID="-1050459136" name="OutputKnob" dynamic="False" />
			<double name="Angle">1.9920635875314474</double>
			<int name="RandSeed">1162899842</int>
		</Node>
		<Node name="Random Value" ID="-1776910720" type="valueRandom" pos="826.3999,-80.4">
			<Port ID="1162687488" name="AverageKnob" dynamic="False" />
			<Port ID="-1988121600" name="DeviationKnob" dynamic="False" />
			<Port ID="-1416042496" name="OutputKnob" dynamic="False" />
			<double name="Average">0</double>
			<double name="Deviation">30</double>
			<int name="RandSeed">195754971</int>
		</Node>
		<Node name="Natural Water" ID="-767286784" type="terrainNaturalWater" pos="1400,-50">
			<Port ID="1444353024" name="DeepOutputKnob" dynamic="False" />
			<Port ID="-1706456064" name="ShallowOutputKnob" dynamic="False" />
			<Port ID="-1134376960" name="BeachOutputKnob" dynamic="False" />
			<int name="RandSeed">2006778718</int>
		</Node>
		<Node name="Add" ID="-163717376" type="gridOperator" pos="341,-68">
			<Port ID="1726018560" name="OutputKnob" dynamic="False" />
			<Port ID="806444032" name="Input 0" dynamic="True" type="NodeEditorFramework.ValueConnectionKnob, 0_TerrainGraph, Version=1.0.0.0, Culture=neutral, PublicKeyToken=null">
				<string name="styleID">GridFunc</string>
				<Direction name="direction">In</Direction>
				<ConnectionCount name="maxConnectionCount">Single</ConnectionCount>
				<NodeSide name="side">Left</NodeSide>
				<float name="sidePosition">38</float>
				<float name="sideOffset">0</float>
			</Port>
			<Port ID="-628127744" name="Input 1" dynamic="True" type="NodeEditorFramework.ValueConnectionKnob, 0_TerrainGraph, Version=1.0.0.0, Culture=neutral, PublicKeyToken=null">
				<string name="styleID">GridFunc</string>
				<Direction name="direction">In</Direction>
				<ConnectionCount name="maxConnectionCount">Single</ConnectionCount>
				<NodeSide name="side">Left</NodeSide>
				<float name="sidePosition">66</float>
				<float name="sideOffset">0</float>
			</Port>
			<Variable name="Values" refID="-679939328" />
			<Operation name="OperationType">Max</Operation>
			<double name="ApplyChance">1</double>
			<double name="Smoothness">0</double>
			<int name="RandSeed">1675842976</int>
		</Node>
		<Node name="Preview" ID="763330560" type="gridPreview" pos="619,-115">
			<Port ID="-852711424" name="InputKnob" dynamic="False" />
			<Port ID="-280632320" name="OutputKnob" dynamic="False" />
			<string name="PreviewModelId">Default</string>
			<int name="RandSeed">1959238351</int>
		</Node>
		<Node name="Preview" ID="664528128" type="gridPreview" pos="150,57">
			<Port ID="2007684096" name="InputKnob" dynamic="False" />
			<Port ID="-1715204096" name="OutputKnob" dynamic="False" />
			<string name="PreviewModelId">Default</string>
			<int name="RandSeed">608612642</int>
		</Node>
		<Node name="Linear Function" ID="-767244416" type="gridLinear" pos="-131,150">
			<Port ID="573112320" name="OutputKnob" dynamic="False" />
			<Port ID="-1784977408" name="Bias" dynamic="True" type="NodeEditorFramework.ValueConnectionKnob, 0_TerrainGraph, Version=1.0.0.0, Culture=neutral, PublicKeyToken=null">
				<string name="styleID">ValueFunc</string>
				<Direction name="direction">In</Direction>
				<ConnectionCount name="maxConnectionCount">Single</ConnectionCount>
				<NodeSide name="side">Left</NodeSide>
				<float name="sidePosition">38</float>
				<float name="sideOffset">0</float>
			</Port>
			<Port ID="1647497216" name="Origin x" dynamic="True" type="NodeEditorFramework.ValueConnectionKnob, 0_TerrainGraph, Version=1.0.0.0, Culture=neutral, PublicKeyToken=null">
				<string name="styleID">ValueFunc</string>
				<Direction name="direction">In</Direction>
				<ConnectionCount name="maxConnectionCount">Single</ConnectionCount>
				<NodeSide name="side">Left</NodeSide>
				<float name="sidePosition">122</float>
				<float name="sideOffset">0</float>
			</Port>
			<Port ID="-1793725440" name="Span px" dynamic="True" type="NodeEditorFramework.ValueConnectionKnob, 0_TerrainGraph, Version=1.0.0.0, Culture=neutral, PublicKeyToken=null">
				<string name="styleID">ValueFunc</string>
				<Direction name="direction">In</Direction>
				<ConnectionCount name="maxConnectionCount">Single</ConnectionCount>
				<NodeSide name="side">Left</NodeSide>
				<float name="sidePosition">178</float>
				<float name="sideOffset">0</float>
			</Port>
			<Port ID="-1512059904" name="Origin z" dynamic="True" type="NodeEditorFramework.ValueConnectionKnob, 0_TerrainGraph, Version=1.0.0.0, Culture=neutral, PublicKeyToken=null">
				<string name="styleID">ValueFunc</string>
				<Direction name="direction">In</Direction>
				<ConnectionCount name="maxConnectionCount">Single</ConnectionCount>
				<NodeSide name="side">Left</NodeSide>
				<float name="sidePosition">150</float>
				<float name="sideOffset">0</float>
			</Port>
			<Port ID="519106560" name="Span pz" dynamic="True" type="NodeEditorFramework.ValueConnectionKnob, 0_TerrainGraph, Version=1.0.0.0, Culture=neutral, PublicKeyToken=null">
				<string name="styleID">ValueFunc</string>
				<Direction name="direction">In</Direction>
				<ConnectionCount name="maxConnectionCount">Single</ConnectionCount>
				<NodeSide name="side">Left</NodeSide>
				<float name="sidePosition">234</float>
				<float name="sideOffset">0</float>
			</Port>
			<Port ID="-915465216" name="Span nx" dynamic="True" type="NodeEditorFramework.ValueConnectionKnob, 0_TerrainGraph, Version=1.0.0.0, Culture=neutral, PublicKeyToken=null">
				<string name="styleID">ValueFunc</string>
				<Direction name="direction">In</Direction>
				<ConnectionCount name="maxConnectionCount">Single</ConnectionCount>
				<NodeSide name="side">Left</NodeSide>
				<float name="sidePosition">206</float>
				<float name="sideOffset">0</float>
			</Port>
			<Port ID="1944930304" name="Span nz" dynamic="True" type="NodeEditorFramework.ValueConnectionKnob, 0_TerrainGraph, Version=1.0.0.0, Culture=neutral, PublicKeyToken=null">
				<string name="styleID">ValueFunc</string>
				<Direction name="direction">In</Direction>
				<ConnectionCount name="maxConnectionCount">Single</ConnectionCount>
				<NodeSide name="side">Left</NodeSide>
				<float name="sidePosition">262</float>
				<float name="sideOffset">0</float>
			</Port>
			<Port ID="1082437632" name="Clamp min" dynamic="True" type="NodeEditorFramework.ValueConnectionKnob, 0_TerrainGraph, Version=1.0.0.0, Culture=neutral, PublicKeyToken=null">
				<string name="styleID">ValueFunc</string>
				<Direction name="direction">In</Direction>
				<ConnectionCount name="maxConnectionCount">Single</ConnectionCount>
				<NodeSide name="side">Left</NodeSide>
				<float name="sidePosition">66</float>
				<float name="sideOffset">0</float>
			</Port>
			<Port ID="-352134144" name="Clamp max" dynamic="True" type="NodeEditorFramework.ValueConnectionKnob, 0_TerrainGraph, Version=1.0.0.0, Culture=neutral, PublicKeyToken=null">
				<string name="styleID">ValueFunc</string>
				<Direction name="direction">In</Direction>
				<ConnectionCount name="maxConnectionCount">Single</ConnectionCount>
				<NodeSide name="side">Left</NodeSide>
				<float name="sidePosition">94</float>
				<float name="sideOffset">0</float>
			</Port>
			<double name="Bias">1.1749141507316381</double>
			<double name="ClampMin">-1</double>
			<double name="ClampMax">1.5</double>
			<double name="OriginX">0.49924851016884314</double>
			<double name="OriginZ">0.48891041141242403</double>
			<double name="SpanPx">-25.296888370066881</double>
			<double name="SpanNx">-27.364219902083278</double>
			<double name="SpanPz">-21.003628838807344</double>
			<double name="SpanNz">-30.53640641272068</double>
			<boolean name="Circular">true</boolean>
			<int name="RandSeed">2113846217</int>
		</Node>
		<Node name="Random Value" ID="-1090197888" type="valueRandom" pos="-432,218">
			<Port ID="-2051361792" name="AverageKnob" dynamic="False" />
			<Port ID="-1479282688" name="DeviationKnob" dynamic="False" />
			<Port ID="-907203584" name="OutputKnob" dynamic="False" />
			<double name="Average">-30</double>
			<double name="Deviation">10</double>
			<int name="RandSeed">328903241</int>
		</Node>
		<Node name="Random Value" ID="1450043392" type="valueRandom" pos="-431,110">
			<Port ID="-1769696256" name="AverageKnob" dynamic="False" />
			<Port ID="-1197617152" name="DeviationKnob" dynamic="False" />
			<Port ID="-625538048" name="OutputKnob" dynamic="False" />
			<double name="Average">0.949999988079071</double>
			<double name="Deviation">0.25</double>
			<int name="RandSeed">797560205</int>
		</Node>
		<Node name="Perlin Noise" ID="1388635776" type="gridPerlin" pos="825.2001,76.39999">
			<Port ID="1662778368" name="FrequencyKnob" dynamic="False" />
			<Port ID="-2060109824" name="LacunarityKnob" dynamic="False" />
			<Port ID="-1488030720" name="PersistenceKnob" dynamic="False" />
			<Port ID="-915951616" name="ScaleKnob" dynamic="False" />
			<Port ID="-343872512" name="BiasKnob" dynamic="False" />
			<Port ID="228206592" name="OutputKnob" dynamic="False" />
			<double name="Frequency">0.020999999716877937</double>
			<double name="Lacunarity">2</double>
			<double name="Persistence">0.5</double>
			<double name="Scale">0.5</double>
			<double name="Bias">0.5</double>
			<int name="Octaves">6</int>
			<int name="RandSeed">1601250729</int>
		</Node>
		<Node name="Add" ID="1445801856" type="gridOperator" pos="1120.2,210.4">
			<Port ID="-62206976" name="OutputKnob" dynamic="False" />
			<Port ID="-1786705920" name="Input 0" dynamic="True" type="NodeEditorFramework.ValueConnectionKnob, 0_TerrainGraph, Version=1.0.0.0, Culture=neutral, PublicKeyToken=null">
				<string name="styleID">GridFunc</string>
				<Direction name="direction">In</Direction>
				<ConnectionCount name="maxConnectionCount">Single</ConnectionCount>
				<NodeSide name="side">Left</NodeSide>
				<float name="sidePosition">38</float>
				<float name="sideOffset">0</float>
			</Port>
			<Port ID="1122972672" name="Input 1" dynamic="True" type="NodeEditorFramework.ValueConnectionKnob, 0_TerrainGraph, Version=1.0.0.0, Culture=neutral, PublicKeyToken=null">
				<string name="styleID">GridFunc</string>
				<Direction name="direction">In</Direction>
				<ConnectionCount name="maxConnectionCount">Single</ConnectionCount>
				<NodeSide name="side">Left</NodeSide>
				<float name="sidePosition">66</float>
				<float name="sideOffset">0</float>
			</Port>
			<Variable name="Values" refID="387241472" />
			<Operation name="OperationType">Multiply</Operation>
			<double name="ApplyChance">1</double>
			<double name="Smoothness">0</double>
			<int name="RandSeed">846927801</int>
		</Node>
		<Node name="Grid" ID="-2056651776" type="gridFromValue" pos="965.2001,319.4">
			<Port ID="1081951232" name="InputKnob" dynamic="False" />
			<Port ID="1654030336" name="OutputKnob" dynamic="False" />
			<int name="RandSeed">684826963</int>
		</Node>
		<Node name="World Tile" ID="-304682624" type="valueWorldTile" pos="768.2001,321.4">
			<Port ID="-761416704" name="ElevationOutputKnob" dynamic="False" />
			<Port ID="-189337600" name="HillinessOutputKnob" dynamic="False" />
			<Port ID="382741504" name="TemperatureOutputKnob" dynamic="False" />
			<Port ID="954820608" name="RainfallOutputKnob" dynamic="False" />
			<int name="RandSeed">263262040</int>
		</Node>
		<Node name="Preview" ID="-2059408640" type="gridPreview" pos="1473.2,270.4">
			<Port ID="-479751168" name="InputKnob" dynamic="False" />
			<Port ID="664407040" name="OutputKnob" dynamic="False" />
			<string name="PreviewModelId">Elevation</string>
			<int name="RandSeed">30787828</int>
		</Node>
		<Node name="Add" ID="-1239646208" type="gridOperator" pos="1719.2,213.4">
			<Port ID="-1632657408" name="OutputKnob" dynamic="False" />
			<Port ID="-311599104" name="Input 0" dynamic="True" type="NodeEditorFramework.ValueConnectionKnob, 0_TerrainGraph, Version=1.0.0.0, Culture=neutral, PublicKeyToken=null">
				<string name="styleID">GridFunc</string>
				<Direction name="direction">In</Direction>
				<ConnectionCount name="maxConnectionCount">Single</ConnectionCount>
				<NodeSide name="side">Left</NodeSide>
				<float name="sidePosition">38</float>
				<float name="sideOffset">0</float>
			</Port>
			<Port ID="1976717312" name="Input 1" dynamic="True" type="NodeEditorFramework.ValueConnectionKnob, 0_TerrainGraph, Version=1.0.0.0, Culture=neutral, PublicKeyToken=null">
				<string name="styleID">GridFunc</string>
				<Direction name="direction">In</Direction>
				<ConnectionCount name="maxConnectionCount">Single</ConnectionCount>
				<NodeSide name="side">Left</NodeSide>
				<float name="sidePosition">66</float>
				<float name="sideOffset">0</float>
			</Port>
			<Port ID="-29933568" name="Input 2" dynamic="True" type="NodeEditorFramework.ValueConnectionKnob, 0_TerrainGraph, Version=1.0.0.0, Culture=neutral, PublicKeyToken=null">
				<string name="styleID">GridFunc</string>
				<Direction name="direction">In</Direction>
				<ConnectionCount name="maxConnectionCount">Single</ConnectionCount>
				<NodeSide name="side">Left</NodeSide>
				<float name="sidePosition">94</float>
				<float name="sideOffset">0</float>
			</Port>
			<Variable name="Values" refID="-1750616704" />
			<Operation name="OperationType">Add</Operation>
			<double name="ApplyChance">1</double>
			<double name="Smoothness">0</double>
			<int name="RandSeed">2011912548</int>
		</Node>
		<Node name="Preview" ID="480832640" type="gridPreview" pos="1997.4,171.4">
			<Port ID="-488499200" name="InputKnob" dynamic="False" />
			<Port ID="83579904" name="OutputKnob" dynamic="False" />
			<string name="PreviewModelId">Default</string>
			<int name="RandSeed">1538178147</int>
		</Node>
		<Node name="Add" ID="-1684998144" type="gridOperator" pos="1422.4,135.4">
			<Port ID="-1350991872" name="OutputKnob" dynamic="False" />
			<Port ID="-1464505344" name="Input 0" dynamic="True" type="NodeEditorFramework.ValueConnectionKnob, 0_TerrainGraph, Version=1.0.0.0, Culture=neutral, PublicKeyToken=null">
				<string name="styleID">GridFunc</string>
				<Direction name="direction">In</Direction>
				<ConnectionCount name="maxConnectionCount">Single</ConnectionCount>
				<NodeSide name="side">Left</NodeSide>
				<float name="sidePosition">38</float>
				<float name="sideOffset">0</float>
			</Port>
			<Port ID="823811072" name="Input 1" dynamic="True" type="NodeEditorFramework.ValueConnectionKnob, 0_TerrainGraph, Version=1.0.0.0, Culture=neutral, PublicKeyToken=null">
				<string name="styleID">GridFunc</string>
				<Direction name="direction">In</Direction>
				<ConnectionCount name="maxConnectionCount">Single</ConnectionCount>
				<NodeSide name="side">Left</NodeSide>
				<float name="sidePosition">66</float>
				<float name="sideOffset">0</float>
			</Port>
			<Variable name="Values" refID="383744896" />
			<Operation name="OperationType">Min</Operation>
			<double name="ApplyChance">1</double>
			<double name="Smoothness">0</double>
			<int name="RandSeed">1890396219</int>
		</Node>
		<Node name="Preview" ID="-1273893376" type="gridPreview" pos="2188,115.2">
			<Port ID="90599424" name="InputKnob" dynamic="False" />
			<Port ID="662678528" name="OutputKnob" dynamic="False" />
			<string name="PreviewModelId">Elevation</string>
			<int name="RandSeed">1725834994</int>
		</Node>
		<Node name="Elevation Output" ID="1538048" type="outputElevation" pos="2375,61.79998">
			<Port ID="372264960" name="InputKnob" dynamic="False" />
			<Port ID="944344064" name="OutputKnob" dynamic="False" />
			<int name="RandSeed">1067943635</int>
		</Node>
	</Nodes>
	<Connections>
		<Connection port1ID="201394176" port2ID="-751297536" />
		<Connection port1ID="773473280" port2ID="806444032" />
		<Connection port1ID="-1412796416" port2ID="964939776" />
		<Connection port1ID="303440896" port2ID="-1131130880" />
		<Connection port1ID="1743749120" port2ID="1444353024" />
		<Connection port1ID="1285499904" port2ID="-1706456064" />
		<Connection port1ID="2139244544" port2ID="-1134376960" />
		<Connection port1ID="1157185536" port2ID="1255353344" />
		<Connection port1ID="-1421544448" port2ID="1528270848" />
		<Connection port1ID="-1874057216" port2ID="-460883968" />
		<Connection port1ID="414259200" port2ID="-280632320" />
		<Connection port1ID="-1711958016" port2ID="-1032963072" />
		<Connection port1ID="1996135424" port2ID="-1332124672" />
		<Connection port1ID="1133642752" port2ID="-469632000" />
		<Connection port1ID="-300929024" port2ID="-469632000" />
		<Connection port1ID="-1735500800" port2ID="-1332124672" />
		<Connection port1ID="1696973824" port2ID="-469632000" />
		<Connection port1ID="243112960" port2ID="-469632000" />
		<Connection port1ID="392860672" port2ID="-1050459136" />
		<Connection port1ID="-1332124672" port2ID="-1512059904" />
		<Connection port1ID="-1332124672" port2ID="1647497216" />
		<Connection port1ID="-1622538240" port2ID="-1416042496" />
		<Connection port1ID="-1050459136" port2ID="-1464505344" />
		<Connection port1ID="1726018560" port2ID="-852711424" />
		<Connection port1ID="-628127744" port2ID="-1715204096" />
		<Connection port1ID="2007684096" port2ID="573112320" />
		<Connection port1ID="-1784977408" port2ID="-625538048" />
		<Connection port1ID="-1793725440" port2ID="-907203584" />
		<Connection port1ID="519106560" port2ID="-907203584" />
		<Connection port1ID="-915465216" port2ID="-907203584" />
		<Connection port1ID="1944930304" port2ID="-907203584" />
		<Connection port1ID="228206592" port2ID="-1786705920" />
		<Connection port1ID="-62206976" port2ID="-479751168" />
		<Connection port1ID="1122972672" port2ID="1654030336" />
		<Connection port1ID="1081951232" port2ID="-189337600" />
		<Connection port1ID="664407040" port2ID="1976717312" />
		<Connection port1ID="-1632657408" port2ID="-488499200" />
		<Connection port1ID="-311599104" port2ID="-1350991872" />
		<Connection port1ID="83579904" port2ID="90599424" />
		<Connection port1ID="662678528" port2ID="372264960" />
	</Connections>
	<Objects>
		<Object refID="868343680" type="System.Collections.Generic.List`1[[System.String, mscorlib, Version=4.0.0.0, Culture=neutral, PublicKeyToken=b77a5c561934e089]]">
			<ArrayOfString xmlns:xsd="http://www.w3.org/2001/XMLSchema" xmlns:xsi="http://www.w3.org/2001/XMLSchema-instance">
				<string>WaterOceanDeep</string>
				<string>WaterOceanShallow</string>
				<string>Sand</string>
				<string />
			</ArrayOfString>
		</Object>
		<Object refID="-471754624" type="System.Collections.Generic.List`1[[System.Double, mscorlib, Version=4.0.0.0, Culture=neutral, PublicKeyToken=b77a5c561934e089]]">
			<ArrayOfDouble xmlns:xsd="http://www.w3.org/2001/XMLSchema" xmlns:xsi="http://www.w3.org/2001/XMLSchema-instance">
				<double>-0.15000000596046448</double>
				<double>0.60000002384185791</double>
				<double>1</double>
			</ArrayOfDouble>
		</Object>
		<Object refID="1884791168" type="System.Collections.Generic.List`1[[System.Double, mscorlib, Version=4.0.0.0, Culture=neutral, PublicKeyToken=b77a5c561934e089]]">
			<ArrayOfDouble xmlns:xsd="http://www.w3.org/2001/XMLSchema" xmlns:xsi="http://www.w3.org/2001/XMLSchema-instance">
				<double>0</double>
				<double>0</double>
			</ArrayOfDouble>
		</Object>
		<Object refID="-679939328" type="System.Collections.Generic.List`1[[System.Double, mscorlib, Version=4.0.0.0, Culture=neutral, PublicKeyToken=b77a5c561934e089]]">
			<ArrayOfDouble xmlns:xsd="http://www.w3.org/2001/XMLSchema" xmlns:xsi="http://www.w3.org/2001/XMLSchema-instance">
				<double>0</double>
				<double>0</double>
			</ArrayOfDouble>
		</Object>
		<Object refID="387241472" type="System.Collections.Generic.List`1[[System.Double, mscorlib, Version=4.0.0.0, Culture=neutral, PublicKeyToken=b77a5c561934e089]]">
			<ArrayOfDouble xmlns:xsd="http://www.w3.org/2001/XMLSchema" xmlns:xsi="http://www.w3.org/2001/XMLSchema-instance">
				<double>0</double>
				<double>1</double>
			</ArrayOfDouble>
		</Object>
		<Object refID="-1750616704" type="System.Collections.Generic.List`1[[System.Double, mscorlib, Version=4.0.0.0, Culture=neutral, PublicKeyToken=b77a5c561934e089]]">
			<ArrayOfDouble xmlns:xsd="http://www.w3.org/2001/XMLSchema" xmlns:xsi="http://www.w3.org/2001/XMLSchema-instance">
				<double>0</double>
				<double>0</double>
				<double>-1</double>
			</ArrayOfDouble>
		</Object>
		<Object refID="383744896" type="System.Collections.Generic.List`1[[System.Double, mscorlib, Version=4.0.0.0, Culture=neutral, PublicKeyToken=b77a5c561934e089]]">
			<ArrayOfDouble xmlns:xsd="http://www.w3.org/2001/XMLSchema" xmlns:xsi="http://www.w3.org/2001/XMLSchema-instance">
				<double>0</double>
				<double>1</double>
			</ArrayOfDouble>
		</Object>
	</Objects>
</NodeCanvas>