﻿<?xml version="1.0" encoding="utf-8"?>
<NodeCanvas type="GeologicalLandforms.GraphEditor.Landform">
	<EditorStates>
		<EditorState selected="" pan="0,0" zoom="1" />
	</EditorStates>
	<Groups />
	<Nodes>
		<Node name="Custom Landform" ID="-1743587968" type="landformManifest" pos="-950,-517">
			<string name="Id">Canyon</string>
			<boolean name="IsCustom">false</boolean>
			<int name="RevisionVersion">1</int>
			<boolean name="IsEdited">false</boolean>
			<string name="DisplayName" />
			<boolean name="DisplayNameHasDirection">false</boolean>
			<int name="RandSeed">1333644392</int>
		</Node>
		<Node name="World Tile Requirements" ID="-488562688" type="worldTileReq" pos="-950,-517">
			<Topology name="Topology">CliffValley</Topology>
			<float name="Commonness">1</float>
			<float name="CaveChance">0.7011173</float>
			<FloatRange xmlns:xsd="http://www.w3.org/2001/XMLSchema" xmlns:xsi="http://www.w3.org/2001/XMLSchema-instance" name="HillinessRequirement">
				<min>1</min>
				<max>5</max>
			</FloatRange>
			<FloatRange xmlns:xsd="http://www.w3.org/2001/XMLSchema" xmlns:xsi="http://www.w3.org/2001/XMLSchema-instance" name="RoadRequirement">
				<min>0</min>
				<max>0</max>
			</FloatRange>
			<FloatRange xmlns:xsd="http://www.w3.org/2001/XMLSchema" xmlns:xsi="http://www.w3.org/2001/XMLSchema-instance" name="RiverRequirement">
				<min>0</min>
				<max>0</max>
			</FloatRange>
			<FloatRange xmlns:xsd="http://www.w3.org/2001/XMLSchema" xmlns:xsi="http://www.w3.org/2001/XMLSchema-instance" name="ElevationRequirement">
				<min>0</min>
				<max>5000</max>
			</FloatRange>
			<FloatRange xmlns:xsd="http://www.w3.org/2001/XMLSchema" xmlns:xsi="http://www.w3.org/2001/XMLSchema-instance" name="AvgTemperatureRequirement">
				<min>-100</min>
				<max>100</max>
			</FloatRange>
			<FloatRange xmlns:xsd="http://www.w3.org/2001/XMLSchema" xmlns:xsi="http://www.w3.org/2001/XMLSchema-instance" name="RainfallRequirement">
				<min>0</min>
				<max>5000</max>
			</FloatRange>
			<FloatRange xmlns:xsd="http://www.w3.org/2001/XMLSchema" xmlns:xsi="http://www.w3.org/2001/XMLSchema-instance" name="SwampinessRequirement">
				<min>0</min>
				<max>1</max>
			</FloatRange>
			<FloatRange xmlns:xsd="http://www.w3.org/2001/XMLSchema" xmlns:xsi="http://www.w3.org/2001/XMLSchema-instance" name="MapSizeRequirement">
				<min>50</min>
				<max>1000</max>
			</FloatRange>
			<boolean name="AllowSettlements">false</boolean>
			<boolean name="AllowSites">false</boolean>
			<int name="RandSeed">351232153</int>
		</Node>
		<Node name="Perlin Noise" ID="1178551552" type="gridPerlin" pos="-448.0002,-415.8">
			<Port ID="1051700224" name="FrequencyKnob" dynamic="False" />
			<Port ID="1623779328" name="LacunarityKnob" dynamic="False" />
			<Port ID="-2099108864" name="PersistenceKnob" dynamic="False" />
			<Port ID="-1527029760" name="ScaleKnob" dynamic="False" />
			<Port ID="-954950656" name="BiasKnob" dynamic="False" />
			<Port ID="-382871552" name="OutputKnob" dynamic="False" />
			<double name="Frequency">0.020999999716877937</double>
			<double name="Lacunarity">2</double>
			<double name="Persistence">0.5</double>
			<double name="Scale">0.5</double>
			<double name="Bias">0.5</double>
			<int name="Octaves">6</int>
			<int name="RandSeed">1409214904</int>
		</Node>
		<Node name="Preview" ID="796653312" type="gridPreview" pos="371.4,-317.7999">
			<Port ID="-673285120" name="InputKnob" dynamic="False" />
			<Port ID="-101206016" name="OutputKnob" dynamic="False" />
			<string name="PreviewModelId">Default</string>
			<int name="RandSeed">218670510</int>
		</Node>
		<Node name="Elevation Output" ID="601471488" type="outputElevation" pos="1577,-306">
			<Port ID="1615031296" name="InputKnob" dynamic="False" />
			<Port ID="-2107856896" name="OutputKnob" dynamic="False" />
			<int name="RandSeed">1888083133</int>
		</Node>
		<Node name="Preview" ID="-958072704" type="gridPreview" pos="1357,-351">
			<Port ID="-391619584" name="InputKnob" dynamic="False" />
			<Port ID="180459520" name="OutputKnob" dynamic="False" />
			<string name="PreviewModelId">Elevation</string>
			<int name="RandSeed">225595318</int>
		</Node>
		<Node name="Add" ID="1307598592" type="gridOperator" pos="813.2,-370">
			<Port ID="1896696832" name="OutputKnob" dynamic="False" />
			<Port ID="-202060800" name="Input 0" dynamic="True" type="NodeEditorFramework.ValueConnectionKnob, 0_TerrainGraph, Version=1.0.0.0, Culture=neutral, PublicKeyToken=null">
				<string name="styleID">GridFunc</string>
				<Direction name="direction">In</Direction>
				<ConnectionCount name="maxConnectionCount">Single</ConnectionCount>
				<NodeSide name="side">Left</NodeSide>
				<float name="sidePosition">38</float>
				<float name="sideOffset">0</float>
			</Port>
			<Port ID="194100224" name="Input 1" dynamic="True" type="NodeEditorFramework.ValueConnectionKnob, 0_TerrainGraph, Version=1.0.0.0, Culture=neutral, PublicKeyToken=null">
				<string name="styleID">GridFunc</string>
				<Direction name="direction">In</Direction>
				<ConnectionCount name="maxConnectionCount">Single</ConnectionCount>
				<NodeSide name="side">Left</NodeSide>
				<float name="sidePosition">66</float>
				<float name="sideOffset">0</float>
			</Port>
			<Variable name="Values" refID="-1243991936" />
			<Operation name="OperationType">Add</Operation>
			<double name="ApplyChance">1</double>
			<double name="Smoothness">0</double>
			<int name="RandSeed">2008654988</int>
		</Node>
		<Node name="Preview" ID="1582168576" type="gridPreview" pos="1129.2,-288">
			<Port ID="-1254112256" name="InputKnob" dynamic="False" />
			<Port ID="-682033152" name="OutputKnob" dynamic="False" />
			<string name="PreviewModelId">Default</string>
			<int name="RandSeed">1740177872</int>
		</Node>
		<Node name="Add" ID="-1377849472" type="gridOperator" pos="52,-179">
			<Port ID="-1430801408" name="OutputKnob" dynamic="False" />
			<Port ID="-1240471552" name="Input 0" dynamic="True" type="NodeEditorFramework.ValueConnectionKnob, 0_TerrainGraph, Version=1.0.0.0, Culture=neutral, PublicKeyToken=null">
				<string name="styleID">GridFunc</string>
				<Direction name="direction">In</Direction>
				<ConnectionCount name="maxConnectionCount">Single</ConnectionCount>
				<NodeSide name="side">Left</NodeSide>
				<float name="sidePosition">38</float>
				<float name="sideOffset">0</float>
			</Port>
			<Port ID="1047844864" name="Input 1" dynamic="True" type="NodeEditorFramework.ValueConnectionKnob, 0_TerrainGraph, Version=1.0.0.0, Culture=neutral, PublicKeyToken=null">
				<string name="styleID">GridFunc</string>
				<Direction name="direction">In</Direction>
				<ConnectionCount name="maxConnectionCount">Single</ConnectionCount>
				<NodeSide name="side">Left</NodeSide>
				<float name="sidePosition">66</float>
				<float name="sideOffset">0</float>
			</Port>
			<Variable name="Values" refID="1432708096" />
			<Operation name="OperationType">Max</Operation>
			<double name="ApplyChance">1</double>
			<double name="Smoothness">0</double>
			<int name="RandSeed">1735687294</int>
		</Node>
		<Node name="Map Sides" ID="-687893504" type="gridRotateToMapSides" pos="-149,-138">
			<Port ID="-386726912" name="Input 0" dynamic="True" type="NodeEditorFramework.ValueConnectionKnob, 0_TerrainGraph, Version=1.0.0.0, Culture=neutral, PublicKeyToken=null">
				<string name="styleID">GridFunc</string>
				<Direction name="direction">In</Direction>
				<ConnectionCount name="maxConnectionCount">Single</ConnectionCount>
				<NodeSide name="side">Left</NodeSide>
				<float name="sidePosition">38</float>
				<float name="sideOffset">0</float>
			</Port>
			<Port ID="1901589504" name="Output 0" dynamic="True" type="NodeEditorFramework.ValueConnectionKnob, 0_TerrainGraph, Version=1.0.0.0, Culture=neutral, PublicKeyToken=null">
				<string name="styleID">GridFunc</string>
				<Direction name="direction">Out</Direction>
				<ConnectionCount name="maxConnectionCount">Multi</ConnectionCount>
				<NodeSide name="side">Right</NodeSide>
				<float name="sidePosition">38</float>
				<float name="sideOffset">0</float>
			</Port>
			<Port ID="-105061376" name="Input 1" dynamic="True" type="NodeEditorFramework.ValueConnectionKnob, 0_TerrainGraph, Version=1.0.0.0, Culture=neutral, PublicKeyToken=null">
				<string name="styleID">GridFunc</string>
				<Direction name="direction">In</Direction>
				<ConnectionCount name="maxConnectionCount">Single</ConnectionCount>
				<NodeSide name="side">Left</NodeSide>
				<float name="sidePosition">66</float>
				<float name="sideOffset">0</float>
			</Port>
			<Port ID="-2111712256" name="Output 1" dynamic="True" type="NodeEditorFramework.ValueConnectionKnob, 0_TerrainGraph, Version=1.0.0.0, Culture=neutral, PublicKeyToken=null">
				<string name="styleID">GridFunc</string>
				<Direction name="direction">Out</Direction>
				<ConnectionCount name="maxConnectionCount">Multi</ConnectionCount>
				<NodeSide name="side">Right</NodeSide>
				<float name="sidePosition">66</float>
				<float name="sideOffset">0</float>
			</Port>
			<Variable name="MapSides" refID="1924313216" />
			<int name="RandSeed">1749960434</int>
		</Node>
		<Node name="Linear Function" ID="-1986048896" type="gridLinear" pos="-448,-169">
			<Port ID="-286643200" name="OutputKnob" dynamic="False" />
			<Port ID="176604160" name="Bias" dynamic="True" type="NodeEditorFramework.ValueConnectionKnob, 0_TerrainGraph, Version=1.0.0.0, Culture=neutral, PublicKeyToken=null">
				<string name="styleID">ValueFunc</string>
				<Direction name="direction">In</Direction>
				<ConnectionCount name="maxConnectionCount">Single</ConnectionCount>
				<NodeSide name="side">Left</NodeSide>
				<float name="sidePosition">38</float>
				<float name="sideOffset">0</float>
			</Port>
			<Port ID="224539648" name="Origin x" dynamic="True" type="NodeEditorFramework.ValueConnectionKnob, 0_TerrainGraph, Version=1.0.0.0, Culture=neutral, PublicKeyToken=null">
				<string name="styleID">ValueFunc</string>
				<Direction name="direction">In</Direction>
				<ConnectionCount name="maxConnectionCount">Single</ConnectionCount>
				<NodeSide name="side">Left</NodeSide>
				<float name="sidePosition">122</float>
				<float name="sideOffset">0</float>
			</Port>
			<Port ID="-1782111232" name="Span px" dynamic="True" type="NodeEditorFramework.ValueConnectionKnob, 0_TerrainGraph, Version=1.0.0.0, Culture=neutral, PublicKeyToken=null">
				<string name="styleID">ValueFunc</string>
				<Direction name="direction">In</Direction>
				<ConnectionCount name="maxConnectionCount">Single</ConnectionCount>
				<NodeSide name="side">Left</NodeSide>
				<float name="sidePosition">150</float>
				<float name="sideOffset">0</float>
			</Port>
			<Port ID="506205184" name="Clamp min" dynamic="True" type="NodeEditorFramework.ValueConnectionKnob, 0_TerrainGraph, Version=1.0.0.0, Culture=neutral, PublicKeyToken=null">
				<string name="styleID">ValueFunc</string>
				<Direction name="direction">In</Direction>
				<ConnectionCount name="maxConnectionCount">Single</ConnectionCount>
				<NodeSide name="side">Left</NodeSide>
				<float name="sidePosition">66</float>
				<float name="sideOffset">0</float>
			</Port>
			<Port ID="-1500445696" name="Clamp max" dynamic="True" type="NodeEditorFramework.ValueConnectionKnob, 0_TerrainGraph, Version=1.0.0.0, Culture=neutral, PublicKeyToken=null">
				<string name="styleID">ValueFunc</string>
				<Direction name="direction">In</Direction>
				<ConnectionCount name="maxConnectionCount">Single</ConnectionCount>
				<NodeSide name="side">Left</NodeSide>
				<float name="sidePosition">94</float>
				<float name="sideOffset">0</float>
			</Port>
			<Port ID="787870720" name="Span nx" dynamic="True" type="NodeEditorFramework.ValueConnectionKnob, 0_TerrainGraph, Version=1.0.0.0, Culture=neutral, PublicKeyToken=null">
				<string name="styleID">ValueFunc</string>
				<Direction name="direction">In</Direction>
				<ConnectionCount name="maxConnectionCount">Single</ConnectionCount>
				<NodeSide name="side">Left</NodeSide>
				<float name="sidePosition">178</float>
				<float name="sideOffset">0</float>
			</Port>
			<double name="Bias">1</double>
			<double name="ClampMin">-0.5</double>
			<double name="ClampMax">1</double>
			<double name="OriginX">0.33000001311302185</double>
			<double name="OriginZ">0</double>
			<double name="SpanPx">-25</double>
			<double name="SpanNx">0</double>
			<double name="SpanPz">0</double>
			<double name="SpanNz">0</double>
			<boolean name="Circular">false</boolean>
			<int name="RandSeed">1352135021</int>
		</Node>
		<Node name="Preview" ID="-172557440" type="gridPreview" pos="617,-248">
			<Port ID="857515008" name="InputKnob" dynamic="False" />
			<Port ID="1429594112" name="OutputKnob" dynamic="False" />
			<string name="PreviewModelId">Default</string>
			<int name="RandSeed">325673650</int>
		</Node>
		<Node name="Rotate" ID="-1927283456" type="gridRotate" pos="326,-146">
			<Port ID="-1149135872" name="InputKnob" dynamic="False" />
			<Port ID="-577056768" name="AngleKnob" dynamic="False" />
			<Port ID="-4977664" name="OutputKnob" dynamic="False" />
			<double name="Angle">6.454471405595541</double>
			<int name="RandSeed">508685186</int>
		</Node>
		<Node name="Random Value" ID="612957824" type="valueRandom" pos="53,-56">
			<Port ID="-2011628544" name="AverageKnob" dynamic="False" />
			<Port ID="-1439549440" name="DeviationKnob" dynamic="False" />
			<Port ID="-867470336" name="OutputKnob" dynamic="False" />
			<double name="Average">0</double>
			<double name="Deviation">25</double>
			<int name="RandSeed">269705473</int>
		</Node>
		<Node name="Scatterers" ID="1596713088" type="outputScatterers" pos="1504,-167">
			<Port ID="1420846080" name="MineablesKnob" dynamic="False" />
			<int name="RandSeed">1706557474</int>
		</Node>
		<Node name="Random Value" ID="-1141768192" type="valueRandom" pos="1205,-108">
			<Port ID="-1729963008" name="AverageKnob" dynamic="False" />
			<Port ID="-1157883904" name="DeviationKnob" dynamic="False" />
			<Port ID="-585804800" name="OutputKnob" dynamic="False" />
			<double name="Average">24</double>
			<double name="Deviation">4</double>
			<int name="RandSeed">484959910</int>
		</Node>
	</Nodes>
	<Connections>
		<Connection port1ID="-382871552" port2ID="-673285120" />
		<Connection port1ID="-101206016" port2ID="-202060800" />
		<Connection port1ID="1615031296" port2ID="180459520" />
		<Connection port1ID="-391619584" port2ID="-682033152" />
		<Connection port1ID="1896696832" port2ID="-1254112256" />
		<Connection port1ID="194100224" port2ID="1429594112" />
		<Connection port1ID="-1430801408" port2ID="-1149135872" />
		<Connection port1ID="-1240471552" port2ID="1901589504" />
		<Connection port1ID="1047844864" port2ID="-2111712256" />
		<Connection port1ID="-386726912" port2ID="-286643200" />
		<Connection port1ID="-105061376" port2ID="-286643200" />
		<Connection port1ID="857515008" port2ID="-4977664" />
		<Connection port1ID="-577056768" port2ID="-867470336" />
		<Connection port1ID="1420846080" port2ID="-585804800" />
	</Connections>
	<Objects>
		<Object refID="-1243991936" type="System.Collections.Generic.List`1[[System.Double, mscorlib, Version=4.0.0.0, Culture=neutral, PublicKeyToken=b77a5c561934e089]]">
			<ArrayOfDouble xmlns:xsd="http://www.w3.org/2001/XMLSchema" xmlns:xsi="http://www.w3.org/2001/XMLSchema-instance">
				<double>0</double>
				<double>0</double>
			</ArrayOfDouble>
		</Object>
		<Object refID="1432708096" type="System.Collections.Generic.List`1[[System.Double, mscorlib, Version=4.0.0.0, Culture=neutral, PublicKeyToken=b77a5c561934e089]]">
			<ArrayOfDouble xmlns:xsd="http://www.w3.org/2001/XMLSchema" xmlns:xsi="http://www.w3.org/2001/XMLSchema-instance">
				<double>0</double>
				<double>0</double>
			</ArrayOfDouble>
		</Object>
		<Object refID="1924313216" type="System.Collections.Generic.List`1[[TerrainGraph.NodeGridRotateToMapSides+MapSide, 1_GeologicalLandforms, Version=1.0.0.0, Culture=neutral, PublicKeyToken=null]]">
			<ArrayOfMapSide xmlns:xsd="http://www.w3.org/2001/XMLSchema" xmlns:xsi="http://www.w3.org/2001/XMLSchema-instance">
				<MapSide>Left</MapSide>
				<MapSide>Right</MapSide>
			</ArrayOfMapSide>
		</Object>
	</Objects>
</NodeCanvas>