﻿<?xml version="1.0" encoding="utf-8"?>
<NodeCanvas type="GeologicalLandforms.GraphEditor.Landform">
	<EditorStates>
		<EditorState selected="" pan="0,0" zoom="1" />
	</EditorStates>
	<Groups />
	<Nodes>
		<Node name="Custom Landform" ID="74737280" type="landformManifest" pos="-950,-517">
			<string name="Id">LoneMountain</string>
			<boolean name="IsCustom">false</boolean>
			<int name="RevisionVersion">1</int>
			<boolean name="IsEdited">false</boolean>
			<string name="DisplayName" />
			<boolean name="DisplayNameHasDirection">false</boolean>
			<int name="RandSeed">1333644392</int>
		</Node>
		<Node name="World Tile Requirements" ID="-2067890176" type="worldTileReq" pos="-950,-517">
			<Topology name="Topology">Inland</Topology>
			<float name="Commonness">0.0195531081</float>
			<float name="CaveChance">0.497206718</float>
			<FloatRange xmlns:xsd="http://www.w3.org/2001/XMLSchema" xmlns:xsi="http://www.w3.org/2001/XMLSchema-instance" name="HillinessRequirement">
				<min>1</min>
				<max>1.4971751</max>
			</FloatRange>
			<FloatRange xmlns:xsd="http://www.w3.org/2001/XMLSchema" xmlns:xsi="http://www.w3.org/2001/XMLSchema-instance" name="RoadRequirement">
				<min>0</min>
				<max>1</max>
			</FloatRange>
			<FloatRange xmlns:xsd="http://www.w3.org/2001/XMLSchema" xmlns:xsi="http://www.w3.org/2001/XMLSchema-instance" name="RiverRequirement">
				<min>0</min>
				<max>1</max>
			</FloatRange>
			<FloatRange xmlns:xsd="http://www.w3.org/2001/XMLSchema" xmlns:xsi="http://www.w3.org/2001/XMLSchema-instance" name="ElevationRequirement">
				<min>0</min>
				<max>5000</max>
			</FloatRange>
			<FloatRange xmlns:xsd="http://www.w3.org/2001/XMLSchema" xmlns:xsi="http://www.w3.org/2001/XMLSchema-instance" name="AvgTemperatureRequirement">
				<min>-100</min>
				<max>100</max>
			</FloatRange>
			<FloatRange xmlns:xsd="http://www.w3.org/2001/XMLSchema" xmlns:xsi="http://www.w3.org/2001/XMLSchema-instance" name="RainfallRequirement">
				<min>0</min>
				<max>5000</max>
			</FloatRange>
			<FloatRange xmlns:xsd="http://www.w3.org/2001/XMLSchema" xmlns:xsi="http://www.w3.org/2001/XMLSchema-instance" name="SwampinessRequirement">
				<min>0</min>
				<max>1</max>
			</FloatRange>
			<FloatRange xmlns:xsd="http://www.w3.org/2001/XMLSchema" xmlns:xsi="http://www.w3.org/2001/XMLSchema-instance" name="MapSizeRequirement">
				<min>50</min>
				<max>1000</max>
			</FloatRange>
			<boolean name="AllowSettlements">false</boolean>
			<boolean name="AllowSites">false</boolean>
			<int name="RandSeed">351232153</int>
		</Node>
		<Node name="Linear Function" ID="-1328325760" type="gridLinear" pos="-151.6002,-203.7999">
			<Port ID="-701858816" name="OutputKnob" dynamic="False" />
			<Port ID="52669440" name="Bias" dynamic="True" type="NodeEditorFramework.ValueConnectionKnob, 0_TerrainGraph, Version=1.0.0.0, Culture=neutral, PublicKeyToken=null">
				<string name="styleID">ValueFunc</string>
				<Direction name="direction">In</Direction>
				<ConnectionCount name="maxConnectionCount">Single</ConnectionCount>
				<NodeSide name="side">Left</NodeSide>
				<float name="sidePosition">38</float>
				<float name="sideOffset">0</float>
			</Port>
			<Port ID="-809823232" name="Origin x" dynamic="True" type="NodeEditorFramework.ValueConnectionKnob, 0_TerrainGraph, Version=1.0.0.0, Culture=neutral, PublicKeyToken=null">
				<string name="styleID">ValueFunc</string>
				<Direction name="direction">In</Direction>
				<ConnectionCount name="maxConnectionCount">Single</ConnectionCount>
				<NodeSide name="side">Left</NodeSide>
				<float name="sidePosition">122</float>
				<float name="sideOffset">0</float>
			</Port>
			<Port ID="2050572288" name="Span px" dynamic="True" type="NodeEditorFramework.ValueConnectionKnob, 0_TerrainGraph, Version=1.0.0.0, Culture=neutral, PublicKeyToken=null">
				<string name="styleID">ValueFunc</string>
				<Direction name="direction">In</Direction>
				<ConnectionCount name="maxConnectionCount">Single</ConnectionCount>
				<NodeSide name="side">Left</NodeSide>
				<float name="sidePosition">178</float>
				<float name="sideOffset">0</float>
			</Port>
			<Port ID="616000512" name="Clamp min" dynamic="True" type="NodeEditorFramework.ValueConnectionKnob, 0_TerrainGraph, Version=1.0.0.0, Culture=neutral, PublicKeyToken=null">
				<string name="styleID">ValueFunc</string>
				<Direction name="direction">In</Direction>
				<ConnectionCount name="maxConnectionCount">Single</ConnectionCount>
				<NodeSide name="side">Left</NodeSide>
				<float name="sidePosition">66</float>
				<float name="sideOffset">0</float>
			</Port>
			<Port ID="-246492160" name="Clamp max" dynamic="True" type="NodeEditorFramework.ValueConnectionKnob, 0_TerrainGraph, Version=1.0.0.0, Culture=neutral, PublicKeyToken=null">
				<string name="styleID">ValueFunc</string>
				<Direction name="direction">In</Direction>
				<ConnectionCount name="maxConnectionCount">Single</ConnectionCount>
				<NodeSide name="side">Left</NodeSide>
				<float name="sidePosition">94</float>
				<float name="sideOffset">0</float>
			</Port>
			<Port ID="-1681063936" name="Origin z" dynamic="True" type="NodeEditorFramework.ValueConnectionKnob, 0_TerrainGraph, Version=1.0.0.0, Culture=neutral, PublicKeyToken=null">
				<string name="styleID">ValueFunc</string>
				<Direction name="direction">In</Direction>
				<ConnectionCount name="maxConnectionCount">Single</ConnectionCount>
				<NodeSide name="side">Left</NodeSide>
				<float name="sidePosition">150</float>
				<float name="sideOffset">0</float>
			</Port>
			<Port ID="1981197312" name="Span pz" dynamic="True" type="NodeEditorFramework.ValueConnectionKnob, 0_TerrainGraph, Version=1.0.0.0, Culture=neutral, PublicKeyToken=null">
				<string name="styleID">ValueFunc</string>
				<Direction name="direction">In</Direction>
				<ConnectionCount name="maxConnectionCount">Single</ConnectionCount>
				<NodeSide name="side">Left</NodeSide>
				<float name="sidePosition">234</float>
				<float name="sideOffset">0</float>
			</Port>
			<Port ID="1118704640" name="Span nx" dynamic="True" type="NodeEditorFramework.ValueConnectionKnob, 0_TerrainGraph, Version=1.0.0.0, Culture=neutral, PublicKeyToken=null">
				<string name="styleID">ValueFunc</string>
				<Direction name="direction">In</Direction>
				<ConnectionCount name="maxConnectionCount">Single</ConnectionCount>
				<NodeSide name="side">Left</NodeSide>
				<float name="sidePosition">206</float>
				<float name="sideOffset">0</float>
			</Port>
			<Port ID="-315867136" name="Span nz" dynamic="True" type="NodeEditorFramework.ValueConnectionKnob, 0_TerrainGraph, Version=1.0.0.0, Culture=neutral, PublicKeyToken=null">
				<string name="styleID">ValueFunc</string>
				<Direction name="direction">In</Direction>
				<ConnectionCount name="maxConnectionCount">Single</ConnectionCount>
				<NodeSide name="side">Left</NodeSide>
				<float name="sidePosition">262</float>
				<float name="sideOffset">0</float>
			</Port>
			<double name="Bias">1.2000000476837158</double>
			<double name="ClampMin">-0.05000000074505806</double>
			<double name="ClampMax">1</double>
			<double name="OriginX">0.47185015338436</double>
			<double name="OriginZ">0.45505385769611384</double>
			<double name="SpanPx">-68.710405007004738</double>
			<double name="SpanNx">-71.016173332929611</double>
			<double name="SpanPz">-77.34106482565403</double>
			<double name="SpanNz">-60.093624725937843</double>
			<boolean name="Circular">true</boolean>
			<int name="RandSeed">473771871</int>
		</Node>
		<Node name="Perlin Noise" ID="-869939968" type="gridPerlin" pos="-153.6002,-440.4001">
			<Port ID="442299392" name="FrequencyKnob" dynamic="False" />
			<Port ID="1014378496" name="LacunarityKnob" dynamic="False" />
			<Port ID="1586457600" name="PersistenceKnob" dynamic="False" />
			<Port ID="-2136430592" name="ScaleKnob" dynamic="False" />
			<Port ID="-1564351488" name="BiasKnob" dynamic="False" />
			<Port ID="-992272384" name="OutputKnob" dynamic="False" />
			<double name="Frequency">0.020999999716877937</double>
			<double name="Lacunarity">2</double>
			<double name="Persistence">0.5</double>
			<double name="Scale">0.40000000596046448</double>
			<double name="Bias">0.40000000596046448</double>
			<int name="Octaves">6</int>
			<int name="RandSeed">1409214904</int>
		</Node>
		<Node name="Preview" ID="-1679988736" type="gridPreview" pos="138.8,-308.3999">
			<Port ID="-1282685952" name="InputKnob" dynamic="False" />
			<Port ID="-710606848" name="OutputKnob" dynamic="False" />
			<string name="PreviewModelId">Default</string>
			<int name="RandSeed">218670510</int>
		</Node>
		<Node name="Elevation Output" ID="855282688" type="outputElevation" pos="1024.4,-175.5999">
			<Port ID="1184786432" name="InputKnob" dynamic="False" />
			<Port ID="1756865536" name="OutputKnob" dynamic="False" />
			<int name="RandSeed">1888083133</int>
		</Node>
		<Node name="Preview" ID="860252544" type="gridPreview" pos="828.4001,-136.5999">
			<Port ID="894372864" name="InputKnob" dynamic="False" />
			<Port ID="603959296" name="OutputKnob" dynamic="False" />
			<string name="PreviewModelId">Elevation</string>
			<int name="RandSeed">225595318</int>
		</Node>
		<Node name="Preview" ID="-894473472" type="gridPreview" pos="137.1999,-146.5999">
			<Port ID="-1974770688" name="InputKnob" dynamic="False" />
			<Port ID="-1402691584" name="OutputKnob" dynamic="False" />
			<string name="PreviewModelId">Default</string>
			<int name="RandSeed">1853887357</int>
		</Node>
		<Node name="Add" ID="-617817344" type="gridOperator" pos="335.5999,-142.5999">
			<Port ID="1457703936" name="OutputKnob" dynamic="False" />
			<Port ID="-1750438912" name="Input 0" dynamic="True" type="NodeEditorFramework.ValueConnectionKnob, 0_TerrainGraph, Version=1.0.0.0, Culture=neutral, PublicKeyToken=null">
				<string name="styleID">GridFunc</string>
				<Direction name="direction">In</Direction>
				<ConnectionCount name="maxConnectionCount">Single</ConnectionCount>
				<NodeSide name="side">Left</NodeSide>
				<float name="sidePosition">38</float>
				<float name="sideOffset">0</float>
			</Port>
			<Port ID="1682035712" name="Input 1" dynamic="True" type="NodeEditorFramework.ValueConnectionKnob, 0_TerrainGraph, Version=1.0.0.0, Culture=neutral, PublicKeyToken=null">
				<string name="styleID">GridFunc</string>
				<Direction name="direction">In</Direction>
				<ConnectionCount name="maxConnectionCount">Single</ConnectionCount>
				<NodeSide name="side">Left</NodeSide>
				<float name="sidePosition">66</float>
				<float name="sideOffset">0</float>
			</Port>
			<Variable name="Values" refID="-43600640" />
			<Operation name="OperationType">Add</Operation>
			<double name="ApplyChance">1</double>
			<double name="Smoothness">0</double>
			<int name="RandSeed">2008654988</int>
		</Node>
		<Node name="Preview" ID="1645767808" type="gridPreview" pos="626.6001,-194.5999">
			<Port ID="1540209664" name="InputKnob" dynamic="False" />
			<Port ID="-1610599424" name="OutputKnob" dynamic="False" />
			<string name="PreviewModelId">Default</string>
			<int name="RandSeed">1740177872</int>
		</Node>
		<Node name="Random Value" ID="-108958208" type="valueRandom" pos="-443.4001,-95.79998">
			<Port ID="-184775680" name="AverageKnob" dynamic="False" />
			<Port ID="387303424" name="DeviationKnob" dynamic="False" />
			<Port ID="959382528" name="OutputKnob" dynamic="False" />
			<double name="Average">-64</double>
			<double name="Deviation">16</double>
			<int name="RandSeed">1112343733</int>
		</Node>
		<Node name="Random Value" ID="-1863684224" type="valueRandom" pos="-442.4001,-205.7999">
			<Port ID="96889856" name="AverageKnob" dynamic="False" />
			<Port ID="1813127168" name="DeviationKnob" dynamic="False" />
			<Port ID="-1909761024" name="OutputKnob" dynamic="False" />
			<double name="Average">0.5</double>
			<double name="Deviation">0.10000000149011612</double>
			<int name="RandSeed">187965943</int>
		</Node>
		<Node name="Scatterers" ID="-863567872" type="outputScatterers" pos="1024,-307">
			<Port ID="1122138112" name="MineablesKnob" dynamic="False" />
			<int name="RandSeed">1438505978</int>
		</Node>
		<Node name="Random Value" ID="676557056" type="valueRandom" pos="726,-379">
			<Port ID="-884512768" name="AverageKnob" dynamic="False" />
			<Port ID="-312433664" name="DeviationKnob" dynamic="False" />
			<Port ID="1403803648" name="OutputKnob" dynamic="False" />
			<double name="Average">12</double>
			<double name="Deviation">4</double>
			<int name="RandSeed">1456591394</int>
		</Node>
	</Nodes>
	<Connections>
		<Connection port1ID="-701858816" port2ID="-1974770688" />
		<Connection port1ID="-809823232" port2ID="-1909761024" />
		<Connection port1ID="2050572288" port2ID="959382528" />
		<Connection port1ID="-1681063936" port2ID="-1909761024" />
		<Connection port1ID="1981197312" port2ID="959382528" />
		<Connection port1ID="1118704640" port2ID="959382528" />
		<Connection port1ID="-315867136" port2ID="959382528" />
		<Connection port1ID="-992272384" port2ID="-1282685952" />
		<Connection port1ID="-710606848" port2ID="-1750438912" />
		<Connection port1ID="1184786432" port2ID="603959296" />
		<Connection port1ID="894372864" port2ID="-1610599424" />
		<Connection port1ID="-1402691584" port2ID="1682035712" />
		<Connection port1ID="1457703936" port2ID="1540209664" />
		<Connection port1ID="1122138112" port2ID="1403803648" />
	</Connections>
	<Objects>
		<Object refID="-43600640" type="System.Collections.Generic.List`1[[System.Double, mscorlib, Version=4.0.0.0, Culture=neutral, PublicKeyToken=b77a5c561934e089]]">
			<ArrayOfDouble xmlns:xsd="http://www.w3.org/2001/XMLSchema" xmlns:xsi="http://www.w3.org/2001/XMLSchema-instance">
				<double>0</double>
				<double>0</double>
			</ArrayOfDouble>
		</Object>
	</Objects>
</NodeCanvas>