﻿<?xml version="1.0" encoding="utf-8"?>
<NodeCanvas type="GeologicalLandforms.GraphEditor.Landform">
	<EditorStates>
		<EditorState selected="" pan="0,0" zoom="1" />
	</EditorStates>
	<Groups />
	<Nodes>
		<Node name="Custom Landform" ID="-299435904" type="landformManifest" pos="-950,-517">
			<string name="Id">Skerry</string>
			<boolean name="IsCustom">false</boolean>
			<int name="RevisionVersion">1</int>
			<boolean name="IsEdited">false</boolean>
			<string name="DisplayName" />
			<boolean name="DisplayNameHasDirection">false</boolean>
			<int name="RandSeed">1333644392</int>
		</Node>
		<Node name="World Tile Requirements" ID="-571686912" type="worldTileReq" pos="-950,-517">
			<Topology name="Topology">CoastAllSides</Topology>
			<float name="Commonness">0.34636873</float>
			<float name="CaveChance">0.198324025</float>
			<FloatRange xmlns:xsd="http://www.w3.org/2001/XMLSchema" xmlns:xsi="http://www.w3.org/2001/XMLSchema-instance" name="HillinessRequirement">
				<min>1</min>
				<max>5</max>
			</FloatRange>
			<FloatRange xmlns:xsd="http://www.w3.org/2001/XMLSchema" xmlns:xsi="http://www.w3.org/2001/XMLSchema-instance" name="RoadRequirement">
				<min>0</min>
				<max>0</max>
			</FloatRange>
			<FloatRange xmlns:xsd="http://www.w3.org/2001/XMLSchema" xmlns:xsi="http://www.w3.org/2001/XMLSchema-instance" name="RiverRequirement">
				<min>0</min>
				<max>0</max>
			</FloatRange>
			<FloatRange xmlns:xsd="http://www.w3.org/2001/XMLSchema" xmlns:xsi="http://www.w3.org/2001/XMLSchema-instance" name="ElevationRequirement">
				<min>0</min>
				<max>5000</max>
			</FloatRange>
			<FloatRange xmlns:xsd="http://www.w3.org/2001/XMLSchema" xmlns:xsi="http://www.w3.org/2001/XMLSchema-instance" name="AvgTemperatureRequirement">
				<min>-100</min>
				<max>100</max>
			</FloatRange>
			<FloatRange xmlns:xsd="http://www.w3.org/2001/XMLSchema" xmlns:xsi="http://www.w3.org/2001/XMLSchema-instance" name="RainfallRequirement">
				<min>0</min>
				<max>5000</max>
			</FloatRange>
			<FloatRange xmlns:xsd="http://www.w3.org/2001/XMLSchema" xmlns:xsi="http://www.w3.org/2001/XMLSchema-instance" name="SwampinessRequirement">
				<min>0</min>
				<max>1</max>
			</FloatRange>
			<FloatRange xmlns:xsd="http://www.w3.org/2001/XMLSchema" xmlns:xsi="http://www.w3.org/2001/XMLSchema-instance" name="MapSizeRequirement">
				<min>50</min>
				<max>1000</max>
			</FloatRange>
			<boolean name="AllowSettlements">false</boolean>
			<boolean name="AllowSites">false</boolean>
			<int name="RandSeed">351232153</int>
		</Node>
		<Node name="Preview" ID="-2054161920" type="terrainGridPreview" pos="2423.599,-155.2">
			<Port ID="-2145843200" name="InputKnob" dynamic="False" />
			<Port ID="-1573764096" name="OutputKnob" dynamic="False" />
			<int name="RandSeed">1223390690</int>
		</Node>
		<Node name="Add" ID="-1475643392" type="gridOperator" pos="305.8006,-250.8001">
			<Port ID="-348981248" name="OutputKnob" dynamic="False" />
			<Port ID="925532160" name="Input 0" dynamic="True" type="NodeEditorFramework.ValueConnectionKnob, 0_TerrainGraph, Version=1.0.0.0, Culture=neutral, PublicKeyToken=null">
				<string name="styleID">GridFunc</string>
				<Direction name="direction">In</Direction>
				<ConnectionCount name="maxConnectionCount">Single</ConnectionCount>
				<NodeSide name="side">Left</NodeSide>
				<float name="sidePosition">38</float>
				<float name="sideOffset">0</float>
			</Port>
			<Port ID="-2142638080" name="Input 1" dynamic="True" type="NodeEditorFramework.ValueConnectionKnob, 0_TerrainGraph, Version=1.0.0.0, Culture=neutral, PublicKeyToken=null">
				<string name="styleID">GridFunc</string>
				<Direction name="direction">In</Direction>
				<ConnectionCount name="maxConnectionCount">Single</ConnectionCount>
				<NodeSide name="side">Left</NodeSide>
				<float name="sidePosition">66</float>
				<float name="sideOffset">0</float>
			</Port>
			<Variable name="Values" refID="2110560256" />
			<Operation name="OperationType">Add</Operation>
			<double name="ApplyChance">1</double>
			<double name="Smoothness">0</double>
			<int name="RandSeed">1042729726</int>
		</Node>
		<Node name="Perlin Noise" ID="-413326976" type="gridPerlin" pos="-174.2,-425.8">
			<Port ID="795176960" name="FrequencyKnob" dynamic="False" />
			<Port ID="1367256064" name="LacunarityKnob" dynamic="False" />
			<Port ID="1939335168" name="PersistenceKnob" dynamic="False" />
			<Port ID="-1783553024" name="ScaleKnob" dynamic="False" />
			<Port ID="-1211473920" name="BiasKnob" dynamic="False" />
			<Port ID="-639394816" name="OutputKnob" dynamic="False" />
			<double name="Frequency">0.02500000037252903</double>
			<double name="Lacunarity">2</double>
			<double name="Persistence">0.5</double>
			<double name="Scale">0.5</double>
			<double name="Bias">0.5</double>
			<int name="Octaves">3</int>
			<int name="RandSeed">58629024</int>
		</Node>
		<Node name="Preview" ID="486079360" type="gridPreview" pos="109.8005,-317.8002">
			<Port ID="-929808384" name="InputKnob" dynamic="False" />
			<Port ID="-357729280" name="OutputKnob" dynamic="False" />
			<string name="PreviewModelId">Default</string>
			<int name="RandSeed">1681325360</int>
		</Node>
		<Node name="Linear Function" ID="165727360" type="gridLinear" pos="-173.1999,-200.2001">
			<Port ID="1358508032" name="OutputKnob" dynamic="False" />
			<Port ID="717757440" name="Bias" dynamic="True" type="NodeEditorFramework.ValueConnectionKnob, 0_TerrainGraph, Version=1.0.0.0, Culture=neutral, PublicKeyToken=null">
				<string name="styleID">ValueFunc</string>
				<Direction name="direction">In</Direction>
				<ConnectionCount name="maxConnectionCount">Single</ConnectionCount>
				<NodeSide name="side">Left</NodeSide>
				<float name="sidePosition">38</float>
				<float name="sideOffset">0</float>
			</Port>
			<Port ID="-1288893440" name="Origin x" dynamic="True" type="NodeEditorFramework.ValueConnectionKnob, 0_TerrainGraph, Version=1.0.0.0, Culture=neutral, PublicKeyToken=null">
				<string name="styleID">ValueFunc</string>
				<Direction name="direction">In</Direction>
				<ConnectionCount name="maxConnectionCount">Single</ConnectionCount>
				<NodeSide name="side">Left</NodeSide>
				<float name="sidePosition">122</float>
				<float name="sideOffset">0</float>
			</Port>
			<Port ID="999422976" name="Span px" dynamic="True" type="NodeEditorFramework.ValueConnectionKnob, 0_TerrainGraph, Version=1.0.0.0, Culture=neutral, PublicKeyToken=null">
				<string name="styleID">ValueFunc</string>
				<Direction name="direction">In</Direction>
				<ConnectionCount name="maxConnectionCount">Single</ConnectionCount>
				<NodeSide name="side">Left</NodeSide>
				<float name="sidePosition">178</float>
				<float name="sideOffset">0</float>
			</Port>
			<Port ID="-1007227904" name="Span nx" dynamic="True" type="NodeEditorFramework.ValueConnectionKnob, 0_TerrainGraph, Version=1.0.0.0, Culture=neutral, PublicKeyToken=null">
				<string name="styleID">ValueFunc</string>
				<Direction name="direction">In</Direction>
				<ConnectionCount name="maxConnectionCount">Single</ConnectionCount>
				<NodeSide name="side">Left</NodeSide>
				<float name="sidePosition">206</float>
				<float name="sideOffset">0</float>
			</Port>
			<Port ID="1281088512" name="Origin z" dynamic="True" type="NodeEditorFramework.ValueConnectionKnob, 0_TerrainGraph, Version=1.0.0.0, Culture=neutral, PublicKeyToken=null">
				<string name="styleID">ValueFunc</string>
				<Direction name="direction">In</Direction>
				<ConnectionCount name="maxConnectionCount">Single</ConnectionCount>
				<NodeSide name="side">Left</NodeSide>
				<float name="sidePosition">150</float>
				<float name="sideOffset">0</float>
			</Port>
			<Port ID="-725562368" name="Span pz" dynamic="True" type="NodeEditorFramework.ValueConnectionKnob, 0_TerrainGraph, Version=1.0.0.0, Culture=neutral, PublicKeyToken=null">
				<string name="styleID">ValueFunc</string>
				<Direction name="direction">In</Direction>
				<ConnectionCount name="maxConnectionCount">Single</ConnectionCount>
				<NodeSide name="side">Left</NodeSide>
				<float name="sidePosition">234</float>
				<float name="sideOffset">0</float>
			</Port>
			<Port ID="1105705984" name="Span nz" dynamic="True" type="NodeEditorFramework.ValueConnectionKnob, 0_TerrainGraph, Version=1.0.0.0, Culture=neutral, PublicKeyToken=null">
				<string name="styleID">ValueFunc</string>
				<Direction name="direction">In</Direction>
				<ConnectionCount name="maxConnectionCount">Single</ConnectionCount>
				<NodeSide name="side">Left</NodeSide>
				<float name="sidePosition">262</float>
				<float name="sideOffset">0</float>
			</Port>
			<Port ID="-900944896" name="Clamp min" dynamic="True" type="NodeEditorFramework.ValueConnectionKnob, 0_TerrainGraph, Version=1.0.0.0, Culture=neutral, PublicKeyToken=null">
				<string name="styleID">ValueFunc</string>
				<Direction name="direction">In</Direction>
				<ConnectionCount name="maxConnectionCount">Single</ConnectionCount>
				<NodeSide name="side">Left</NodeSide>
				<float name="sidePosition">66</float>
				<float name="sideOffset">0</float>
			</Port>
			<Port ID="1387371520" name="Clamp max" dynamic="True" type="NodeEditorFramework.ValueConnectionKnob, 0_TerrainGraph, Version=1.0.0.0, Culture=neutral, PublicKeyToken=null">
				<string name="styleID">ValueFunc</string>
				<Direction name="direction">In</Direction>
				<ConnectionCount name="maxConnectionCount">Single</ConnectionCount>
				<NodeSide name="side">Left</NodeSide>
				<float name="sidePosition">94</float>
				<float name="sideOffset">0</float>
			</Port>
			<double name="Bias">-1</double>
			<double name="ClampMin">0.10000000149011612</double>
			<double name="ClampMax">2</double>
			<double name="OriginX">0.5</double>
			<double name="OriginZ">0.5</double>
			<double name="SpanPx">31.460635522380471</double>
			<double name="SpanNx">34.562355047091842</double>
			<double name="SpanPz">25.489636147394776</double>
			<double name="SpanNz">39.3200626084581</double>
			<boolean name="Circular">true</boolean>
			<int name="RandSeed">1290554408</int>
		</Node>
		<Node name="Preview" ID="-1268646656" type="gridPreview" pos="1663.399,-216.6001">
			<Port ID="-1792301056" name="InputKnob" dynamic="False" />
			<Port ID="-1220221952" name="OutputKnob" dynamic="False" />
			<string name="PreviewModelId">Default</string>
			<int name="RandSeed">1085710265</int>
		</Node>
		<Node name="Random Value" ID="1271594624" type="valueRandom" pos="-476.7999,-90.20012">
			<Port ID="496015360" name="AverageKnob" dynamic="False" />
			<Port ID="1068094464" name="DeviationKnob" dynamic="False" />
			<Port ID="1640173568" name="OutputKnob" dynamic="False" />
			<double name="Average">35</double>
			<double name="Deviation">15</double>
			<int name="RandSeed">1016909954</int>
		</Node>
		<Node name="Rotate" ID="-483131392" type="gridRotate" pos="639.6,-66.00006">
			<Port ID="-366477312" name="InputKnob" dynamic="False" />
			<Port ID="-784548864" name="AngleKnob" dynamic="False" />
			<Port ID="-212469760" name="OutputKnob" dynamic="False" />
			<double name="Angle">-4.6643951162695885</double>
			<int name="RandSeed">1162899842</int>
		</Node>
		<Node name="Random Value" ID="163669248" type="valueRandom" pos="305.8004,-105.8002">
			<Port ID="2075846656" name="AverageKnob" dynamic="False" />
			<Port ID="-1647041536" name="DeviationKnob" dynamic="False" />
			<Port ID="-1074962432" name="OutputKnob" dynamic="False" />
			<double name="Average">0</double>
			<double name="Deviation">30</double>
			<int name="RandSeed">195754971</int>
		</Node>
		<Node name="Terrain Output" ID="-1732195328" type="outputTerrain" pos="2619.599,-104.2001">
			<Port ID="1213353984" name="BaseKnob" dynamic="False" />
			<Port ID="1785433088" name="StoneKnob" dynamic="False" />
			<int name="RandSeed">1207926160</int>
		</Node>
		<Node name="Preview" ID="-1591056768" type="terrainGridPreview" pos="2424.398,-7.800001">
			<Port ID="-793296896" name="InputKnob" dynamic="False" />
			<Port ID="-221217792" name="OutputKnob" dynamic="False" />
			<int name="RandSeed">1532085631</int>
		</Node>
		<Node name="Perlin Noise" ID="265470208" type="gridPerlin" pos="490.4001,151.4">
			<Port ID="1495019520" name="FrequencyKnob" dynamic="False" />
			<Port ID="2067098624" name="LacunarityKnob" dynamic="False" />
			<Port ID="-1655789568" name="PersistenceKnob" dynamic="False" />
			<Port ID="-1083710464" name="ScaleKnob" dynamic="False" />
			<Port ID="-511631360" name="BiasKnob" dynamic="False" />
			<Port ID="60447744" name="OutputKnob" dynamic="False" />
			<double name="Frequency">0.020999999716877937</double>
			<double name="Lacunarity">2</double>
			<double name="Persistence">0.5</double>
			<double name="Scale">0.5</double>
			<double name="Bias">0.5</double>
			<int name="Octaves">6</int>
			<int name="RandSeed">673126278</int>
		</Node>
		<Node name="Add" ID="133875840" type="gridOperator" pos="770.4,253.2">
			<Port ID="-229965824" name="OutputKnob" dynamic="False" />
			<Port ID="-619279360" name="Input 0" dynamic="True" type="NodeEditorFramework.ValueConnectionKnob, 0_TerrainGraph, Version=1.0.0.0, Culture=neutral, PublicKeyToken=null">
				<string name="styleID">GridFunc</string>
				<Direction name="direction">In</Direction>
				<ConnectionCount name="maxConnectionCount">Single</ConnectionCount>
				<NodeSide name="side">Left</NodeSide>
				<float name="sidePosition">38</float>
				<float name="sideOffset">0</float>
			</Port>
			<Port ID="1669037056" name="Input 1" dynamic="True" type="NodeEditorFramework.ValueConnectionKnob, 0_TerrainGraph, Version=1.0.0.0, Culture=neutral, PublicKeyToken=null">
				<string name="styleID">GridFunc</string>
				<Direction name="direction">In</Direction>
				<ConnectionCount name="maxConnectionCount">Single</ConnectionCount>
				<NodeSide name="side">Left</NodeSide>
				<float name="sidePosition">66</float>
				<float name="sideOffset">0</float>
			</Port>
			<Variable name="Values" refID="1804405504" />
			<Operation name="OperationType">Multiply</Operation>
			<double name="ApplyChance">1</double>
			<double name="Smoothness">0</double>
			<int name="RandSeed">697293830</int>
		</Node>
		<Node name="Grid" ID="1273406976" type="gridFromValue" pos="648.0001,388.6">
			<Port ID="-1905920000" name="InputKnob" dynamic="False" />
			<Port ID="-1333840896" name="OutputKnob" dynamic="False" />
			<int name="RandSeed">1049091880</int>
		</Node>
		<Node name="World Tile" ID="949184512" type="valueWorldTile" pos="491.4001,388.6">
			<Port ID="382396416" name="ElevationOutputKnob" dynamic="False" />
			<Port ID="954475520" name="HillinessOutputKnob" dynamic="False" />
			<Port ID="1526554624" name="TemperatureOutputKnob" dynamic="False" />
			<Port ID="2098633728" name="RainfallOutputKnob" dynamic="False" />
			<int name="RandSeed">1622286867</int>
		</Node>
		<Node name="Elevation Output" ID="-15958016" type="outputElevation" pos="1844.799,86.2">
			<Port ID="664061952" name="InputKnob" dynamic="False" />
			<Port ID="1236141056" name="OutputKnob" dynamic="False" />
			<int name="RandSeed">356250661</int>
		</Node>
		<Node name="Natural Rock" ID="1939757056" type="terrainGridNaturalRock" pos="1947.999,169">
			<Port ID="-1342588928" name="OutputKnob" dynamic="False" />
			<int name="RandSeed">2097876217</int>
		</Node>
		<Node name="Select" ID="-805541504" type="gridSelectTerrainGrid" pos="2137.599,42.59999">
			<Port ID="-198430720" name="InputKnob" dynamic="False" />
			<Port ID="373648384" name="OutputKnob" dynamic="False" />
			<Port ID="234465280" name="Option 0" dynamic="True" type="NodeEditorFramework.ValueConnectionKnob, 0_TerrainGraph, Version=1.0.0.0, Culture=neutral, PublicKeyToken=null">
				<string name="styleID">TerrainGridFunc</string>
				<Direction name="direction">In</Direction>
				<ConnectionCount name="maxConnectionCount">Single</ConnectionCount>
				<NodeSide name="side">Left</NodeSide>
				<float name="sidePosition">66</float>
				<float name="sideOffset">0</float>
			</Port>
			<Port ID="-1772185600" name="Option 1" dynamic="True" type="NodeEditorFramework.ValueConnectionKnob, 0_TerrainGraph, Version=1.0.0.0, Culture=neutral, PublicKeyToken=null">
				<string name="styleID">TerrainGridFunc</string>
				<Direction name="direction">In</Direction>
				<ConnectionCount name="maxConnectionCount">Single</ConnectionCount>
				<NodeSide name="side">Left</NodeSide>
				<float name="sidePosition">94</float>
				<float name="sideOffset">0</float>
			</Port>
			<Variable name="Values" refID="2115811712" />
			<Variable name="Thresholds" refID="-1678789248" />
			<int name="RandSeed">1090300600</int>
		</Node>
		<Node name="Select" ID="1734699776" type="gridSelectTerrainGrid" pos="2002.399,-252.6">
			<Port ID="2089885696" name="InputKnob" dynamic="False" />
			<Port ID="-1633002496" name="OutputKnob" dynamic="False" />
			<Port ID="516130816" name="Option 0" dynamic="True" type="NodeEditorFramework.ValueConnectionKnob, 0_TerrainGraph, Version=1.0.0.0, Culture=neutral, PublicKeyToken=null">
				<string name="styleID">TerrainGridFunc</string>
				<Direction name="direction">In</Direction>
				<ConnectionCount name="maxConnectionCount">Single</ConnectionCount>
				<NodeSide name="side">Left</NodeSide>
				<float name="sidePosition">66</float>
				<float name="sideOffset">0</float>
			</Port>
			<Port ID="-402229248" name="Option 1" dynamic="True" type="NodeEditorFramework.ValueConnectionKnob, 0_TerrainGraph, Version=1.0.0.0, Culture=neutral, PublicKeyToken=null">
				<string name="styleID">TerrainGridFunc</string>
				<Direction name="direction">In</Direction>
				<ConnectionCount name="maxConnectionCount">Single</ConnectionCount>
				<NodeSide name="side">Left</NodeSide>
				<float name="sidePosition">94</float>
				<float name="sideOffset">0</float>
			</Port>
			<Port ID="1886087168" name="Option 2" dynamic="True" type="NodeEditorFramework.ValueConnectionKnob, 0_TerrainGraph, Version=1.0.0.0, Culture=neutral, PublicKeyToken=null">
				<string name="styleID">TerrainGridFunc</string>
				<Direction name="direction">In</Direction>
				<ConnectionCount name="maxConnectionCount">Single</ConnectionCount>
				<NodeSide name="side">Left</NodeSide>
				<float name="sidePosition">122</float>
				<float name="sideOffset">0</float>
			</Port>
			<Port ID="-120563712" name="Option 3" dynamic="True" type="NodeEditorFramework.ValueConnectionKnob, 0_TerrainGraph, Version=1.0.0.0, Culture=neutral, PublicKeyToken=null">
				<string name="styleID">TerrainGridFunc</string>
				<Direction name="direction">In</Direction>
				<ConnectionCount name="maxConnectionCount">Single</ConnectionCount>
				<NodeSide name="side">Left</NodeSide>
				<float name="sidePosition">150</float>
				<float name="sideOffset">0</float>
			</Port>
			<Port ID="-2127214592" name="Option 4" dynamic="True" type="NodeEditorFramework.ValueConnectionKnob, 0_TerrainGraph, Version=1.0.0.0, Culture=neutral, PublicKeyToken=null">
				<string name="styleID">TerrainGridFunc</string>
				<Direction name="direction">In</Direction>
				<ConnectionCount name="maxConnectionCount">Single</ConnectionCount>
				<NodeSide name="side">Left</NodeSide>
				<float name="sidePosition">178</float>
				<float name="sideOffset">0</float>
			</Port>
			<Variable name="Values" refID="1333819392" />
			<Variable name="Thresholds" refID="1004917120" />
			<int name="RandSeed">1735609270</int>
		</Node>
		<Node name="Natural Rock" ID="1115753088" type="terrainGridNaturalRock" pos="1800.799,-154.6001">
			<Port ID="83234816" name="OutputKnob" dynamic="False" />
			<int name="RandSeed">1421341744</int>
		</Node>
		<Node name="Preview" ID="-20026240" type="gridPreview" pos="1043.6,200.4">
			<Port ID="1227393024" name="InputKnob" dynamic="False" />
			<Port ID="1799472128" name="OutputKnob" dynamic="False" />
			<string name="PreviewModelId">Default</string>
			<int name="RandSeed">233105921</int>
		</Node>
		<Node name="Add" ID="1743395072" type="gridOperator" pos="1257.8,121">
			<Port ID="1043789824" name="OutputKnob" dynamic="False" />
			<Port ID="161101824" name="Input 0" dynamic="True" type="NodeEditorFramework.ValueConnectionKnob, 0_TerrainGraph, Version=1.0.0.0, Culture=neutral, PublicKeyToken=null">
				<string name="styleID">GridFunc</string>
				<Direction name="direction">In</Direction>
				<ConnectionCount name="maxConnectionCount">Single</ConnectionCount>
				<NodeSide name="side">Left</NodeSide>
				<float name="sidePosition">38</float>
				<float name="sideOffset">0</float>
			</Port>
			<Port ID="-1845549056" name="Input 1" dynamic="True" type="NodeEditorFramework.ValueConnectionKnob, 0_TerrainGraph, Version=1.0.0.0, Culture=neutral, PublicKeyToken=null">
				<string name="styleID">GridFunc</string>
				<Direction name="direction">In</Direction>
				<ConnectionCount name="maxConnectionCount">Single</ConnectionCount>
				<NodeSide name="side">Left</NodeSide>
				<float name="sidePosition">66</float>
				<float name="sideOffset">0</float>
			</Port>
			<Port ID="442767360" name="Input 2" dynamic="True" type="NodeEditorFramework.ValueConnectionKnob, 0_TerrainGraph, Version=1.0.0.0, Culture=neutral, PublicKeyToken=null">
				<string name="styleID">GridFunc</string>
				<Direction name="direction">In</Direction>
				<ConnectionCount name="maxConnectionCount">Single</ConnectionCount>
				<NodeSide name="side">Left</NodeSide>
				<float name="sidePosition">94</float>
				<float name="sideOffset">0</float>
			</Port>
			<Variable name="Values" refID="1979379328" />
			<Operation name="OperationType">Add</Operation>
			<double name="ApplyChance">1</double>
			<double name="Smoothness">0</double>
			<int name="RandSeed">357525614</int>
		</Node>
		<Node name="Preview" ID="-1774752256" type="gridPreview" pos="1531.001,194.4">
			<Port ID="-2107019264" name="InputKnob" dynamic="False" />
			<Port ID="-1534940160" name="OutputKnob" dynamic="False" />
			<string name="PreviewModelId">Default</string>
			<int name="RandSeed">1905888341</int>
		</Node>
		<Node name="Preview" ID="765489024" type="gridPreview" pos="1688.399,136">
			<Port ID="181297152" name="InputKnob" dynamic="False" />
			<Port ID="753376256" name="OutputKnob" dynamic="False" />
			<string name="PreviewModelId">Elevation</string>
			<int name="RandSeed">1969450968</int>
		</Node>
		<Node name="Natural Water" ID="832108544" type="terrainNaturalWater" pos="1662.799,-63.80003">
			<Port ID="-1825353728" name="DeepOutputKnob" dynamic="False" />
			<Port ID="-1253274624" name="ShallowOutputKnob" dynamic="False" />
			<Port ID="-681195520" name="BeachOutputKnob" dynamic="False" />
			<int name="RandSeed">416773477</int>
		</Node>
		<Node name="Grid" ID="-457256448" type="terrainGridFromValue" pos="1821.799,-80.80006">
			<Port ID="1607120896" name="InputKnob" dynamic="False" />
			<Port ID="-2115767296" name="OutputKnob" dynamic="False" />
			<int name="RandSeed">462425424</int>
		</Node>
		<Node name="Grid" ID="-1746621440" type="terrainGridFromValue" pos="1821.799,-12.8">
			<Port ID="-399529984" name="InputKnob" dynamic="False" />
			<Port ID="172549120" name="OutputKnob" dynamic="False" />
			<int name="RandSeed">263624329</int>
		</Node>
		<Node name="Add" ID="-942052992" type="gridOperator" pos="947.2001,33.59997">
			<Port ID="1888786432" name="OutputKnob" dynamic="False" />
			<Port ID="-991804416" name="Input 0" dynamic="True" type="NodeEditorFramework.ValueConnectionKnob, 0_TerrainGraph, Version=1.0.0.0, Culture=neutral, PublicKeyToken=null">
				<string name="styleID">GridFunc</string>
				<Direction name="direction">In</Direction>
				<ConnectionCount name="maxConnectionCount">Single</ConnectionCount>
				<NodeSide name="side">Left</NodeSide>
				<float name="sidePosition">38</float>
				<float name="sideOffset">0</float>
			</Port>
			<Port ID="176763904" name="Input 1" dynamic="True" type="NodeEditorFramework.ValueConnectionKnob, 0_TerrainGraph, Version=1.0.0.0, Culture=neutral, PublicKeyToken=null">
				<string name="styleID">GridFunc</string>
				<Direction name="direction">In</Direction>
				<ConnectionCount name="maxConnectionCount">Single</ConnectionCount>
				<NodeSide name="side">Left</NodeSide>
				<float name="sidePosition">66</float>
				<float name="sideOffset">0</float>
			</Port>
			<Variable name="Values" refID="1001420544" />
			<Operation name="OperationType">Multiply</Operation>
			<double name="ApplyChance">1</double>
			<double name="Smoothness">0</double>
			<int name="RandSeed">887439289</int>
		</Node>
		<Node name="Preview" ID="-989236992" type="gridPreview" pos="110.5999,-165.6001">
			<Port ID="-1262022656" name="InputKnob" dynamic="False" />
			<Port ID="-689943552" name="OutputKnob" dynamic="False" />
			<string name="PreviewModelId">Default</string>
			<int name="RandSeed">585736906</int>
		</Node>
		<Node name="Add" ID="667466240" type="gridOperator" pos="1259.2,-284.8">
			<Port ID="1026293760" name="OutputKnob" dynamic="False" />
			<Port ID="-1257807872" name="Input 0" dynamic="True" type="NodeEditorFramework.ValueConnectionKnob, 0_TerrainGraph, Version=1.0.0.0, Culture=neutral, PublicKeyToken=null">
				<string name="styleID">GridFunc</string>
				<Direction name="direction">In</Direction>
				<ConnectionCount name="maxConnectionCount">Single</ConnectionCount>
				<NodeSide name="side">Left</NodeSide>
				<float name="sidePosition">66</float>
				<float name="sideOffset">0</float>
			</Port>
			<Port ID="1030508544" name="Input 1" dynamic="True" type="NodeEditorFramework.ValueConnectionKnob, 0_TerrainGraph, Version=1.0.0.0, Culture=neutral, PublicKeyToken=null">
				<string name="styleID">GridFunc</string>
				<Direction name="direction">In</Direction>
				<ConnectionCount name="maxConnectionCount">Single</ConnectionCount>
				<NodeSide name="side">Left</NodeSide>
				<float name="sidePosition">94</float>
				<float name="sideOffset">0</float>
			</Port>
			<Port ID="-976142336" name="Smoothness" dynamic="True" type="NodeEditorFramework.ValueConnectionKnob, 0_TerrainGraph, Version=1.0.0.0, Culture=neutral, PublicKeyToken=null">
				<string name="styleID">ValueFunc</string>
				<Direction name="direction">In</Direction>
				<ConnectionCount name="maxConnectionCount">Single</ConnectionCount>
				<NodeSide name="side">Left</NodeSide>
				<float name="sidePosition">38</float>
				<float name="sideOffset">0</float>
			</Port>
			<Variable name="Values" refID="-1346364032" />
			<Operation name="OperationType">Smooth_Min</Operation>
			<double name="ApplyChance">1</double>
			<double name="Smoothness">2</double>
			<int name="RandSeed">937571584</int>
		</Node>
		<Node name="Linear Function" ID="-1016919552" type="gridLinear" pos="639.2,-318.6">
			<Port ID="148666368" name="OutputKnob" dynamic="False" />
			<Port ID="1884253184" name="Bias" dynamic="True" type="NodeEditorFramework.ValueConnectionKnob, 0_TerrainGraph, Version=1.0.0.0, Culture=neutral, PublicKeyToken=null">
				<string name="styleID">ValueFunc</string>
				<Direction name="direction">In</Direction>
				<ConnectionCount name="maxConnectionCount">Single</ConnectionCount>
				<NodeSide name="side">Left</NodeSide>
				<float name="sidePosition">38</float>
				<float name="sideOffset">0</float>
			</Port>
			<Port ID="-122397696" name="Origin x" dynamic="True" type="NodeEditorFramework.ValueConnectionKnob, 0_TerrainGraph, Version=1.0.0.0, Culture=neutral, PublicKeyToken=null">
				<string name="styleID">ValueFunc</string>
				<Direction name="direction">In</Direction>
				<ConnectionCount name="maxConnectionCount">Single</ConnectionCount>
				<NodeSide name="side">Left</NodeSide>
				<float name="sidePosition">66</float>
				<float name="sideOffset">0</float>
			</Port>
			<Port ID="-2129048576" name="Span px" dynamic="True" type="NodeEditorFramework.ValueConnectionKnob, 0_TerrainGraph, Version=1.0.0.0, Culture=neutral, PublicKeyToken=null">
				<string name="styleID">ValueFunc</string>
				<Direction name="direction">In</Direction>
				<ConnectionCount name="maxConnectionCount">Single</ConnectionCount>
				<NodeSide name="side">Left</NodeSide>
				<float name="sidePosition">122</float>
				<float name="sideOffset">0</float>
			</Port>
			<Port ID="-2083341312" name="Span nx" dynamic="True" type="NodeEditorFramework.ValueConnectionKnob, 0_TerrainGraph, Version=1.0.0.0, Culture=neutral, PublicKeyToken=null">
				<string name="styleID">ValueFunc</string>
				<Direction name="direction">In</Direction>
				<ConnectionCount name="maxConnectionCount">Single</ConnectionCount>
				<NodeSide name="side">Left</NodeSide>
				<float name="sidePosition">150</float>
				<float name="sideOffset">0</float>
			</Port>
			<Port ID="204975104" name="Origin z" dynamic="True" type="NodeEditorFramework.ValueConnectionKnob, 0_TerrainGraph, Version=1.0.0.0, Culture=neutral, PublicKeyToken=null">
				<string name="styleID">ValueFunc</string>
				<Direction name="direction">In</Direction>
				<ConnectionCount name="maxConnectionCount">Single</ConnectionCount>
				<NodeSide name="side">Left</NodeSide>
				<float name="sidePosition">94</float>
				<float name="sideOffset">0</float>
			</Port>
			<Port ID="-1801675776" name="Span pz" dynamic="True" type="NodeEditorFramework.ValueConnectionKnob, 0_TerrainGraph, Version=1.0.0.0, Culture=neutral, PublicKeyToken=null">
				<string name="styleID">ValueFunc</string>
				<Direction name="direction">In</Direction>
				<ConnectionCount name="maxConnectionCount">Single</ConnectionCount>
				<NodeSide name="side">Left</NodeSide>
				<float name="sidePosition">178</float>
				<float name="sideOffset">0</float>
			</Port>
			<Port ID="486640640" name="Span nz" dynamic="True" type="NodeEditorFramework.ValueConnectionKnob, 0_TerrainGraph, Version=1.0.0.0, Culture=neutral, PublicKeyToken=null">
				<string name="styleID">ValueFunc</string>
				<Direction name="direction">In</Direction>
				<ConnectionCount name="maxConnectionCount">Single</ConnectionCount>
				<NodeSide name="side">Left</NodeSide>
				<float name="sidePosition">206</float>
				<float name="sideOffset">0</float>
			</Port>
			<double name="Bias">1.25</double>
			<double name="ClampMin">-1.7976931348623157E+308</double>
			<double name="ClampMax">1.7976931348623157E+308</double>
			<double name="OriginX">0.40000000596046448</double>
			<double name="OriginZ">0.5</double>
			<double name="SpanPx">60</double>
			<double name="SpanNx">0</double>
			<double name="SpanPz">220</double>
			<double name="SpanNz">220</double>
			<boolean name="Circular">false</boolean>
			<int name="RandSeed">1965719177</int>
		</Node>
		<Node name="Preview" ID="1551004288" type="gridPreview" pos="1054.2,-354.8">
			<Port ID="1292824576" name="InputKnob" dynamic="False" />
			<Port ID="1864903680" name="OutputKnob" dynamic="False" />
			<string name="PreviewModelId">Default</string>
			<int name="RandSeed">45134472</int>
		</Node>
		<Node name="Map Sides" ID="1258980864" type="gridRotateToMapSides" pos="900.0002,-330.8">
			<Port ID="-1520010240" name="Input 0" dynamic="True" type="NodeEditorFramework.ValueConnectionKnob, 0_TerrainGraph, Version=1.0.0.0, Culture=neutral, PublicKeyToken=null">
				<string name="styleID">GridFunc</string>
				<Direction name="direction">In</Direction>
				<ConnectionCount name="maxConnectionCount">Single</ConnectionCount>
				<NodeSide name="side">Left</NodeSide>
				<float name="sidePosition">38</float>
				<float name="sideOffset">0</float>
			</Port>
			<Port ID="768306176" name="Output 0" dynamic="True" type="NodeEditorFramework.ValueConnectionKnob, 0_TerrainGraph, Version=1.0.0.0, Culture=neutral, PublicKeyToken=null">
				<string name="styleID">GridFunc</string>
				<Direction name="direction">Out</Direction>
				<ConnectionCount name="maxConnectionCount">Multi</ConnectionCount>
				<NodeSide name="side">Right</NodeSide>
				<float name="sidePosition">38</float>
				<float name="sideOffset">0</float>
			</Port>
			<Variable name="MapSides" refID="497610368" />
			<int name="RandSeed">850769177</int>
		</Node>
	</Nodes>
	<Connections>
		<Connection port1ID="-2145843200" port2ID="-1633002496" />
		<Connection port1ID="-1573764096" port2ID="1213353984" />
		<Connection port1ID="-348981248" port2ID="-366477312" />
		<Connection port1ID="925532160" port2ID="-357729280" />
		<Connection port1ID="-2142638080" port2ID="-689943552" />
		<Connection port1ID="-639394816" port2ID="-929808384" />
		<Connection port1ID="1358508032" port2ID="-1262022656" />
		<Connection port1ID="999422976" port2ID="1640173568" />
		<Connection port1ID="-1007227904" port2ID="1640173568" />
		<Connection port1ID="-725562368" port2ID="1640173568" />
		<Connection port1ID="1105705984" port2ID="1640173568" />
		<Connection port1ID="-1792301056" port2ID="1026293760" />
		<Connection port1ID="-1220221952" port2ID="2089885696" />
		<Connection port1ID="-784548864" port2ID="-1074962432" />
		<Connection port1ID="-212469760" port2ID="-991804416" />
		<Connection port1ID="-212469760" port2ID="1030508544" />
		<Connection port1ID="1785433088" port2ID="-221217792" />
		<Connection port1ID="-793296896" port2ID="373648384" />
		<Connection port1ID="60447744" port2ID="-619279360" />
		<Connection port1ID="-229965824" port2ID="1227393024" />
		<Connection port1ID="1669037056" port2ID="-1333840896" />
		<Connection port1ID="-1905920000" port2ID="954475520" />
		<Connection port1ID="664061952" port2ID="753376256" />
		<Connection port1ID="1236141056" port2ID="-198430720" />
		<Connection port1ID="-1342588928" port2ID="-1772185600" />
		<Connection port1ID="1886087168" port2ID="83234816" />
		<Connection port1ID="-120563712" port2ID="-2115767296" />
		<Connection port1ID="-2127214592" port2ID="172549120" />
		<Connection port1ID="1799472128" port2ID="-1845549056" />
		<Connection port1ID="1043789824" port2ID="-2107019264" />
		<Connection port1ID="161101824" port2ID="1888786432" />
		<Connection port1ID="-1534940160" port2ID="181297152" />
		<Connection port1ID="-1825353728" port2ID="-399529984" />
		<Connection port1ID="-1253274624" port2ID="1607120896" />
		<Connection port1ID="-1257807872" port2ID="1864903680" />
		<Connection port1ID="148666368" port2ID="-1520010240" />
		<Connection port1ID="1292824576" port2ID="768306176" />
	</Connections>
	<Objects>
		<Object refID="2110560256" type="System.Collections.Generic.List`1[[System.Double, mscorlib, Version=4.0.0.0, Culture=neutral, PublicKeyToken=b77a5c561934e089]]">
			<ArrayOfDouble xmlns:xsd="http://www.w3.org/2001/XMLSchema" xmlns:xsi="http://www.w3.org/2001/XMLSchema-instance">
				<double>0</double>
				<double>0</double>
			</ArrayOfDouble>
		</Object>
		<Object refID="1804405504" type="System.Collections.Generic.List`1[[System.Double, mscorlib, Version=4.0.0.0, Culture=neutral, PublicKeyToken=b77a5c561934e089]]">
			<ArrayOfDouble xmlns:xsd="http://www.w3.org/2001/XMLSchema" xmlns:xsi="http://www.w3.org/2001/XMLSchema-instance">
				<double>0</double>
				<double>1</double>
			</ArrayOfDouble>
		</Object>
		<Object refID="2115811712" type="System.Collections.Generic.List`1[[System.String, mscorlib, Version=4.0.0.0, Culture=neutral, PublicKeyToken=b77a5c561934e089]]">
			<ArrayOfString xmlns:xsd="http://www.w3.org/2001/XMLSchema" xmlns:xsi="http://www.w3.org/2001/XMLSchema-instance">
				<string />
				<string />
			</ArrayOfString>
		</Object>
		<Object refID="-1678789248" type="System.Collections.Generic.List`1[[System.Double, mscorlib, Version=4.0.0.0, Culture=neutral, PublicKeyToken=b77a5c561934e089]]">
			<ArrayOfDouble xmlns:xsd="http://www.w3.org/2001/XMLSchema" xmlns:xsi="http://www.w3.org/2001/XMLSchema-instance">
				<double>0.60000002384185791</double>
			</ArrayOfDouble>
		</Object>
		<Object refID="1333819392" type="System.Collections.Generic.List`1[[System.String, mscorlib, Version=4.0.0.0, Culture=neutral, PublicKeyToken=b77a5c561934e089]]">
			<ArrayOfString xmlns:xsd="http://www.w3.org/2001/XMLSchema" xmlns:xsi="http://www.w3.org/2001/XMLSchema-instance">
				<string>WaterShallow</string>
				<string>None</string>
				<string />
				<string />
				<string />
			</ArrayOfString>
		</Object>
		<Object refID="1004917120" type="System.Collections.Generic.List`1[[System.Double, mscorlib, Version=4.0.0.0, Culture=neutral, PublicKeyToken=b77a5c561934e089]]">
			<ArrayOfDouble xmlns:xsd="http://www.w3.org/2001/XMLSchema" xmlns:xsi="http://www.w3.org/2001/XMLSchema-instance">
				<double>0.10000000149011612</double>
				<double>0.44999998807907104</double>
				<double>1</double>
				<double>1.7999999523162842</double>
			</ArrayOfDouble>
		</Object>
		<Object refID="1979379328" type="System.Collections.Generic.List`1[[System.Double, mscorlib, Version=4.0.0.0, Culture=neutral, PublicKeyToken=b77a5c561934e089]]">
			<ArrayOfDouble xmlns:xsd="http://www.w3.org/2001/XMLSchema" xmlns:xsi="http://www.w3.org/2001/XMLSchema-instance">
				<double>0</double>
				<double>0</double>
				<double>0.5</double>
			</ArrayOfDouble>
		</Object>
		<Object refID="1001420544" type="System.Collections.Generic.List`1[[System.Double, mscorlib, Version=4.0.0.0, Culture=neutral, PublicKeyToken=b77a5c561934e089]]">
			<ArrayOfDouble xmlns:xsd="http://www.w3.org/2001/XMLSchema" xmlns:xsi="http://www.w3.org/2001/XMLSchema-instance">
				<double>0</double>
				<double>-0.5</double>
			</ArrayOfDouble>
		</Object>
		<Object refID="-1346364032" type="System.Collections.Generic.List`1[[System.Double, mscorlib, Version=4.0.0.0, Culture=neutral, PublicKeyToken=b77a5c561934e089]]">
			<ArrayOfDouble xmlns:xsd="http://www.w3.org/2001/XMLSchema" xmlns:xsi="http://www.w3.org/2001/XMLSchema-instance">
				<double>0</double>
				<double>0</double>
			</ArrayOfDouble>
		</Object>
		<Object refID="497610368" type="System.Collections.Generic.List`1[[TerrainGraph.NodeGridRotateToMapSides+MapSide, 1_GeologicalLandforms, Version=1.0.0.0, Culture=neutral, PublicKeyToken=null]]">
			<ArrayOfMapSide xmlns:xsd="http://www.w3.org/2001/XMLSchema" xmlns:xsi="http://www.w3.org/2001/XMLSchema-instance">
				<MapSide>Front</MapSide>
			</ArrayOfMapSide>
		</Object>
	</Objects>
</NodeCanvas>