﻿<?xml version="1.0" encoding="utf-8"?>
<NodeCanvas type="GeologicalLandforms.GraphEditor.Landform">
	<EditorStates>
		<EditorState selected="" pan="0,0" zoom="1" />
	</EditorStates>
	<Groups />
	<Nodes>
		<Node name="Custom Landform" ID="-634259712" type="landformManifest" pos="-950,-517">
			<string name="Id">Lake</string>
			<boolean name="IsCustom">false</boolean>
			<int name="RevisionVersion">1</int>
			<boolean name="IsEdited">false</boolean>
			<string name="DisplayName" />
			<boolean name="DisplayNameHasDirection">false</boolean>
			<int name="RandSeed">1333644392</int>
		</Node>
		<Node name="World Tile Requirements" ID="-342904832" type="worldTileReq" pos="-950,-517">
			<Topology name="Topology">Inland</Topology>
			<float name="Commonness">0.02793297</float>
			<float name="CaveChance">0</float>
			<FloatRange xmlns:xsd="http://www.w3.org/2001/XMLSchema" xmlns:xsi="http://www.w3.org/2001/XMLSchema-instance" name="HillinessRequirement">
				<min>1</min>
				<max>5</max>
			</FloatRange>
			<FloatRange xmlns:xsd="http://www.w3.org/2001/XMLSchema" xmlns:xsi="http://www.w3.org/2001/XMLSchema-instance" name="RoadRequirement">
				<min>0</min>
				<max>1</max>
			</FloatRange>
			<FloatRange xmlns:xsd="http://www.w3.org/2001/XMLSchema" xmlns:xsi="http://www.w3.org/2001/XMLSchema-instance" name="RiverRequirement">
				<min>0</min>
				<max>1</max>
			</FloatRange>
			<FloatRange xmlns:xsd="http://www.w3.org/2001/XMLSchema" xmlns:xsi="http://www.w3.org/2001/XMLSchema-instance" name="ElevationRequirement">
				<min>0</min>
				<max>5000</max>
			</FloatRange>
			<FloatRange xmlns:xsd="http://www.w3.org/2001/XMLSchema" xmlns:xsi="http://www.w3.org/2001/XMLSchema-instance" name="AvgTemperatureRequirement">
				<min>-19.7740116</min>
				<max>100</max>
			</FloatRange>
			<FloatRange xmlns:xsd="http://www.w3.org/2001/XMLSchema" xmlns:xsi="http://www.w3.org/2001/XMLSchema-instance" name="RainfallRequirement">
				<min>522.5989</min>
				<max>5000</max>
			</FloatRange>
			<FloatRange xmlns:xsd="http://www.w3.org/2001/XMLSchema" xmlns:xsi="http://www.w3.org/2001/XMLSchema-instance" name="SwampinessRequirement">
				<min>0</min>
				<max>1</max>
			</FloatRange>
			<FloatRange xmlns:xsd="http://www.w3.org/2001/XMLSchema" xmlns:xsi="http://www.w3.org/2001/XMLSchema-instance" name="MapSizeRequirement">
				<min>50</min>
				<max>1000</max>
			</FloatRange>
			<boolean name="AllowSettlements">false</boolean>
			<boolean name="AllowSites">false</boolean>
			<int name="RandSeed">351232153</int>
		</Node>
		<Node name="Preview" ID="1905981568" type="gridPreview" pos="150.4002,-114.4">
			<Port ID="1225212928" name="InputKnob" dynamic="False" />
			<Port ID="1024113664" name="OutputKnob" dynamic="False" />
			<string name="PreviewModelId">Default</string>
			<int name="RandSeed">122585397</int>
		</Node>
		<Node name="Select" ID="151255552" type="gridSelectTerrain" pos="1112.4,-108.4">
			<Port ID="-1554616320" name="InputKnob" dynamic="False" />
			<Port ID="-982537216" name="OutputKnob" dynamic="False" />
			<Port ID="-1433549824" name="Option 0" dynamic="True" type="NodeEditorFramework.ValueConnectionKnob, 0_TerrainGraph, Version=1.0.0.0, Culture=neutral, PublicKeyToken=null">
				<string name="styleID">TerrainFunc</string>
				<Direction name="direction">In</Direction>
				<ConnectionCount name="maxConnectionCount">Single</ConnectionCount>
				<NodeSide name="side">Left</NodeSide>
				<float name="sidePosition">66</float>
				<float name="sideOffset">0</float>
			</Port>
			<Port ID="1157572608" name="Option 1" dynamic="True" type="NodeEditorFramework.ValueConnectionKnob, 0_TerrainGraph, Version=1.0.0.0, Culture=neutral, PublicKeyToken=null">
				<string name="styleID">TerrainFunc</string>
				<Direction name="direction">In</Direction>
				<ConnectionCount name="maxConnectionCount">Single</ConnectionCount>
				<NodeSide name="side">Left</NodeSide>
				<float name="sidePosition">94</float>
				<float name="sideOffset">0</float>
			</Port>
			<Port ID="-1968720896" name="Option 2" dynamic="True" type="NodeEditorFramework.ValueConnectionKnob, 0_TerrainGraph, Version=1.0.0.0, Culture=neutral, PublicKeyToken=null">
				<string name="styleID">TerrainFunc</string>
				<Direction name="direction">In</Direction>
				<ConnectionCount name="maxConnectionCount">Single</ConnectionCount>
				<NodeSide name="side">Left</NodeSide>
				<float name="sidePosition">122</float>
				<float name="sideOffset">0</float>
			</Port>
			<Port ID="891674624" name="Option 3" dynamic="True" type="NodeEditorFramework.ValueConnectionKnob, 0_TerrainGraph, Version=1.0.0.0, Culture=neutral, PublicKeyToken=null">
				<string name="styleID">TerrainFunc</string>
				<Direction name="direction">In</Direction>
				<ConnectionCount name="maxConnectionCount">Single</ConnectionCount>
				<NodeSide name="side">Left</NodeSide>
				<float name="sidePosition">150</float>
				<float name="sideOffset">0</float>
			</Port>
			<Variable name="Values" refID="-1437377920" />
			<Variable name="Thresholds" refID="2121065728" />
			<int name="RandSeed">1555528661</int>
		</Node>
		<Node name="Preview" ID="-1603470464" type="terrainGridPreview" pos="1401.4,-202.4">
			<Port ID="-1272950784" name="InputKnob" dynamic="False" />
			<Port ID="-700871680" name="OutputKnob" dynamic="False" />
			<int name="RandSeed">1223390690</int>
		</Node>
		<Node name="Add" ID="378621056" type="gridOperator" pos="346.4002,-201.4">
			<Port ID="-2135443456" name="OutputKnob" dynamic="False" />
			<Port ID="1173340160" name="Input 0" dynamic="True" type="NodeEditorFramework.ValueConnectionKnob, 0_TerrainGraph, Version=1.0.0.0, Culture=neutral, PublicKeyToken=null">
				<string name="styleID">GridFunc</string>
				<Direction name="direction">In</Direction>
				<ConnectionCount name="maxConnectionCount">Single</ConnectionCount>
				<NodeSide name="side">Left</NodeSide>
				<float name="sidePosition">38</float>
				<float name="sideOffset">0</float>
			</Port>
			<Port ID="1164592128" name="Input 1" dynamic="True" type="NodeEditorFramework.ValueConnectionKnob, 0_TerrainGraph, Version=1.0.0.0, Culture=neutral, PublicKeyToken=null">
				<string name="styleID">GridFunc</string>
				<Direction name="direction">In</Direction>
				<ConnectionCount name="maxConnectionCount">Single</ConnectionCount>
				<NodeSide name="side">Left</NodeSide>
				<float name="sidePosition">66</float>
				<float name="sideOffset">0</float>
			</Port>
			<Variable name="Values" refID="1249825024" />
			<Operation name="OperationType">Add</Operation>
			<double name="ApplyChance">1</double>
			<double name="Smoothness">0</double>
			<int name="RandSeed">1042729726</int>
		</Node>
		<Node name="Perlin Noise" ID="1960927360" type="gridPerlin" pos="-133.6001,-401.4">
			<Port ID="-991285248" name="FrequencyKnob" dynamic="False" />
			<Port ID="-1281698816" name="LacunarityKnob" dynamic="False" />
			<Port ID="-709619712" name="PersistenceKnob" dynamic="False" />
			<Port ID="-137540608" name="ScaleKnob" dynamic="False" />
			<Port ID="434538496" name="BiasKnob" dynamic="False" />
			<Port ID="1006617600" name="OutputKnob" dynamic="False" />
			<double name="Frequency">0.029999999329447746</double>
			<double name="Lacunarity">2</double>
			<double name="Persistence">0.5</double>
			<double name="Scale">0.5</double>
			<double name="Bias">0.5</double>
			<int name="Octaves">3</int>
			<int name="RandSeed">58629024</int>
		</Node>
		<Node name="Preview" ID="936770816" type="gridPreview" pos="150.4002,-293.4">
			<Port ID="2100438016" name="InputKnob" dynamic="False" />
			<Port ID="-1622450176" name="OutputKnob" dynamic="False" />
			<string name="PreviewModelId">Default</string>
			<int name="RandSeed">1681325360</int>
		</Node>
		<Node name="Terrain Output" ID="-1621031424" type="outputTerrain" pos="1593.4,-137.4">
			<Port ID="-1340784640" name="BaseKnob" dynamic="False" />
			<Port ID="-768705536" name="StoneKnob" dynamic="False" />
			<int name="RandSeed">1441011932</int>
		</Node>
		<Node name="Linear Function" ID="1598049408" type="gridLinear" pos="-132,-156">
			<Port ID="1801276416" name="OutputKnob" dynamic="False" />
			<Port ID="1570564096" name="Bias" dynamic="True" type="NodeEditorFramework.ValueConnectionKnob, 0_TerrainGraph, Version=1.0.0.0, Culture=neutral, PublicKeyToken=null">
				<string name="styleID">ValueFunc</string>
				<Direction name="direction">In</Direction>
				<ConnectionCount name="maxConnectionCount">Single</ConnectionCount>
				<NodeSide name="side">Left</NodeSide>
				<float name="sidePosition">38</float>
				<float name="sideOffset">0</float>
			</Port>
			<Port ID="-1879406592" name="Origin x" dynamic="True" type="NodeEditorFramework.ValueConnectionKnob, 0_TerrainGraph, Version=1.0.0.0, Culture=neutral, PublicKeyToken=null">
				<string name="styleID">ValueFunc</string>
				<Direction name="direction">In</Direction>
				<ConnectionCount name="maxConnectionCount">Single</ConnectionCount>
				<NodeSide name="side">Left</NodeSide>
				<float name="sidePosition">66</float>
				<float name="sideOffset">0</float>
			</Port>
			<Port ID="-1165273088" name="Span px" dynamic="True" type="NodeEditorFramework.ValueConnectionKnob, 0_TerrainGraph, Version=1.0.0.0, Culture=neutral, PublicKeyToken=null">
				<string name="styleID">ValueFunc</string>
				<Direction name="direction">In</Direction>
				<ConnectionCount name="maxConnectionCount">Single</ConnectionCount>
				<NodeSide name="side">Left</NodeSide>
				<float name="sidePosition">122</float>
				<float name="sideOffset">0</float>
			</Port>
			<Port ID="1976787968" name="Span nx" dynamic="True" type="NodeEditorFramework.ValueConnectionKnob, 0_TerrainGraph, Version=1.0.0.0, Culture=neutral, PublicKeyToken=null">
				<string name="styleID">ValueFunc</string>
				<Direction name="direction">In</Direction>
				<ConnectionCount name="maxConnectionCount">Single</ConnectionCount>
				<NodeSide name="side">Left</NodeSide>
				<float name="sidePosition">150</float>
				<float name="sideOffset">0</float>
			</Port>
			<Port ID="-29862912" name="Origin z" dynamic="True" type="NodeEditorFramework.ValueConnectionKnob, 0_TerrainGraph, Version=1.0.0.0, Culture=neutral, PublicKeyToken=null">
				<string name="styleID">ValueFunc</string>
				<Direction name="direction">In</Direction>
				<ConnectionCount name="maxConnectionCount">Single</ConnectionCount>
				<NodeSide name="side">Left</NodeSide>
				<float name="sidePosition">94</float>
				<float name="sideOffset">0</float>
			</Port>
			<Port ID="970846208" name="Span pz" dynamic="True" type="NodeEditorFramework.ValueConnectionKnob, 0_TerrainGraph, Version=1.0.0.0, Culture=neutral, PublicKeyToken=null">
				<string name="styleID">ValueFunc</string>
				<Direction name="direction">In</Direction>
				<ConnectionCount name="maxConnectionCount">Single</ConnectionCount>
				<NodeSide name="side">Left</NodeSide>
				<float name="sidePosition">178</float>
				<float name="sideOffset">0</float>
			</Port>
			<Port ID="-1035804672" name="Span nz" dynamic="True" type="NodeEditorFramework.ValueConnectionKnob, 0_TerrainGraph, Version=1.0.0.0, Culture=neutral, PublicKeyToken=null">
				<string name="styleID">ValueFunc</string>
				<Direction name="direction">In</Direction>
				<ConnectionCount name="maxConnectionCount">Single</ConnectionCount>
				<NodeSide name="side">Left</NodeSide>
				<float name="sidePosition">206</float>
				<float name="sideOffset">0</float>
			</Port>
			<double name="Bias">-1</double>
			<double name="ClampMin">-1.7976931348623157E+308</double>
			<double name="ClampMax">1.7976931348623157E+308</double>
			<double name="OriginX">0.55639946134983687</double>
			<double name="OriginZ">0.56698947415857726</double>
			<double name="SpanPx">36.026407487690449</double>
			<double name="SpanNx">35.5956596955657</double>
			<double name="SpanPz">41.735664762556553</double>
			<double name="SpanNz">51.2654047254473</double>
			<boolean name="Circular">true</boolean>
			<int name="RandSeed">1290554408</int>
		</Node>
		<Node name="Preview" ID="-817955200" type="gridPreview" pos="920,-201">
			<Port ID="-1349532672" name="InputKnob" dynamic="False" />
			<Port ID="-777453568" name="OutputKnob" dynamic="False" />
			<string name="PreviewModelId">Default</string>
			<int name="RandSeed">1085710265</int>
		</Node>
		<Node name="Random Value" ID="1722286080" type="valueRandom" pos="-430,-30">
			<Port ID="228570112" name="AverageKnob" dynamic="False" />
			<Port ID="800649216" name="DeviationKnob" dynamic="False" />
			<Port ID="1372728320" name="OutputKnob" dynamic="False" />
			<double name="Average">42</double>
			<double name="Deviation">10</double>
			<int name="RandSeed">1016909954</int>
		</Node>
		<Node name="Random Value" ID="-2011339520" type="valueRandom" pos="-431.6001,-139.4">
			<Port ID="-1786828800" name="AverageKnob" dynamic="False" />
			<Port ID="-1214749696" name="DeviationKnob" dynamic="False" />
			<Port ID="-642670592" name="OutputKnob" dynamic="False" />
			<double name="Average">0.5</double>
			<double name="Deviation">0.10000000149011612</double>
			<int name="RandSeed">1363071202</int>
		</Node>
		<Node name="Rotate" ID="528901760" type="gridRotate" pos="635.3999,-158.4">
			<Port ID="1645645824" name="InputKnob" dynamic="False" />
			<Port ID="-2077242368" name="AngleKnob" dynamic="False" />
			<Port ID="-1505163264" name="OutputKnob" dynamic="False" />
			<double name="Angle">-15.383934583514929</double>
			<int name="RandSeed">1162899842</int>
		</Node>
		<Node name="Random Value" ID="-1225824256" type="valueRandom" pos="346.3999,-81.4">
			<Port ID="172624896" name="AverageKnob" dynamic="False" />
			<Port ID="1316783104" name="DeviationKnob" dynamic="False" />
			<Port ID="1888862208" name="OutputKnob" dynamic="False" />
			<double name="Average">0</double>
			<double name="Deviation">30</double>
			<int name="RandSeed">195754971</int>
		</Node>
		<Node name="Natural Water" ID="1384570880" type="terrainNaturalWater" pos="920,-51">
			<Port ID="454290432" name="DeepOutputKnob" dynamic="False" />
			<Port ID="1598448640" name="ShallowOutputKnob" dynamic="False" />
			<Port ID="-2124439552" name="BeachOutputKnob" dynamic="False" />
			<int name="RandSeed">2006778718</int>
		</Node>
		<Node name="Add" ID="1988140288" type="gridOperator" pos="922,129">
			<Port ID="735955968" name="OutputKnob" dynamic="False" />
			<Port ID="1252511744" name="Input 0" dynamic="True" type="NodeEditorFramework.ValueConnectionKnob, 0_TerrainGraph, Version=1.0.0.0, Culture=neutral, PublicKeyToken=null">
				<string name="styleID">GridFunc</string>
				<Direction name="direction">In</Direction>
				<ConnectionCount name="maxConnectionCount">Single</ConnectionCount>
				<NodeSide name="side">Left</NodeSide>
				<float name="sidePosition">38</float>
				<float name="sideOffset">0</float>
			</Port>
			<Port ID="-754139136" name="Input 1" dynamic="True" type="NodeEditorFramework.ValueConnectionKnob, 0_TerrainGraph, Version=1.0.0.0, Culture=neutral, PublicKeyToken=null">
				<string name="styleID">GridFunc</string>
				<Direction name="direction">In</Direction>
				<ConnectionCount name="maxConnectionCount">Single</ConnectionCount>
				<NodeSide name="side">Left</NodeSide>
				<float name="sidePosition">66</float>
				<float name="sideOffset">0</float>
			</Port>
			<Variable name="Values" refID="1848148224" />
			<Operation name="OperationType">Min</Operation>
			<double name="ApplyChance">1</double>
			<double name="Smoothness">0</double>
			<int name="RandSeed">971930227</int>
		</Node>
		<Node name="Add" ID="-697307776" type="gridOperator" pos="1221,194">
			<Port ID="-1842774016" name="OutputKnob" dynamic="False" />
			<Port ID="2106256384" name="Input 0" dynamic="True" type="NodeEditorFramework.ValueConnectionKnob, 0_TerrainGraph, Version=1.0.0.0, Culture=neutral, PublicKeyToken=null">
				<string name="styleID">GridFunc</string>
				<Direction name="direction">In</Direction>
				<ConnectionCount name="maxConnectionCount">Single</ConnectionCount>
				<NodeSide name="side">Left</NodeSide>
				<float name="sidePosition">38</float>
				<float name="sideOffset">0</float>
			</Port>
			<Port ID="99605504" name="Input 1" dynamic="True" type="NodeEditorFramework.ValueConnectionKnob, 0_TerrainGraph, Version=1.0.0.0, Culture=neutral, PublicKeyToken=null">
				<string name="styleID">GridFunc</string>
				<Direction name="direction">In</Direction>
				<ConnectionCount name="maxConnectionCount">Single</ConnectionCount>
				<NodeSide name="side">Left</NodeSide>
				<float name="sidePosition">66</float>
				<float name="sideOffset">0</float>
			</Port>
			<Port ID="-190808064" name="Input 2" dynamic="True" type="NodeEditorFramework.ValueConnectionKnob, 0_TerrainGraph, Version=1.0.0.0, Culture=neutral, PublicKeyToken=null">
				<string name="styleID">GridFunc</string>
				<Direction name="direction">In</Direction>
				<ConnectionCount name="maxConnectionCount">Single</ConnectionCount>
				<NodeSide name="side">Left</NodeSide>
				<float name="sidePosition">94</float>
				<float name="sideOffset">0</float>
			</Port>
			<Variable name="Values" refID="243880448" />
			<Operation name="OperationType">Add</Operation>
			<double name="ApplyChance">1</double>
			<double name="Smoothness">0</double>
			<int name="RandSeed">548937605</int>
		</Node>
		<Node name="Preview" ID="1314417024" type="gridPreview" pos="965,266">
			<Port ID="860092416" name="InputKnob" dynamic="False" />
			<Port ID="1432171520" name="OutputKnob" dynamic="False" />
			<string name="PreviewModelId">Elevation</string>
			<int name="RandSeed">1342523420</int>
		</Node>
		<Node name="Add" ID="912211456" type="gridOperator" pos="635,192">
			<Port ID="851344384" name="OutputKnob" dynamic="False" />
			<Port ID="-1768699904" name="Input 0" dynamic="True" type="NodeEditorFramework.ValueConnectionKnob, 0_TerrainGraph, Version=1.0.0.0, Culture=neutral, PublicKeyToken=null">
				<string name="styleID">GridFunc</string>
				<Direction name="direction">In</Direction>
				<ConnectionCount name="maxConnectionCount">Single</ConnectionCount>
				<NodeSide name="side">Left</NodeSide>
				<float name="sidePosition">38</float>
				<float name="sideOffset">0</float>
			</Port>
			<Port ID="519616512" name="Input 1" dynamic="True" type="NodeEditorFramework.ValueConnectionKnob, 0_TerrainGraph, Version=1.0.0.0, Culture=neutral, PublicKeyToken=null">
				<string name="styleID">GridFunc</string>
				<Direction name="direction">In</Direction>
				<ConnectionCount name="maxConnectionCount">Single</ConnectionCount>
				<NodeSide name="side">Left</NodeSide>
				<float name="sidePosition">66</float>
				<float name="sideOffset">0</float>
			</Port>
			<Variable name="Values" refID="-1369135360" />
			<Operation name="OperationType">Multiply</Operation>
			<double name="ApplyChance">1</double>
			<double name="Smoothness">0</double>
			<int name="RandSeed">179894941</int>
		</Node>
		<Node name="Perlin Noise" ID="-1655242752" type="gridPerlin" pos="350,115">
			<Port ID="1133009920" name="FrequencyKnob" dynamic="False" />
			<Port ID="1705089024" name="LacunarityKnob" dynamic="False" />
			<Port ID="-2017799168" name="PersistenceKnob" dynamic="False" />
			<Port ID="-1445720064" name="ScaleKnob" dynamic="False" />
			<Port ID="-873640960" name="BiasKnob" dynamic="False" />
			<Port ID="-301561856" name="OutputKnob" dynamic="False" />
			<double name="Frequency">0.020999999716877937</double>
			<double name="Lacunarity">2</double>
			<double name="Persistence">0.5</double>
			<double name="Scale">0.5</double>
			<double name="Bias">0.5</double>
			<int name="Octaves">6</int>
			<int name="RandSeed">1892270413</int>
		</Node>
		<Node name="Grid" ID="95205888" type="gridFromValue" pos="490,357">
			<Port ID="-528905216" name="InputKnob" dynamic="False" />
			<Port ID="43173888" name="OutputKnob" dynamic="False" />
			<int name="RandSeed">2122854953</int>
		</Node>
		<Node name="World Tile" ID="-440308992" type="valueWorldTile" pos="287,350">
			<Port ID="-819318784" name="ElevationOutputKnob" dynamic="False" />
			<Port ID="896918528" name="HillinessOutputKnob" dynamic="False" />
			<Port ID="1468997632" name="TemperatureOutputKnob" dynamic="False" />
			<Port ID="-1109732352" name="RainfallOutputKnob" dynamic="False" />
			<int name="RandSeed">1166141233</int>
		</Node>
		<Node name="Preview" ID="2099932288" type="gridPreview" pos="1517,220">
			<Port ID="-1868977152" name="InputKnob" dynamic="False" />
			<Port ID="-1296898048" name="OutputKnob" dynamic="False" />
			<string name="PreviewModelId">Default</string>
			<int name="RandSeed">1745546027</int>
		</Node>
		<Node name="Preview" ID="345206272" type="gridPreview" pos="1709,168">
			<Port ID="-1587311616" name="InputKnob" dynamic="False" />
			<Port ID="-1015232512" name="OutputKnob" dynamic="False" />
			<string name="PreviewModelId">Elevation</string>
			<int name="RandSeed">412502982</int>
		</Node>
		<Node name="Elevation Output" ID="1811443200" type="outputElevation" pos="1909,116">
			<Port ID="-1305646080" name="InputKnob" dynamic="False" />
			<Port ID="-733566976" name="OutputKnob" dynamic="False" />
			<int name="RandSeed">538090436</int>
		</Node>
	</Nodes>
	<Connections>
		<Connection port1ID="1225212928" port2ID="1801276416" />
		<Connection port1ID="1024113664" port2ID="1164592128" />
		<Connection port1ID="-1554616320" port2ID="-777453568" />
		<Connection port1ID="-982537216" port2ID="-1272950784" />
		<Connection port1ID="-1433549824" port2ID="454290432" />
		<Connection port1ID="1157572608" port2ID="1598448640" />
		<Connection port1ID="-1968720896" port2ID="-2124439552" />
		<Connection port1ID="-700871680" port2ID="-1340784640" />
		<Connection port1ID="-2135443456" port2ID="1645645824" />
		<Connection port1ID="1173340160" port2ID="-1622450176" />
		<Connection port1ID="1006617600" port2ID="2100438016" />
		<Connection port1ID="-1879406592" port2ID="-642670592" />
		<Connection port1ID="-1165273088" port2ID="1372728320" />
		<Connection port1ID="1976787968" port2ID="1372728320" />
		<Connection port1ID="-29862912" port2ID="-642670592" />
		<Connection port1ID="970846208" port2ID="1372728320" />
		<Connection port1ID="-1035804672" port2ID="1372728320" />
		<Connection port1ID="-1349532672" port2ID="-1505163264" />
		<Connection port1ID="-2077242368" port2ID="1888862208" />
		<Connection port1ID="-1505163264" port2ID="1252511744" />
		<Connection port1ID="735955968" port2ID="2106256384" />
		<Connection port1ID="-1842774016" port2ID="-1868977152" />
		<Connection port1ID="99605504" port2ID="1432171520" />
		<Connection port1ID="860092416" port2ID="851344384" />
		<Connection port1ID="-1768699904" port2ID="-301561856" />
		<Connection port1ID="519616512" port2ID="43173888" />
		<Connection port1ID="-528905216" port2ID="896918528" />
		<Connection port1ID="-1296898048" port2ID="-1587311616" />
		<Connection port1ID="-1015232512" port2ID="-1305646080" />
	</Connections>
	<Objects>
		<Object refID="-1437377920" type="System.Collections.Generic.List`1[[System.String, mscorlib, Version=4.0.0.0, Culture=neutral, PublicKeyToken=b77a5c561934e089]]">
			<ArrayOfString xmlns:xsd="http://www.w3.org/2001/XMLSchema" xmlns:xsi="http://www.w3.org/2001/XMLSchema-instance">
				<string>WaterOceanDeep</string>
				<string>WaterOceanShallow</string>
				<string>Sand</string>
				<string />
			</ArrayOfString>
		</Object>
		<Object refID="2121065728" type="System.Collections.Generic.List`1[[System.Double, mscorlib, Version=4.0.0.0, Culture=neutral, PublicKeyToken=b77a5c561934e089]]">
			<ArrayOfDouble xmlns:xsd="http://www.w3.org/2001/XMLSchema" xmlns:xsi="http://www.w3.org/2001/XMLSchema-instance">
				<double>0.10000000149011612</double>
				<double>0.64999997615814209</double>
				<double>1</double>
			</ArrayOfDouble>
		</Object>
		<Object refID="1249825024" type="System.Collections.Generic.List`1[[System.Double, mscorlib, Version=4.0.0.0, Culture=neutral, PublicKeyToken=b77a5c561934e089]]">
			<ArrayOfDouble xmlns:xsd="http://www.w3.org/2001/XMLSchema" xmlns:xsi="http://www.w3.org/2001/XMLSchema-instance">
				<double>0</double>
				<double>0</double>
			</ArrayOfDouble>
		</Object>
		<Object refID="1848148224" type="System.Collections.Generic.List`1[[System.Double, mscorlib, Version=4.0.0.0, Culture=neutral, PublicKeyToken=b77a5c561934e089]]">
			<ArrayOfDouble xmlns:xsd="http://www.w3.org/2001/XMLSchema" xmlns:xsi="http://www.w3.org/2001/XMLSchema-instance">
				<double>0</double>
				<double>1</double>
			</ArrayOfDouble>
		</Object>
		<Object refID="243880448" type="System.Collections.Generic.List`1[[System.Double, mscorlib, Version=4.0.0.0, Culture=neutral, PublicKeyToken=b77a5c561934e089]]">
			<ArrayOfDouble xmlns:xsd="http://www.w3.org/2001/XMLSchema" xmlns:xsi="http://www.w3.org/2001/XMLSchema-instance">
				<double>0</double>
				<double>0</double>
				<double>-1</double>
			</ArrayOfDouble>
		</Object>
		<Object refID="-1369135360" type="System.Collections.Generic.List`1[[System.Double, mscorlib, Version=4.0.0.0, Culture=neutral, PublicKeyToken=b77a5c561934e089]]">
			<ArrayOfDouble xmlns:xsd="http://www.w3.org/2001/XMLSchema" xmlns:xsi="http://www.w3.org/2001/XMLSchema-instance">
				<double>0</double>
				<double>0</double>
			</ArrayOfDouble>
		</Object>
	</Objects>
</NodeCanvas>