﻿<?xml version="1.0" encoding="utf-8"?>
<NodeCanvas type="GeologicalLandforms.GraphEditor.Landform">
	<EditorStates>
		<EditorState selected="" pan="0,0" zoom="1" />
	</EditorStates>
	<Groups />
	<Nodes>
		<Node name="Custom Landform" ID="-223483136" type="landformManifest" pos="-950,-517">
			<string name="Id">Badlands</string>
			<boolean name="IsCustom">false</boolean>
			<int name="RevisionVersion">1</int>
			<boolean name="IsEdited">false</boolean>
			<string name="DisplayName" />
			<boolean name="DisplayNameHasDirection">false</boolean>
			<int name="RandSeed">1333644392</int>
		</Node>
		<Node name="World Tile Requirements" ID="-770228224" type="worldTileReq" pos="-950,-517">
			<Topology name="Topology">Inland</Topology>
			<float name="Commonness">0.100558668</float>
			<float name="CaveChance">0</float>
			<FloatRange xmlns:xsd="http://www.w3.org/2001/XMLSchema" xmlns:xsi="http://www.w3.org/2001/XMLSchema-instance" name="HillinessRequirement">
				<min>1</min>
				<max>3.50169516</max>
			</FloatRange>
			<FloatRange xmlns:xsd="http://www.w3.org/2001/XMLSchema" xmlns:xsi="http://www.w3.org/2001/XMLSchema-instance" name="RoadRequirement">
				<min>0</min>
				<max>1</max>
			</FloatRange>
			<FloatRange xmlns:xsd="http://www.w3.org/2001/XMLSchema" xmlns:xsi="http://www.w3.org/2001/XMLSchema-instance" name="RiverRequirement">
				<min>0</min>
				<max>1</max>
			</FloatRange>
			<FloatRange xmlns:xsd="http://www.w3.org/2001/XMLSchema" xmlns:xsi="http://www.w3.org/2001/XMLSchema-instance" name="ElevationRequirement">
				<min>745.7627</min>
				<max>5000</max>
			</FloatRange>
			<FloatRange xmlns:xsd="http://www.w3.org/2001/XMLSchema" xmlns:xsi="http://www.w3.org/2001/XMLSchema-instance" name="AvgTemperatureRequirement">
				<min>2.259887</min>
				<max>100</max>
			</FloatRange>
			<FloatRange xmlns:xsd="http://www.w3.org/2001/XMLSchema" xmlns:xsi="http://www.w3.org/2001/XMLSchema-instance" name="RainfallRequirement">
				<min>0</min>
				<max>1214.68921</max>
			</FloatRange>
			<FloatRange xmlns:xsd="http://www.w3.org/2001/XMLSchema" xmlns:xsi="http://www.w3.org/2001/XMLSchema-instance" name="SwampinessRequirement">
				<min>0</min>
				<max>1</max>
			</FloatRange>
			<FloatRange xmlns:xsd="http://www.w3.org/2001/XMLSchema" xmlns:xsi="http://www.w3.org/2001/XMLSchema-instance" name="MapSizeRequirement">
				<min>50</min>
				<max>1000</max>
			</FloatRange>
			<boolean name="AllowSettlements">true</boolean>
			<boolean name="AllowSites">true</boolean>
			<int name="RandSeed">351232153</int>
		</Node>
		<Node name="Preview" ID="-1978209152" type="terrainGridPreview" pos="1051.2,-275.8001">
			<Port ID="-1538813952" name="InputKnob" dynamic="False" />
			<Port ID="-966734848" name="OutputKnob" dynamic="False" />
			<int name="RandSeed">1223390690</int>
		</Node>
		<Node name="Perlin Noise" ID="-1536637184" type="gridPerlin" pos="-26.20007,-268.8001">
			<Port ID="749502464" name="FrequencyKnob" dynamic="False" />
			<Port ID="-474694656" name="LacunarityKnob" dynamic="False" />
			<Port ID="97384448" name="PersistenceKnob" dynamic="False" />
			<Port ID="669463552" name="ScaleKnob" dynamic="False" />
			<Port ID="1241542656" name="BiasKnob" dynamic="False" />
			<Port ID="1813621760" name="OutputKnob" dynamic="False" />
			<double name="Frequency">0.012000000104308128</double>
			<double name="Lacunarity">2</double>
			<double name="Persistence">0.5</double>
			<double name="Scale">0.5</double>
			<double name="Bias">0.5</double>
			<int name="Octaves">8</int>
			<int name="RandSeed">58629024</int>
		</Node>
		<Node name="Preview" ID="562032128" type="gridPreview" pos="290.9999,-337.2001">
			<Port ID="1523208192" name="InputKnob" dynamic="False" />
			<Port ID="2095287296" name="OutputKnob" dynamic="False" />
			<string name="PreviewModelId">Default</string>
			<int name="RandSeed">1085710265</int>
		</Node>
		<Node name="Terrain Output" ID="-2065399808" type="outputTerrain" pos="1247.2,-224.8001">
			<Port ID="-483442688" name="BaseKnob" dynamic="False" />
			<Port ID="88636416" name="StoneKnob" dynamic="False" />
			<int name="RandSeed">1207926160</int>
		</Node>
		<Node name="Preview" ID="-1192693888" type="terrainGridPreview" pos="1052,-128.4">
			<Port ID="1804873728" name="InputKnob" dynamic="False" />
			<Port ID="-1918014464" name="OutputKnob" dynamic="False" />
			<int name="RandSeed">1532085631</int>
		</Node>
		<Node name="Perlin Noise" ID="-857840000" type="gridPerlin" pos="-455.1999,18.19997">
			<Port ID="-201777152" name="FrequencyKnob" dynamic="False" />
			<Port ID="370301952" name="LacunarityKnob" dynamic="False" />
			<Port ID="942381056" name="PersistenceKnob" dynamic="False" />
			<Port ID="1514460160" name="ScaleKnob" dynamic="False" />
			<Port ID="2086539264" name="BiasKnob" dynamic="False" />
			<Port ID="-1636348928" name="OutputKnob" dynamic="False" />
			<double name="Frequency">0.019999999552965164</double>
			<double name="Lacunarity">2</double>
			<double name="Persistence">0.5</double>
			<double name="Scale">0.5</double>
			<double name="Bias">0.5</double>
			<int name="Octaves">6</int>
			<int name="RandSeed">673126278</int>
		</Node>
		<Node name="Add" ID="-835511040" type="gridOperator" pos="-175.2,119.9999">
			<Port ID="1787588608" name="OutputKnob" dynamic="False" />
			<Port ID="2091156480" name="Input 0" dynamic="True" type="NodeEditorFramework.ValueConnectionKnob, 0_TerrainGraph, Version=1.0.0.0, Culture=neutral, PublicKeyToken=null">
				<string name="styleID">GridFunc</string>
				<Direction name="direction">In</Direction>
				<ConnectionCount name="maxConnectionCount">Single</ConnectionCount>
				<NodeSide name="side">Left</NodeSide>
				<float name="sidePosition">38</float>
				<float name="sideOffset">0</float>
			</Port>
			<Port ID="84505600" name="Input 1" dynamic="True" type="NodeEditorFramework.ValueConnectionKnob, 0_TerrainGraph, Version=1.0.0.0, Culture=neutral, PublicKeyToken=null">
				<string name="styleID">GridFunc</string>
				<Direction name="direction">In</Direction>
				<ConnectionCount name="maxConnectionCount">Single</ConnectionCount>
				<NodeSide name="side">Left</NodeSide>
				<float name="sidePosition">66</float>
				<float name="sideOffset">0</float>
			</Port>
			<Port ID="-1922145280" name="Input 2" dynamic="True" type="NodeEditorFramework.ValueConnectionKnob, 0_TerrainGraph, Version=1.0.0.0, Culture=neutral, PublicKeyToken=null">
				<string name="styleID">GridFunc</string>
				<Direction name="direction">In</Direction>
				<ConnectionCount name="maxConnectionCount">Single</ConnectionCount>
				<NodeSide name="side">Left</NodeSide>
				<float name="sidePosition">94</float>
				<float name="sideOffset">0</float>
			</Port>
			<Variable name="Values" refID="-725011072" />
			<Operation name="OperationType">Multiply</Operation>
			<double name="ApplyChance">1</double>
			<double name="Smoothness">0</double>
			<int name="RandSeed">697293830</int>
		</Node>
		<Node name="Grid" ID="-1541638144" type="gridFromValue" pos="-297.5999,255.4001">
			<Port ID="-1363220480" name="InputKnob" dynamic="False" />
			<Port ID="-791141376" name="OutputKnob" dynamic="False" />
			<int name="RandSeed">1049091880</int>
		</Node>
		<Node name="World Tile" ID="1347547392" type="valueWorldTile" pos="-454.1999,255.4001">
			<Port ID="925095936" name="ElevationOutputKnob" dynamic="False" />
			<Port ID="1497175040" name="HillinessOutputKnob" dynamic="False" />
			<Port ID="2069254144" name="TemperatureOutputKnob" dynamic="False" />
			<Port ID="-1653634048" name="RainfallOutputKnob" dynamic="False" />
			<int name="RandSeed">1622286867</int>
		</Node>
		<Node name="Elevation Output" ID="1463964160" type="outputElevation" pos="472.4001,-34.39998">
			<Port ID="1206761472" name="InputKnob" dynamic="False" />
			<Port ID="1778840576" name="OutputKnob" dynamic="False" />
			<int name="RandSeed">356250661</int>
		</Node>
		<Node name="Natural Rock" ID="-1225193728" type="terrainGridNaturalRock" pos="574.0001,48.39999">
			<Port ID="-799889408" name="OutputKnob" dynamic="False" />
			<int name="RandSeed">2097876217</int>
		</Node>
		<Node name="Select" ID="-407178624" type="gridSelectTerrainGrid" pos="765.2001,-78.00003">
			<Port ID="344268800" name="InputKnob" dynamic="False" />
			<Port ID="916347904" name="OutputKnob" dynamic="False" />
			<Port ID="938250240" name="Option 0" dynamic="True" type="NodeEditorFramework.ValueConnectionKnob, 0_TerrainGraph, Version=1.0.0.0, Culture=neutral, PublicKeyToken=null">
				<string name="styleID">TerrainGridFunc</string>
				<Direction name="direction">In</Direction>
				<ConnectionCount name="maxConnectionCount">Single</ConnectionCount>
				<NodeSide name="side">Left</NodeSide>
				<float name="sidePosition">66</float>
				<float name="sideOffset">0</float>
			</Port>
			<Port ID="-1068400640" name="Option 1" dynamic="True" type="NodeEditorFramework.ValueConnectionKnob, 0_TerrainGraph, Version=1.0.0.0, Culture=neutral, PublicKeyToken=null">
				<string name="styleID">TerrainGridFunc</string>
				<Direction name="direction">In</Direction>
				<ConnectionCount name="maxConnectionCount">Single</ConnectionCount>
				<NodeSide name="side">Left</NodeSide>
				<float name="sidePosition">94</float>
				<float name="sideOffset">0</float>
			</Port>
			<Variable name="Values" refID="-200168704" />
			<Variable name="Thresholds" refID="1836222848" />
			<int name="RandSeed">1090300600</int>
		</Node>
		<Node name="Select" ID="2133062656" type="gridSelectTerrainGrid" pos="630.0001,-373.2001">
			<Port ID="-1662382080" name="InputKnob" dynamic="False" />
			<Port ID="-1090302976" name="OutputKnob" dynamic="False" />
			<Port ID="1911156736" name="Option 0" dynamic="True" type="NodeEditorFramework.ValueConnectionKnob, 0_TerrainGraph, Version=1.0.0.0, Culture=neutral, PublicKeyToken=null">
				<string name="styleID">TerrainGridFunc</string>
				<Direction name="direction">In</Direction>
				<ConnectionCount name="maxConnectionCount">Single</ConnectionCount>
				<NodeSide name="side">Left</NodeSide>
				<float name="sidePosition">66</float>
				<float name="sideOffset">0</float>
			</Port>
			<Port ID="-95494144" name="Option 1" dynamic="True" type="NodeEditorFramework.ValueConnectionKnob, 0_TerrainGraph, Version=1.0.0.0, Culture=neutral, PublicKeyToken=null">
				<string name="styleID">TerrainGridFunc</string>
				<Direction name="direction">In</Direction>
				<ConnectionCount name="maxConnectionCount">Single</ConnectionCount>
				<NodeSide name="side">Left</NodeSide>
				<float name="sidePosition">94</float>
				<float name="sideOffset">0</float>
			</Port>
			<Variable name="Values" refID="-1052158464" />
			<Variable name="Thresholds" refID="-518568064" />
			<int name="RandSeed">1735609270</int>
		</Node>
		<Node name="Natural Rock" ID="-2049197696" type="terrainGridNaturalRock" pos="443.4001,-259.2001">
			<Port ID="625934336" name="OutputKnob" dynamic="False" />
			<int name="RandSeed">1421341744</int>
		</Node>
		<Node name="Preview" ID="378336640" type="gridPreview" pos="121.9999,67.79999">
			<Port ID="-141953024" name="InputKnob" dynamic="False" />
			<Port ID="430126080" name="OutputKnob" dynamic="False" />
			<string name="PreviewModelId">Default</string>
			<int name="RandSeed">1905888341</int>
		</Node>
		<Node name="Preview" ID="-1376389376" type="gridPreview" pos="298.4,23.39999">
			<Port ID="2146363392" name="InputKnob" dynamic="False" />
			<Port ID="-1576524800" name="OutputKnob" dynamic="False" />
			<string name="PreviewModelId">Elevation</string>
			<int name="RandSeed">1969450968</int>
		</Node>
		<Node name="Scatterers" ID="1421765632" type="outputScatterers" pos="1207,36">
			<Port ID="139712512" name="MineablesKnob" dynamic="False" />
			<int name="RandSeed">1817287478</int>
		</Node>
		<Node name="Random Value" ID="1163851904" type="valueRandom" pos="914,88">
			<Port ID="1283870720" name="AverageKnob" dynamic="False" />
			<Port ID="1855949824" name="DeviationKnob" dynamic="False" />
			<Port ID="-1866938368" name="OutputKnob" dynamic="False" />
			<double name="Average">16</double>
			<double name="Deviation">4</double>
			<int name="RandSeed">1771685900</int>
		</Node>
	</Nodes>
	<Connections>
		<Connection port1ID="-1538813952" port2ID="-1090302976" />
		<Connection port1ID="-966734848" port2ID="-483442688" />
		<Connection port1ID="1813621760" port2ID="1523208192" />
		<Connection port1ID="2095287296" port2ID="-1662382080" />
		<Connection port1ID="88636416" port2ID="-1918014464" />
		<Connection port1ID="1804873728" port2ID="916347904" />
		<Connection port1ID="-1636348928" port2ID="2091156480" />
		<Connection port1ID="1787588608" port2ID="-141953024" />
		<Connection port1ID="84505600" port2ID="-791141376" />
		<Connection port1ID="-1363220480" port2ID="1497175040" />
		<Connection port1ID="1206761472" port2ID="-1576524800" />
		<Connection port1ID="1778840576" port2ID="344268800" />
		<Connection port1ID="-799889408" port2ID="-1068400640" />
		<Connection port1ID="-95494144" port2ID="625934336" />
		<Connection port1ID="430126080" port2ID="2146363392" />
		<Connection port1ID="139712512" port2ID="-1866938368" />
	</Connections>
	<Objects>
		<Object refID="-725011072" type="System.Collections.Generic.List`1[[System.Double, mscorlib, Version=4.0.0.0, Culture=neutral, PublicKeyToken=b77a5c561934e089]]">
			<ArrayOfDouble xmlns:xsd="http://www.w3.org/2001/XMLSchema" xmlns:xsi="http://www.w3.org/2001/XMLSchema-instance">
				<double>0</double>
				<double>1</double>
				<double>1.2999999523162842</double>
			</ArrayOfDouble>
		</Object>
		<Object refID="-200168704" type="System.Collections.Generic.List`1[[System.String, mscorlib, Version=4.0.0.0, Culture=neutral, PublicKeyToken=b77a5c561934e089]]">
			<ArrayOfString xmlns:xsd="http://www.w3.org/2001/XMLSchema" xmlns:xsi="http://www.w3.org/2001/XMLSchema-instance">
				<string />
				<string />
			</ArrayOfString>
		</Object>
		<Object refID="1836222848" type="System.Collections.Generic.List`1[[System.Double, mscorlib, Version=4.0.0.0, Culture=neutral, PublicKeyToken=b77a5c561934e089]]">
			<ArrayOfDouble xmlns:xsd="http://www.w3.org/2001/XMLSchema" xmlns:xsi="http://www.w3.org/2001/XMLSchema-instance">
				<double>0.60000002384185791</double>
			</ArrayOfDouble>
		</Object>
		<Object refID="-1052158464" type="System.Collections.Generic.List`1[[System.String, mscorlib, Version=4.0.0.0, Culture=neutral, PublicKeyToken=b77a5c561934e089]]">
			<ArrayOfString xmlns:xsd="http://www.w3.org/2001/XMLSchema" xmlns:xsi="http://www.w3.org/2001/XMLSchema-instance">
				<string>None</string>
				<string>None</string>
			</ArrayOfString>
		</Object>
		<Object refID="-518568064" type="System.Collections.Generic.List`1[[System.Double, mscorlib, Version=4.0.0.0, Culture=neutral, PublicKeyToken=b77a5c561934e089]]">
			<ArrayOfDouble xmlns:xsd="http://www.w3.org/2001/XMLSchema" xmlns:xsi="http://www.w3.org/2001/XMLSchema-instance">
				<double>0.34999999403953552</double>
			</ArrayOfDouble>
		</Object>
	</Objects>
</NodeCanvas>