﻿<?xml version="1.0" encoding="utf-8"?>
<NodeCanvas type="GeologicalLandforms.GraphEditor.Landform">
	<EditorStates>
		<EditorState selected="" pan="0,0" zoom="1" />
	</EditorStates>
	<Groups />
	<Nodes>
		<Node name="Custom Landform" ID="83093120" type="landformManifest" pos="-950,-517">
			<string name="Id">Archipelago</string>
			<boolean name="IsCustom">false</boolean>
			<int name="RevisionVersion">1</int>
			<boolean name="IsEdited">false</boolean>
			<string name="DisplayName" />
			<boolean name="DisplayNameHasDirection">false</boolean>
			<int name="RandSeed">1333644392</int>
		</Node>
		<Node name="World Tile Requirements" ID="-1051893760" type="worldTileReq" pos="-950,-517">
			<Topology name="Topology">CoastAllSides</Topology>
			<float name="Commonness">0.446927369</float>
			<float name="CaveChance">0</float>
			<FloatRange xmlns:xsd="http://www.w3.org/2001/XMLSchema" xmlns:xsi="http://www.w3.org/2001/XMLSchema-instance" name="HillinessRequirement">
				<min>1</min>
				<max>2.54802251</max>
			</FloatRange>
			<FloatRange xmlns:xsd="http://www.w3.org/2001/XMLSchema" xmlns:xsi="http://www.w3.org/2001/XMLSchema-instance" name="RoadRequirement">
				<min>0</min>
				<max>0</max>
			</FloatRange>
			<FloatRange xmlns:xsd="http://www.w3.org/2001/XMLSchema" xmlns:xsi="http://www.w3.org/2001/XMLSchema-instance" name="RiverRequirement">
				<min>0</min>
				<max>0</max>
			</FloatRange>
			<FloatRange xmlns:xsd="http://www.w3.org/2001/XMLSchema" xmlns:xsi="http://www.w3.org/2001/XMLSchema-instance" name="ElevationRequirement">
				<min>0</min>
				<max>5000</max>
			</FloatRange>
			<FloatRange xmlns:xsd="http://www.w3.org/2001/XMLSchema" xmlns:xsi="http://www.w3.org/2001/XMLSchema-instance" name="AvgTemperatureRequirement">
				<min>-100</min>
				<max>100</max>
			</FloatRange>
			<FloatRange xmlns:xsd="http://www.w3.org/2001/XMLSchema" xmlns:xsi="http://www.w3.org/2001/XMLSchema-instance" name="RainfallRequirement">
				<min>0</min>
				<max>5000</max>
			</FloatRange>
			<FloatRange xmlns:xsd="http://www.w3.org/2001/XMLSchema" xmlns:xsi="http://www.w3.org/2001/XMLSchema-instance" name="SwampinessRequirement">
				<min>0</min>
				<max>1</max>
			</FloatRange>
			<FloatRange xmlns:xsd="http://www.w3.org/2001/XMLSchema" xmlns:xsi="http://www.w3.org/2001/XMLSchema-instance" name="MapSizeRequirement">
				<min>117.090393</min>
				<max>1000</max>
			</FloatRange>
			<boolean name="AllowSettlements">false</boolean>
			<boolean name="AllowSites">false</boolean>
			<int name="RandSeed">351232153</int>
		</Node>
		<Node name="Linear Function" ID="1162429056" type="gridLinear" pos="-86,-435.8">
			<Port ID="-1436972032" name="OutputKnob" dynamic="False" />
			<Port ID="-759957504" name="Bias" dynamic="True" type="NodeEditorFramework.ValueConnectionKnob, 0_TerrainGraph, Version=1.0.0.0, Culture=neutral, PublicKeyToken=null">
				<string name="styleID">ValueFunc</string>
				<Direction name="direction">In</Direction>
				<ConnectionCount name="maxConnectionCount">Single</ConnectionCount>
				<NodeSide name="side">Left</NodeSide>
				<float name="sidePosition">38</float>
				<float name="sideOffset">0</float>
			</Port>
			<Port ID="-1543612416" name="Origin x" dynamic="True" type="NodeEditorFramework.ValueConnectionKnob, 0_TerrainGraph, Version=1.0.0.0, Culture=neutral, PublicKeyToken=null">
				<string name="styleID">ValueFunc</string>
				<Direction name="direction">In</Direction>
				<ConnectionCount name="maxConnectionCount">Single</ConnectionCount>
				<NodeSide name="side">Left</NodeSide>
				<float name="sidePosition">122</float>
				<float name="sideOffset">0</float>
			</Port>
			<Port ID="744704000" name="Span px" dynamic="True" type="NodeEditorFramework.ValueConnectionKnob, 0_TerrainGraph, Version=1.0.0.0, Culture=neutral, PublicKeyToken=null">
				<string name="styleID">ValueFunc</string>
				<Direction name="direction">In</Direction>
				<ConnectionCount name="maxConnectionCount">Single</ConnectionCount>
				<NodeSide name="side">Left</NodeSide>
				<float name="sidePosition">178</float>
				<float name="sideOffset">0</float>
			</Port>
			<Port ID="-1261946880" name="Clamp min" dynamic="True" type="NodeEditorFramework.ValueConnectionKnob, 0_TerrainGraph, Version=1.0.0.0, Culture=neutral, PublicKeyToken=null">
				<string name="styleID">ValueFunc</string>
				<Direction name="direction">In</Direction>
				<ConnectionCount name="maxConnectionCount">Single</ConnectionCount>
				<NodeSide name="side">Left</NodeSide>
				<float name="sidePosition">66</float>
				<float name="sideOffset">0</float>
			</Port>
			<Port ID="1026369536" name="Clamp max" dynamic="True" type="NodeEditorFramework.ValueConnectionKnob, 0_TerrainGraph, Version=1.0.0.0, Culture=neutral, PublicKeyToken=null">
				<string name="styleID">ValueFunc</string>
				<Direction name="direction">In</Direction>
				<ConnectionCount name="maxConnectionCount">Single</ConnectionCount>
				<NodeSide name="side">Left</NodeSide>
				<float name="sidePosition">94</float>
				<float name="sideOffset">0</float>
			</Port>
			<Port ID="-980281344" name="Origin z" dynamic="True" type="NodeEditorFramework.ValueConnectionKnob, 0_TerrainGraph, Version=1.0.0.0, Culture=neutral, PublicKeyToken=null">
				<string name="styleID">ValueFunc</string>
				<Direction name="direction">In</Direction>
				<ConnectionCount name="maxConnectionCount">Single</ConnectionCount>
				<NodeSide name="side">Left</NodeSide>
				<float name="sidePosition">150</float>
				<float name="sideOffset">0</float>
			</Port>
			<Port ID="1308035072" name="Span pz" dynamic="True" type="NodeEditorFramework.ValueConnectionKnob, 0_TerrainGraph, Version=1.0.0.0, Culture=neutral, PublicKeyToken=null">
				<string name="styleID">ValueFunc</string>
				<Direction name="direction">In</Direction>
				<ConnectionCount name="maxConnectionCount">Single</ConnectionCount>
				<NodeSide name="side">Left</NodeSide>
				<float name="sidePosition">206</float>
				<float name="sideOffset">0</float>
			</Port>
			<double name="Bias">2.5</double>
			<double name="ClampMin">-1</double>
			<double name="ClampMax">0.075000002980232239</double>
			<double name="OriginX">0.5</double>
			<double name="OriginZ">0.5</double>
			<double name="SpanPx">-32</double>
			<double name="SpanNx">0</double>
			<double name="SpanPz">-32</double>
			<double name="SpanNz">0</double>
			<boolean name="Circular">true</boolean>
			<int name="RandSeed">916461126</int>
		</Node>
		<Node name="Preview" ID="-1671632896" type="gridPreview" pos="388,-405.8">
			<Port ID="-292813824" name="InputKnob" dynamic="False" />
			<Port ID="279265280" name="OutputKnob" dynamic="False" />
			<string name="PreviewModelId">Default</string>
			<int name="RandSeed">885708644</int>
		</Node>
		<Node name="Perlin Noise" ID="-1763622656" type="gridPerlin" pos="-86,-182.8">
			<Port ID="1995502592" name="FrequencyKnob" dynamic="False" />
			<Port ID="-1727385600" name="LacunarityKnob" dynamic="False" />
			<Port ID="-1155306496" name="PersistenceKnob" dynamic="False" />
			<Port ID="-583227392" name="ScaleKnob" dynamic="False" />
			<Port ID="-11148288" name="BiasKnob" dynamic="False" />
			<Port ID="560930816" name="OutputKnob" dynamic="False" />
			<double name="Frequency">0.021911450362880912</double>
			<double name="Lacunarity">2</double>
			<double name="Persistence">0.5</double>
			<double name="Scale">0.5</double>
			<double name="Bias">0.5</double>
			<int name="Octaves">3</int>
			<int name="RandSeed">1052477921</int>
		</Node>
		<Node name="Preview" ID="868608384" type="gridPreview" pos="205,-273.8">
			<Port ID="270517248" name="InputKnob" dynamic="False" />
			<Port ID="842596352" name="OutputKnob" dynamic="False" />
			<string name="PreviewModelId">Default</string>
			<int name="RandSeed">1940616213</int>
		</Node>
		<Node name="Preview" ID="-886117632" type="gridPreview" pos="1257.8,-261.4">
			<Port ID="-1954728960" name="InputKnob" dynamic="False" />
			<Port ID="-1382649856" name="OutputKnob" dynamic="False" />
			<string name="PreviewModelId">Default</string>
			<int name="RandSeed">1118598133</int>
		</Node>
		<Node name="Add" ID="-826763008" type="gridOperator" pos="604.6,-337.2">
			<Port ID="333587456" name="OutputKnob" dynamic="False" />
			<Port ID="-430737408" name="Input 0" dynamic="True" type="NodeEditorFramework.ValueConnectionKnob, 0_TerrainGraph, Version=1.0.0.0, Culture=neutral, PublicKeyToken=null">
				<string name="styleID">GridFunc</string>
				<Direction name="direction">In</Direction>
				<ConnectionCount name="maxConnectionCount">Single</ConnectionCount>
				<NodeSide name="side">Left</NodeSide>
				<float name="sidePosition">38</float>
				<float name="sideOffset">0</float>
			</Port>
			<Port ID="-149071872" name="Input 1" dynamic="True" type="NodeEditorFramework.ValueConnectionKnob, 0_TerrainGraph, Version=1.0.0.0, Culture=neutral, PublicKeyToken=null">
				<string name="styleID">GridFunc</string>
				<Direction name="direction">In</Direction>
				<ConnectionCount name="maxConnectionCount">Single</ConnectionCount>
				<NodeSide name="side">Left</NodeSide>
				<float name="sidePosition">66</float>
				<float name="sideOffset">0</float>
			</Port>
			<Variable name="Values" refID="-1993570816" />
			<Operation name="OperationType">Add</Operation>
			<double name="ApplyChance">1</double>
			<double name="Smoothness">0</double>
			<int name="RandSeed">127792714</int>
		</Node>
		<Node name="Add" ID="782756224" type="gridOperator" pos="932,-300.6">
			<Port ID="1477745664" name="OutputKnob" dynamic="False" />
			<Port ID="-1473124352" name="Input 0" dynamic="True" type="NodeEditorFramework.ValueConnectionKnob, 0_TerrainGraph, Version=1.0.0.0, Culture=neutral, PublicKeyToken=null">
				<string name="styleID">GridFunc</string>
				<Direction name="direction">In</Direction>
				<ConnectionCount name="maxConnectionCount">Single</ConnectionCount>
				<NodeSide name="side">Left</NodeSide>
				<float name="sidePosition">66</float>
				<float name="sideOffset">0</float>
			</Port>
			<Port ID="815192064" name="Input 1" dynamic="True" type="NodeEditorFramework.ValueConnectionKnob, 0_TerrainGraph, Version=1.0.0.0, Culture=neutral, PublicKeyToken=null">
				<string name="styleID">GridFunc</string>
				<Direction name="direction">In</Direction>
				<ConnectionCount name="maxConnectionCount">Single</ConnectionCount>
				<NodeSide name="side">Left</NodeSide>
				<float name="sidePosition">94</float>
				<float name="sideOffset">0</float>
			</Port>
			<Port ID="-1191458816" name="Smoothness" dynamic="True" type="NodeEditorFramework.ValueConnectionKnob, 0_TerrainGraph, Version=1.0.0.0, Culture=neutral, PublicKeyToken=null">
				<string name="styleID">ValueFunc</string>
				<Direction name="direction">In</Direction>
				<ConnectionCount name="maxConnectionCount">Single</ConnectionCount>
				<NodeSide name="side">Left</NodeSide>
				<float name="sidePosition">38</float>
				<float name="sideOffset">0</float>
			</Port>
			<Variable name="Values" refID="-179363456" />
			<Operation name="OperationType">Smooth_Max</Operation>
			<double name="ApplyChance">1</double>
			<double name="Smoothness">1.4500000476837158</double>
			<int name="RandSeed">1778185952</int>
		</Node>
		<Node name="Select" ID="1654123648" type="gridSelectTerrain" pos="1489.4,-191">
			<Port ID="-1673063424" name="InputKnob" dynamic="False" />
			<Port ID="-1100984320" name="OutputKnob" dynamic="False" />
			<Port ID="1668936704" name="Option 0" dynamic="True" type="NodeEditorFramework.ValueConnectionKnob, 0_TerrainGraph, Version=1.0.0.0, Culture=neutral, PublicKeyToken=null">
				<string name="styleID">TerrainFunc</string>
				<Direction name="direction">In</Direction>
				<ConnectionCount name="maxConnectionCount">Single</ConnectionCount>
				<NodeSide name="side">Left</NodeSide>
				<float name="sidePosition">66</float>
				<float name="sideOffset">0</float>
			</Port>
			<Port ID="-337714176" name="Option 1" dynamic="True" type="NodeEditorFramework.ValueConnectionKnob, 0_TerrainGraph, Version=1.0.0.0, Culture=neutral, PublicKeyToken=null">
				<string name="styleID">TerrainFunc</string>
				<Direction name="direction">In</Direction>
				<ConnectionCount name="maxConnectionCount">Single</ConnectionCount>
				<NodeSide name="side">Left</NodeSide>
				<float name="sidePosition">94</float>
				<float name="sideOffset">0</float>
			</Port>
			<Port ID="1950602240" name="Option 2" dynamic="True" type="NodeEditorFramework.ValueConnectionKnob, 0_TerrainGraph, Version=1.0.0.0, Culture=neutral, PublicKeyToken=null">
				<string name="styleID">TerrainFunc</string>
				<Direction name="direction">In</Direction>
				<ConnectionCount name="maxConnectionCount">Single</ConnectionCount>
				<NodeSide name="side">Left</NodeSide>
				<float name="sidePosition">122</float>
				<float name="sideOffset">0</float>
			</Port>
			<Port ID="-56048640" name="Option 3" dynamic="True" type="NodeEditorFramework.ValueConnectionKnob, 0_TerrainGraph, Version=1.0.0.0, Culture=neutral, PublicKeyToken=null">
				<string name="styleID">TerrainFunc</string>
				<Direction name="direction">In</Direction>
				<ConnectionCount name="maxConnectionCount">Single</ConnectionCount>
				<NodeSide name="side">Left</NodeSide>
				<float name="sidePosition">150</float>
				<float name="sideOffset">0</float>
			</Port>
			<Variable name="Values" refID="454004608" />
			<Variable name="Thresholds" refID="445256576" />
			<int name="RandSeed">1317255026</int>
		</Node>
		<Node name="Natural Water" ID="948950528" type="terrainNaturalWater" pos="1258.4,-106.2">
			<Port ID="615252992" name="DeepOutputKnob" dynamic="False" />
			<Port ID="1187332096" name="ShallowOutputKnob" dynamic="False" />
			<Port ID="1759411200" name="BeachOutputKnob" dynamic="False" />
			<int name="RandSeed">2019941122</int>
		</Node>
		<Node name="Preview" ID="-100602368" type="terrainGridPreview" pos="1798.4,-261.8">
			<Port ID="-247239680" name="InputKnob" dynamic="False" />
			<Port ID="324839424" name="OutputKnob" dynamic="False" />
			<int name="RandSeed">296353201</int>
		</Node>
		<Node name="Map Sides" ID="-340414464" type="gridRotateToMapSides" pos="201,-383.8">
			<Port ID="-119312384" name="Input 0" dynamic="True" type="NodeEditorFramework.ValueConnectionKnob, 0_TerrainGraph, Version=1.0.0.0, Culture=neutral, PublicKeyToken=null">
				<string name="styleID">GridFunc</string>
				<Direction name="direction">In</Direction>
				<ConnectionCount name="maxConnectionCount">Single</ConnectionCount>
				<NodeSide name="side">Left</NodeSide>
				<float name="sidePosition">38</float>
				<float name="sideOffset">0</float>
			</Port>
			<Port ID="-1553884160" name="Output 0" dynamic="True" type="NodeEditorFramework.ValueConnectionKnob, 0_TerrainGraph, Version=1.0.0.0, Culture=neutral, PublicKeyToken=null">
				<string name="styleID">GridFunc</string>
				<Direction name="direction">Out</Direction>
				<ConnectionCount name="maxConnectionCount">Multi</ConnectionCount>
				<NodeSide name="side">Right</NodeSide>
				<float name="sidePosition">38</float>
				<float name="sideOffset">0</float>
			</Port>
			<Variable name="MapSides" refID="1865868416" />
			<int name="RandSeed">283078651</int>
		</Node>
		<Node name="Terrain Output" ID="-1629779456" type="outputTerrain" pos="2018,-162.8">
			<Port ID="2041076736" name="BaseKnob" dynamic="False" />
			<Port ID="-1681811456" name="StoneKnob" dynamic="False" />
			<int name="RandSeed">842846725</int>
		</Node>
		<Node name="Elevation Output" ID="1375822848" type="outputElevation" pos="201.8,135">
			<Port ID="34425856" name="InputKnob" dynamic="False" />
			<Port ID="606504960" name="OutputKnob" dynamic="False" />
			<int name="RandSeed">1888083133</int>
		</Node>
		<Node name="Linear Function" ID="-20217856" type="gridLinear" pos="204,-117">
			<Port ID="137673728" name="OutputKnob" dynamic="False" />
			<Port ID="734432256" name="Bias" dynamic="True" type="NodeEditorFramework.ValueConnectionKnob, 0_TerrainGraph, Version=1.0.0.0, Culture=neutral, PublicKeyToken=null">
				<string name="styleID">ValueFunc</string>
				<Direction name="direction">In</Direction>
				<ConnectionCount name="maxConnectionCount">Single</ConnectionCount>
				<NodeSide name="side">Left</NodeSide>
				<float name="sidePosition">38</float>
				<float name="sideOffset">0</float>
			</Port>
			<Port ID="-1272218624" name="Origin x" dynamic="True" type="NodeEditorFramework.ValueConnectionKnob, 0_TerrainGraph, Version=1.0.0.0, Culture=neutral, PublicKeyToken=null">
				<string name="styleID">ValueFunc</string>
				<Direction name="direction">In</Direction>
				<ConnectionCount name="maxConnectionCount">Single</ConnectionCount>
				<NodeSide name="side">Left</NodeSide>
				<float name="sidePosition">66</float>
				<float name="sideOffset">0</float>
			</Port>
			<Port ID="1016097792" name="Span px" dynamic="True" type="NodeEditorFramework.ValueConnectionKnob, 0_TerrainGraph, Version=1.0.0.0, Culture=neutral, PublicKeyToken=null">
				<string name="styleID">ValueFunc</string>
				<Direction name="direction">In</Direction>
				<ConnectionCount name="maxConnectionCount">Single</ConnectionCount>
				<NodeSide name="side">Left</NodeSide>
				<float name="sidePosition">94</float>
				<float name="sideOffset">0</float>
			</Port>
			<Port ID="-990553088" name="Span nx" dynamic="True" type="NodeEditorFramework.ValueConnectionKnob, 0_TerrainGraph, Version=1.0.0.0, Culture=neutral, PublicKeyToken=null">
				<string name="styleID">ValueFunc</string>
				<Direction name="direction">In</Direction>
				<ConnectionCount name="maxConnectionCount">Single</ConnectionCount>
				<NodeSide name="side">Left</NodeSide>
				<float name="sidePosition">122</float>
				<float name="sideOffset">0</float>
			</Port>
			<double name="Bias">0</double>
			<double name="ClampMin">-1.7976931348623157E+308</double>
			<double name="ClampMax">1.7976931348623157E+308</double>
			<double name="OriginX">0.60000002384185791</double>
			<double name="OriginZ">0</double>
			<double name="SpanPx">-40</double>
			<double name="SpanNx">0</double>
			<double name="SpanPz">0</double>
			<double name="SpanNz">0</double>
			<boolean name="Circular">false</boolean>
			<int name="RandSeed">1370573365</int>
		</Node>
		<Node name="Map Sides" ID="86457856" type="gridRotateToMapSides" pos="480,-156">
			<Port ID="1297763328" name="Input 0" dynamic="True" type="NodeEditorFramework.ValueConnectionKnob, 0_TerrainGraph, Version=1.0.0.0, Culture=neutral, PublicKeyToken=null">
				<string name="styleID">GridFunc</string>
				<Direction name="direction">In</Direction>
				<ConnectionCount name="maxConnectionCount">Single</ConnectionCount>
				<NodeSide name="side">Left</NodeSide>
				<float name="sidePosition">38</float>
				<float name="sideOffset">0</float>
			</Port>
			<Port ID="-1450263552" name="Output 0" dynamic="True" type="NodeEditorFramework.ValueConnectionKnob, 0_TerrainGraph, Version=1.0.0.0, Culture=neutral, PublicKeyToken=null">
				<string name="styleID">GridFunc</string>
				<Direction name="direction">Out</Direction>
				<ConnectionCount name="maxConnectionCount">Multi</ConnectionCount>
				<NodeSide name="side">Right</NodeSide>
				<float name="sidePosition">38</float>
				<float name="sideOffset">0</float>
			</Port>
			<Variable name="MapSides" refID="-1463384704" />
			<int name="RandSeed">35781376</int>
		</Node>
		<Node name="Preview" ID="-1855328384" type="gridPreview" pos="667,-197">
			<Port ID="1281831936" name="InputKnob" dynamic="False" />
			<Port ID="1853911040" name="OutputKnob" dynamic="False" />
			<string name="PreviewModelId">Default</string>
			<int name="RandSeed">431664833</int>
		</Node>
		<Node name="Add" ID="-1902691840" type="gridOperator" pos="-84.00002,110.6">
			<Port ID="-724818944" name="OutputKnob" dynamic="False" />
			<Port ID="838052864" name="Input 0" dynamic="True" type="NodeEditorFramework.ValueConnectionKnob, 0_TerrainGraph, Version=1.0.0.0, Culture=neutral, PublicKeyToken=null">
				<string name="styleID">GridFunc</string>
				<Direction name="direction">In</Direction>
				<ConnectionCount name="maxConnectionCount">Single</ConnectionCount>
				<NodeSide name="side">Left</NodeSide>
				<float name="sidePosition">38</float>
				<float name="sideOffset">0</float>
			</Port>
			<Port ID="-1168598016" name="Input 1" dynamic="True" type="NodeEditorFramework.ValueConnectionKnob, 0_TerrainGraph, Version=1.0.0.0, Culture=neutral, PublicKeyToken=null">
				<string name="styleID">GridFunc</string>
				<Direction name="direction">In</Direction>
				<ConnectionCount name="maxConnectionCount">Single</ConnectionCount>
				<NodeSide name="side">Left</NodeSide>
				<float name="sidePosition">66</float>
				<float name="sideOffset">0</float>
			</Port>
			<Variable name="Values" refID="800442496" />
			<Operation name="OperationType">Add</Operation>
			<double name="ApplyChance">1</double>
			<double name="Smoothness">0</double>
			<int name="RandSeed">2092525502</int>
		</Node>
		<Node name="Random Value" ID="684912896" type="valueRandom" pos="-400,-165">
			<Port ID="419339264" name="AverageKnob" dynamic="False" />
			<Port ID="991418368" name="DeviationKnob" dynamic="False" />
			<Port ID="1563497472" name="OutputKnob" dynamic="False" />
			<double name="Average">0.022500000894069672</double>
			<double name="Deviation">0.0074999998323619366</double>
			<int name="RandSeed">51241344</int>
		</Node>
		<Node name="Scatterers" ID="2070822144" type="outputScatterers" pos="1952,19">
			<Port ID="-443153408" name="MineablesKnob" dynamic="False" />
			<int name="RandSeed">1661387603</int>
		</Node>
		<Node name="Random Value" ID="-1069813120" type="valueRandom" pos="1657,58">
			<Port ID="701004800" name="AverageKnob" dynamic="False" />
			<Port ID="1273083904" name="DeviationKnob" dynamic="False" />
			<Port ID="1845163008" name="OutputKnob" dynamic="False" />
			<double name="Average">5</double>
			<double name="Deviation">1</double>
			<int name="RandSeed">1957894969</int>
		</Node>
	</Nodes>
	<Connections>
		<Connection port1ID="-1436972032" port2ID="-119312384" />
		<Connection port1ID="-292813824" port2ID="-1553884160" />
		<Connection port1ID="279265280" port2ID="-430737408" />
		<Connection port1ID="1995502592" port2ID="1563497472" />
		<Connection port1ID="560930816" port2ID="270517248" />
		<Connection port1ID="842596352" port2ID="-149071872" />
		<Connection port1ID="-1954728960" port2ID="1477745664" />
		<Connection port1ID="-1382649856" port2ID="-1673063424" />
		<Connection port1ID="333587456" port2ID="-1473124352" />
		<Connection port1ID="815192064" port2ID="1853911040" />
		<Connection port1ID="-1100984320" port2ID="-247239680" />
		<Connection port1ID="1668936704" port2ID="615252992" />
		<Connection port1ID="-337714176" port2ID="1187332096" />
		<Connection port1ID="1950602240" port2ID="1759411200" />
		<Connection port1ID="324839424" port2ID="2041076736" />
		<Connection port1ID="34425856" port2ID="-724818944" />
		<Connection port1ID="137673728" port2ID="1297763328" />
		<Connection port1ID="-1450263552" port2ID="1281831936" />
		<Connection port1ID="-443153408" port2ID="1845163008" />
	</Connections>
	<Objects>
		<Object refID="-1993570816" type="System.Collections.Generic.List`1[[System.Double, mscorlib, Version=4.0.0.0, Culture=neutral, PublicKeyToken=b77a5c561934e089]]">
			<ArrayOfDouble xmlns:xsd="http://www.w3.org/2001/XMLSchema" xmlns:xsi="http://www.w3.org/2001/XMLSchema-instance">
				<double>0</double>
				<double>0</double>
			</ArrayOfDouble>
		</Object>
		<Object refID="-179363456" type="System.Collections.Generic.List`1[[System.Double, mscorlib, Version=4.0.0.0, Culture=neutral, PublicKeyToken=b77a5c561934e089]]">
			<ArrayOfDouble xmlns:xsd="http://www.w3.org/2001/XMLSchema" xmlns:xsi="http://www.w3.org/2001/XMLSchema-instance">
				<double>0</double>
				<double>0</double>
			</ArrayOfDouble>
		</Object>
		<Object refID="454004608" type="System.Collections.Generic.List`1[[System.String, mscorlib, Version=4.0.0.0, Culture=neutral, PublicKeyToken=b77a5c561934e089]]">
			<ArrayOfString xmlns:xsd="http://www.w3.org/2001/XMLSchema" xmlns:xsi="http://www.w3.org/2001/XMLSchema-instance">
				<string>WaterOceanDeep</string>
				<string>WaterOceanShallow</string>
				<string>Sand</string>
				<string />
			</ArrayOfString>
		</Object>
		<Object refID="445256576" type="System.Collections.Generic.List`1[[System.Double, mscorlib, Version=4.0.0.0, Culture=neutral, PublicKeyToken=b77a5c561934e089]]">
			<ArrayOfDouble xmlns:xsd="http://www.w3.org/2001/XMLSchema" xmlns:xsi="http://www.w3.org/2001/XMLSchema-instance">
				<double>0</double>
				<double>0.85000002384185791</double>
				<double>1</double>
			</ArrayOfDouble>
		</Object>
		<Object refID="1865868416" type="System.Collections.Generic.List`1[[TerrainGraph.NodeGridRotateToMapSides+MapSide, 1_GeologicalLandforms, Version=1.0.0.0, Culture=neutral, PublicKeyToken=null]]">
			<ArrayOfMapSide xmlns:xsd="http://www.w3.org/2001/XMLSchema" xmlns:xsi="http://www.w3.org/2001/XMLSchema-instance">
				<MapSide>Front</MapSide>
			</ArrayOfMapSide>
		</Object>
		<Object refID="-1463384704" type="System.Collections.Generic.List`1[[TerrainGraph.NodeGridRotateToMapSides+MapSide, 1_GeologicalLandforms, Version=1.0.0.0, Culture=neutral, PublicKeyToken=null]]">
			<ArrayOfMapSide xmlns:xsd="http://www.w3.org/2001/XMLSchema" xmlns:xsi="http://www.w3.org/2001/XMLSchema-instance">
				<MapSide>Back</MapSide>
			</ArrayOfMapSide>
		</Object>
		<Object refID="800442496" type="System.Collections.Generic.List`1[[System.Double, mscorlib, Version=4.0.0.0, Culture=neutral, PublicKeyToken=b77a5c561934e089]]">
			<ArrayOfDouble xmlns:xsd="http://www.w3.org/2001/XMLSchema" xmlns:xsi="http://www.w3.org/2001/XMLSchema-instance">
				<double>0</double>
				<double>0</double>
			</ArrayOfDouble>
		</Object>
	</Objects>
</NodeCanvas>