﻿<?xml version="1.0" encoding="utf-8"?>
<NodeCanvas type="GeologicalLandforms.GraphEditor.Landform">
	<EditorStates>
		<EditorState selected="" pan="0,0" zoom="1" />
	</EditorStates>
	<Groups />
	<Nodes>
		<Node name="Custom Landform" ID="549089920" type="landformManifest" pos="-950,-517">
			<string name="Id">CoveWithIsland</string>
			<boolean name="IsCustom">false</boolean>
			<int name="RevisionVersion">1</int>
			<boolean name="IsEdited">false</boolean>
			<string name="DisplayName" />
			<boolean name="DisplayNameHasDirection">true</boolean>
			<int name="RandSeed">1333644392</int>
		</Node>
		<Node name="World Tile Requirements" ID="736530432" type="worldTileReq" pos="-950,-517">
			<Topology name="Topology">CoastOneSide</Topology>
			<float name="Commonness">0.120111741</float>
			<float name="CaveChance">0</float>
			<FloatRange xmlns:xsd="http://www.w3.org/2001/XMLSchema" xmlns:xsi="http://www.w3.org/2001/XMLSchema-instance" name="HillinessRequirement">
				<min>1</min>
				<max>1.59887</max>
			</FloatRange>
			<FloatRange xmlns:xsd="http://www.w3.org/2001/XMLSchema" xmlns:xsi="http://www.w3.org/2001/XMLSchema-instance" name="RoadRequirement">
				<min>0</min>
				<max>0</max>
			</FloatRange>
			<FloatRange xmlns:xsd="http://www.w3.org/2001/XMLSchema" xmlns:xsi="http://www.w3.org/2001/XMLSchema-instance" name="RiverRequirement">
				<min>0</min>
				<max>0</max>
			</FloatRange>
			<FloatRange xmlns:xsd="http://www.w3.org/2001/XMLSchema" xmlns:xsi="http://www.w3.org/2001/XMLSchema-instance" name="ElevationRequirement">
				<min>0</min>
				<max>5000</max>
			</FloatRange>
			<FloatRange xmlns:xsd="http://www.w3.org/2001/XMLSchema" xmlns:xsi="http://www.w3.org/2001/XMLSchema-instance" name="AvgTemperatureRequirement">
				<min>-100</min>
				<max>100</max>
			</FloatRange>
			<FloatRange xmlns:xsd="http://www.w3.org/2001/XMLSchema" xmlns:xsi="http://www.w3.org/2001/XMLSchema-instance" name="RainfallRequirement">
				<min>0</min>
				<max>5000</max>
			</FloatRange>
			<FloatRange xmlns:xsd="http://www.w3.org/2001/XMLSchema" xmlns:xsi="http://www.w3.org/2001/XMLSchema-instance" name="SwampinessRequirement">
				<min>0</min>
				<max>1</max>
			</FloatRange>
			<FloatRange xmlns:xsd="http://www.w3.org/2001/XMLSchema" xmlns:xsi="http://www.w3.org/2001/XMLSchema-instance" name="MapSizeRequirement">
				<min>119.77401</min>
				<max>1000</max>
			</FloatRange>
			<boolean name="AllowSettlements">true</boolean>
			<boolean name="AllowSites">true</boolean>
			<int name="RandSeed">351232153</int>
		</Node>
		<Node name="Linear Function" ID="1434753280" type="gridLinear" pos="-173.6,-352.4">
			<Port ID="-1936380928" name="OutputKnob" dynamic="False" />
			<Port ID="1863089152" name="Bias" dynamic="True" type="NodeEditorFramework.ValueConnectionKnob, 0_TerrainGraph, Version=1.0.0.0, Culture=neutral, PublicKeyToken=null">
				<string name="styleID">ValueFunc</string>
				<Direction name="direction">In</Direction>
				<ConnectionCount name="maxConnectionCount">Single</ConnectionCount>
				<NodeSide name="side">Left</NodeSide>
				<float name="sidePosition">38</float>
				<float name="sideOffset">0</float>
			</Port>
			<Port ID="-143561728" name="Origin x" dynamic="True" type="NodeEditorFramework.ValueConnectionKnob, 0_TerrainGraph, Version=1.0.0.0, Culture=neutral, PublicKeyToken=null">
				<string name="styleID">ValueFunc</string>
				<Direction name="direction">In</Direction>
				<ConnectionCount name="maxConnectionCount">Single</ConnectionCount>
				<NodeSide name="side">Left</NodeSide>
				<float name="sidePosition">66</float>
				<float name="sideOffset">0</float>
			</Port>
			<Port ID="2144754688" name="Span px" dynamic="True" type="NodeEditorFramework.ValueConnectionKnob, 0_TerrainGraph, Version=1.0.0.0, Culture=neutral, PublicKeyToken=null">
				<string name="styleID">ValueFunc</string>
				<Direction name="direction">In</Direction>
				<ConnectionCount name="maxConnectionCount">Single</ConnectionCount>
				<NodeSide name="side">Left</NodeSide>
				<float name="sidePosition">94</float>
				<float name="sideOffset">0</float>
			</Port>
			<Port ID="138103808" name="Span nx" dynamic="True" type="NodeEditorFramework.ValueConnectionKnob, 0_TerrainGraph, Version=1.0.0.0, Culture=neutral, PublicKeyToken=null">
				<string name="styleID">ValueFunc</string>
				<Direction name="direction">In</Direction>
				<ConnectionCount name="maxConnectionCount">Single</ConnectionCount>
				<NodeSide name="side">Left</NodeSide>
				<float name="sidePosition">122</float>
				<float name="sideOffset">0</float>
			</Port>
			<double name="Bias">-1</double>
			<double name="ClampMin">-1.7976931348623157E+308</double>
			<double name="ClampMax">1.7976931348623157E+308</double>
			<double name="OriginX">0</double>
			<double name="OriginZ">0</double>
			<double name="SpanPx">52.614734955132008</double>
			<double name="SpanNx">0</double>
			<double name="SpanPz">0</double>
			<double name="SpanNz">0</double>
			<boolean name="Circular">false</boolean>
			<int name="RandSeed">299276223</int>
		</Node>
		<Node name="Map Sides" ID="1572864" type="gridRotateToMapSides" pos="106.4,-235.4">
			<Port ID="1716206592" name="Input 0" dynamic="True" type="NodeEditorFramework.ValueConnectionKnob, 0_TerrainGraph, Version=1.0.0.0, Culture=neutral, PublicKeyToken=null">
				<string name="styleID">GridFunc</string>
				<Direction name="direction">In</Direction>
				<ConnectionCount name="maxConnectionCount">Single</ConnectionCount>
				<NodeSide name="side">Left</NodeSide>
				<float name="sidePosition">38</float>
				<float name="sideOffset">0</float>
			</Port>
			<Port ID="-290444288" name="Output 0" dynamic="True" type="NodeEditorFramework.ValueConnectionKnob, 0_TerrainGraph, Version=1.0.0.0, Culture=neutral, PublicKeyToken=null">
				<string name="styleID">GridFunc</string>
				<Direction name="direction">Out</Direction>
				<ConnectionCount name="maxConnectionCount">Multi</ConnectionCount>
				<NodeSide name="side">Right</NodeSide>
				<float name="sidePosition">38</float>
				<float name="sideOffset">0</float>
			</Port>
			<Port ID="1997872128" name="Input 1" dynamic="True" type="NodeEditorFramework.ValueConnectionKnob, 0_TerrainGraph, Version=1.0.0.0, Culture=neutral, PublicKeyToken=null">
				<string name="styleID">GridFunc</string>
				<Direction name="direction">In</Direction>
				<ConnectionCount name="maxConnectionCount">Single</ConnectionCount>
				<NodeSide name="side">Left</NodeSide>
				<float name="sidePosition">66</float>
				<float name="sideOffset">0</float>
			</Port>
			<Port ID="-8778752" name="Output 1" dynamic="True" type="NodeEditorFramework.ValueConnectionKnob, 0_TerrainGraph, Version=1.0.0.0, Culture=neutral, PublicKeyToken=null">
				<string name="styleID">GridFunc</string>
				<Direction name="direction">Out</Direction>
				<ConnectionCount name="maxConnectionCount">Multi</ConnectionCount>
				<NodeSide name="side">Right</NodeSide>
				<float name="sidePosition">66</float>
				<float name="sideOffset">0</float>
			</Port>
			<Variable name="MapSides" refID="-332508672" />
			<int name="RandSeed">806524389</int>
		</Node>
		<Node name="Random Value" ID="-1205636096" type="valueRandom" pos="-464.6001,-321.4">
			<Port ID="-792222720" name="AverageKnob" dynamic="False" />
			<Port ID="-220143616" name="DeviationKnob" dynamic="False" />
			<Port ID="351935488" name="OutputKnob" dynamic="False" />
			<double name="Average">60</double>
			<double name="Deviation">15</double>
			<int name="RandSeed">145210619</int>
		</Node>
		<Node name="Preview" ID="1334605184" type="gridPreview" pos="572.4002,-258.4">
			<Port ID="-1654715392" name="InputKnob" dynamic="False" />
			<Port ID="-1082636288" name="OutputKnob" dynamic="False" />
			<string name="PreviewModelId">Default</string>
			<int name="RandSeed">122585397</int>
		</Node>
		<Node name="Select" ID="-420120832" type="gridSelectTerrain" pos="2189.4,-231.2">
			<Port ID="633601024" name="InputKnob" dynamic="False" />
			<Port ID="1205680128" name="OutputKnob" dynamic="False" />
			<Port ID="-2015429632" name="Option 0" dynamic="True" type="NodeEditorFramework.ValueConnectionKnob, 0_TerrainGraph, Version=1.0.0.0, Culture=neutral, PublicKeyToken=null">
				<string name="styleID">TerrainFunc</string>
				<Direction name="direction">In</Direction>
				<ConnectionCount name="maxConnectionCount">Single</ConnectionCount>
				<NodeSide name="side">Left</NodeSide>
				<float name="sidePosition">66</float>
				<float name="sideOffset">0</float>
			</Port>
			<Port ID="272886784" name="Option 1" dynamic="True" type="NodeEditorFramework.ValueConnectionKnob, 0_TerrainGraph, Version=1.0.0.0, Culture=neutral, PublicKeyToken=null">
				<string name="styleID">TerrainFunc</string>
				<Direction name="direction">In</Direction>
				<ConnectionCount name="maxConnectionCount">Single</ConnectionCount>
				<NodeSide name="side">Left</NodeSide>
				<float name="sidePosition">94</float>
				<float name="sideOffset">0</float>
			</Port>
			<Port ID="-1733764096" name="Option 2" dynamic="True" type="NodeEditorFramework.ValueConnectionKnob, 0_TerrainGraph, Version=1.0.0.0, Culture=neutral, PublicKeyToken=null">
				<string name="styleID">TerrainFunc</string>
				<Direction name="direction">In</Direction>
				<ConnectionCount name="maxConnectionCount">Single</ConnectionCount>
				<NodeSide name="side">Left</NodeSide>
				<float name="sidePosition">122</float>
				<float name="sideOffset">0</float>
			</Port>
			<Port ID="554552320" name="Option 3" dynamic="True" type="NodeEditorFramework.ValueConnectionKnob, 0_TerrainGraph, Version=1.0.0.0, Culture=neutral, PublicKeyToken=null">
				<string name="styleID">TerrainFunc</string>
				<Direction name="direction">In</Direction>
				<ConnectionCount name="maxConnectionCount">Single</ConnectionCount>
				<NodeSide name="side">Left</NodeSide>
				<float name="sidePosition">150</float>
				<float name="sideOffset">0</float>
			</Port>
			<Variable name="Values" refID="201081728" />
			<Variable name="Thresholds" refID="734672128" />
			<int name="RandSeed">1555528661</int>
		</Node>
		<Node name="Natural Water" ID="-907675648" type="terrainNaturalWater" pos="1994.401,-173.2">
			<Port ID="-1373049856" name="DeepOutputKnob" dynamic="False" />
			<Port ID="-800970752" name="ShallowOutputKnob" dynamic="False" />
			<Port ID="-228891648" name="BeachOutputKnob" dynamic="False" />
			<int name="RandSeed">1495595294</int>
		</Node>
		<Node name="Preview" ID="2120120448" type="terrainGridPreview" pos="2474.4,-299.2001">
			<Port ID="2059424768" name="InputKnob" dynamic="False" />
			<Port ID="-1663463424" name="OutputKnob" dynamic="False" />
			<int name="RandSeed">1223390690</int>
		</Node>
		<Node name="Preview" ID="365394432" type="gridPreview" pos="1527.401,-399.2001">
			<Port ID="52773888" name="InputKnob" dynamic="False" />
			<Port ID="624852992" name="OutputKnob" dynamic="False" />
			<string name="PreviewModelId">Default</string>
			<int name="RandSeed">1718950703</int>
		</Node>
		<Node name="Add" ID="1399863808" type="gridOperator" pos="1221.401,-316.2001">
			<Port ID="579384320" name="OutputKnob" dynamic="False" />
			<Port ID="-612287488" name="Input 0" dynamic="True" type="NodeEditorFramework.ValueConnectionKnob, 0_TerrainGraph, Version=1.0.0.0, Culture=neutral, PublicKeyToken=null">
				<string name="styleID">GridFunc</string>
				<Direction name="direction">In</Direction>
				<ConnectionCount name="maxConnectionCount">Single</ConnectionCount>
				<NodeSide name="side">Left</NodeSide>
				<float name="sidePosition">38</float>
				<float name="sideOffset">0</float>
			</Port>
			<Port ID="1676028928" name="Input 1" dynamic="True" type="NodeEditorFramework.ValueConnectionKnob, 0_TerrainGraph, Version=1.0.0.0, Culture=neutral, PublicKeyToken=null">
				<string name="styleID">GridFunc</string>
				<Direction name="direction">In</Direction>
				<ConnectionCount name="maxConnectionCount">Single</ConnectionCount>
				<NodeSide name="side">Left</NodeSide>
				<float name="sidePosition">66</float>
				<float name="sideOffset">0</float>
			</Port>
			<Variable name="Values" refID="1268262528" />
			<Operation name="OperationType">Add</Operation>
			<double name="ApplyChance">1</double>
			<double name="Smoothness">0</double>
			<int name="RandSeed">1042729726</int>
		</Node>
		<Node name="Perlin Noise" ID="-1889671552" type="gridPerlin" pos="754.7999,-415.8">
			<Port ID="1723542528" name="FrequencyKnob" dynamic="False" />
			<Port ID="-1999345664" name="LacunarityKnob" dynamic="False" />
			<Port ID="-1427266560" name="PersistenceKnob" dynamic="False" />
			<Port ID="-855187456" name="ScaleKnob" dynamic="False" />
			<Port ID="-283108352" name="BiasKnob" dynamic="False" />
			<Port ID="288970752" name="OutputKnob" dynamic="False" />
			<double name="Frequency">0.029999999329447746</double>
			<double name="Lacunarity">2</double>
			<double name="Persistence">0.5</double>
			<double name="Scale">0.5</double>
			<double name="Bias">0.5</double>
			<int name="Octaves">3</int>
			<int name="RandSeed">58629024</int>
		</Node>
		<Node name="Preview" ID="-1389331584" type="gridPreview" pos="1028.6,-381.6">
			<Port ID="-1442816" name="InputKnob" dynamic="False" />
			<Port ID="570636288" name="OutputKnob" dynamic="False" />
			<string name="PreviewModelId">Default</string>
			<int name="RandSeed">1681325360</int>
		</Node>
		<Node name="Terrain Output" ID="2097926656" type="outputTerrain" pos="2681.4,-231.2">
			<Port ID="-2008093696" name="BaseKnob" dynamic="False" />
			<Port ID="-1436014592" name="StoneKnob" dynamic="False" />
			<int name="RandSeed">1441011932</int>
		</Node>
		<Node name="Add" ID="-1285584256" type="gridOperator" pos="291,-214">
			<Port ID="280222720" name="OutputKnob" dynamic="False" />
			<Port ID="241457152" name="Input 0" dynamic="True" type="NodeEditorFramework.ValueConnectionKnob, 0_TerrainGraph, Version=1.0.0.0, Culture=neutral, PublicKeyToken=null">
				<string name="styleID">GridFunc</string>
				<Direction name="direction">In</Direction>
				<ConnectionCount name="maxConnectionCount">Single</ConnectionCount>
				<NodeSide name="side">Left</NodeSide>
				<float name="sidePosition">38</float>
				<float name="sideOffset">0</float>
			</Port>
			<Port ID="-1765193728" name="Input 1" dynamic="True" type="NodeEditorFramework.ValueConnectionKnob, 0_TerrainGraph, Version=1.0.0.0, Culture=neutral, PublicKeyToken=null">
				<string name="styleID">GridFunc</string>
				<Direction name="direction">In</Direction>
				<ConnectionCount name="maxConnectionCount">Single</ConnectionCount>
				<NodeSide name="side">Left</NodeSide>
				<float name="sidePosition">66</float>
				<float name="sideOffset">0</float>
			</Port>
			<Variable name="Values" refID="1801852928" />
			<Operation name="OperationType">Min</Operation>
			<double name="ApplyChance">1</double>
			<double name="Smoothness">0</double>
			<int name="RandSeed">1730658758</int>
		</Node>
		<Node name="Linear Function" ID="252106368" type="gridLinear" pos="-174,-174">
			<Port ID="1424380928" name="OutputKnob" dynamic="False" />
			<Port ID="1095201792" name="Bias" dynamic="True" type="NodeEditorFramework.ValueConnectionKnob, 0_TerrainGraph, Version=1.0.0.0, Culture=neutral, PublicKeyToken=null">
				<string name="styleID">ValueFunc</string>
				<Direction name="direction">In</Direction>
				<ConnectionCount name="maxConnectionCount">Single</ConnectionCount>
				<NodeSide name="side">Left</NodeSide>
				<float name="sidePosition">38</float>
				<float name="sideOffset">0</float>
			</Port>
			<Port ID="-911449088" name="Origin x" dynamic="True" type="NodeEditorFramework.ValueConnectionKnob, 0_TerrainGraph, Version=1.0.0.0, Culture=neutral, PublicKeyToken=null">
				<string name="styleID">ValueFunc</string>
				<Direction name="direction">In</Direction>
				<ConnectionCount name="maxConnectionCount">Single</ConnectionCount>
				<NodeSide name="side">Left</NodeSide>
				<float name="sidePosition">66</float>
				<float name="sideOffset">0</float>
			</Port>
			<Port ID="1376867328" name="Span px" dynamic="True" type="NodeEditorFramework.ValueConnectionKnob, 0_TerrainGraph, Version=1.0.0.0, Culture=neutral, PublicKeyToken=null">
				<string name="styleID">ValueFunc</string>
				<Direction name="direction">In</Direction>
				<ConnectionCount name="maxConnectionCount">Single</ConnectionCount>
				<NodeSide name="side">Left</NodeSide>
				<float name="sidePosition">122</float>
				<float name="sideOffset">0</float>
			</Port>
			<Port ID="-629783552" name="Span nx" dynamic="True" type="NodeEditorFramework.ValueConnectionKnob, 0_TerrainGraph, Version=1.0.0.0, Culture=neutral, PublicKeyToken=null">
				<string name="styleID">ValueFunc</string>
				<Direction name="direction">In</Direction>
				<ConnectionCount name="maxConnectionCount">Single</ConnectionCount>
				<NodeSide name="side">Left</NodeSide>
				<float name="sidePosition">150</float>
				<float name="sideOffset">0</float>
			</Port>
			<Port ID="1371681792" name="Origin z" dynamic="True" type="NodeEditorFramework.ValueConnectionKnob, 0_TerrainGraph, Version=1.0.0.0, Culture=neutral, PublicKeyToken=null">
				<string name="styleID">ValueFunc</string>
				<Direction name="direction">In</Direction>
				<ConnectionCount name="maxConnectionCount">Single</ConnectionCount>
				<NodeSide name="side">Left</NodeSide>
				<float name="sidePosition">94</float>
				<float name="sideOffset">0</float>
			</Port>
			<Port ID="-634969088" name="Span pz" dynamic="True" type="NodeEditorFramework.ValueConnectionKnob, 0_TerrainGraph, Version=1.0.0.0, Culture=neutral, PublicKeyToken=null">
				<string name="styleID">ValueFunc</string>
				<Direction name="direction">In</Direction>
				<ConnectionCount name="maxConnectionCount">Single</ConnectionCount>
				<NodeSide name="side">Left</NodeSide>
				<float name="sidePosition">178</float>
				<float name="sideOffset">0</float>
			</Port>
			<Port ID="1653347328" name="Span nz" dynamic="True" type="NodeEditorFramework.ValueConnectionKnob, 0_TerrainGraph, Version=1.0.0.0, Culture=neutral, PublicKeyToken=null">
				<string name="styleID">ValueFunc</string>
				<Direction name="direction">In</Direction>
				<ConnectionCount name="maxConnectionCount">Single</ConnectionCount>
				<NodeSide name="side">Left</NodeSide>
				<float name="sidePosition">206</float>
				<float name="sideOffset">0</float>
			</Port>
			<double name="Bias">-1.8500000238418579</double>
			<double name="ClampMin">-1.7976931348623157E+308</double>
			<double name="ClampMax">1.7976931348623157E+308</double>
			<double name="OriginX">0.5</double>
			<double name="OriginZ">0.5</double>
			<double name="SpanPx">41.233728998340666</double>
			<double name="SpanNx">0</double>
			<double name="SpanPz">40.08219888433814</double>
			<double name="SpanNz">43.144715526141226</double>
			<boolean name="Circular">true</boolean>
			<int name="RandSeed">1290554408</int>
		</Node>
		<Node name="Add" ID="323934976" type="gridOperator" pos="1713.001,-373.8001">
			<Port ID="-1726428160" name="OutputKnob" dynamic="False" />
			<Port ID="-353303552" name="Input 0" dynamic="True" type="NodeEditorFramework.ValueConnectionKnob, 0_TerrainGraph, Version=1.0.0.0, Culture=neutral, PublicKeyToken=null">
				<string name="styleID">GridFunc</string>
				<Direction name="direction">In</Direction>
				<ConnectionCount name="maxConnectionCount">Single</ConnectionCount>
				<NodeSide name="side">Left</NodeSide>
				<float name="sidePosition">66</float>
				<float name="sideOffset">0</float>
			</Port>
			<Port ID="1935012864" name="Input 1" dynamic="True" type="NodeEditorFramework.ValueConnectionKnob, 0_TerrainGraph, Version=1.0.0.0, Culture=neutral, PublicKeyToken=null">
				<string name="styleID">GridFunc</string>
				<Direction name="direction">In</Direction>
				<ConnectionCount name="maxConnectionCount">Single</ConnectionCount>
				<NodeSide name="side">Left</NodeSide>
				<float name="sidePosition">94</float>
				<float name="sideOffset">0</float>
			</Port>
			<Port ID="-71638016" name="Smoothness" dynamic="True" type="NodeEditorFramework.ValueConnectionKnob, 0_TerrainGraph, Version=1.0.0.0, Culture=neutral, PublicKeyToken=null">
				<string name="styleID">ValueFunc</string>
				<Direction name="direction">In</Direction>
				<ConnectionCount name="maxConnectionCount">Single</ConnectionCount>
				<NodeSide name="side">Left</NodeSide>
				<float name="sidePosition">38</float>
				<float name="sideOffset">0</float>
			</Port>
			<Variable name="Values" refID="-1959523968" />
			<Operation name="OperationType">Smooth_Max</Operation>
			<double name="ApplyChance">1</double>
			<double name="Smoothness">3</double>
			<int name="RandSeed">2132434646</int>
		</Node>
		<Node name="Preview" ID="1150909696" type="gridPreview" pos="1995.001,-317.8001">
			<Port ID="-582269952" name="InputKnob" dynamic="False" />
			<Port ID="-10190848" name="OutputKnob" dynamic="False" />
			<string name="PreviewModelId">Default</string>
			<int name="RandSeed">1085710265</int>
		</Node>
		<Node name="Random Value" ID="-603816320" type="valueRandom" pos="-466,-71">
			<Port ID="1282683904" name="AverageKnob" dynamic="False" />
			<Port ID="1854763008" name="DeviationKnob" dynamic="False" />
			<Port ID="-1868125184" name="OutputKnob" dynamic="False" />
			<double name="Average">40</double>
			<double name="Deviation">5</double>
			<int name="RandSeed">1016909954</int>
		</Node>
		<Node name="Linear Function" ID="-930540544" type="gridLinear" pos="1219.001,-156.8">
			<Port ID="420191232" name="OutputKnob" dynamic="False" />
			<Port ID="-1506209792" name="Bias" dynamic="True" type="NodeEditorFramework.ValueConnectionKnob, 0_TerrainGraph, Version=1.0.0.0, Culture=neutral, PublicKeyToken=null">
				<string name="styleID">ValueFunc</string>
				<Direction name="direction">In</Direction>
				<ConnectionCount name="maxConnectionCount">Single</ConnectionCount>
				<NodeSide name="side">Left</NodeSide>
				<float name="sidePosition">38</float>
				<float name="sideOffset">0</float>
			</Port>
			<Port ID="782106624" name="Origin x" dynamic="True" type="NodeEditorFramework.ValueConnectionKnob, 0_TerrainGraph, Version=1.0.0.0, Culture=neutral, PublicKeyToken=null">
				<string name="styleID">ValueFunc</string>
				<Direction name="direction">In</Direction>
				<ConnectionCount name="maxConnectionCount">Single</ConnectionCount>
				<NodeSide name="side">Left</NodeSide>
				<float name="sidePosition">122</float>
				<float name="sideOffset">0</float>
			</Port>
			<Port ID="-1511395328" name="Span px" dynamic="True" type="NodeEditorFramework.ValueConnectionKnob, 0_TerrainGraph, Version=1.0.0.0, Culture=neutral, PublicKeyToken=null">
				<string name="styleID">ValueFunc</string>
				<Direction name="direction">In</Direction>
				<ConnectionCount name="maxConnectionCount">Single</ConnectionCount>
				<NodeSide name="side">Left</NodeSide>
				<float name="sidePosition">150</float>
				<float name="sideOffset">0</float>
			</Port>
			<Port ID="776921088" name="Clamp min" dynamic="True" type="NodeEditorFramework.ValueConnectionKnob, 0_TerrainGraph, Version=1.0.0.0, Culture=neutral, PublicKeyToken=null">
				<string name="styleID">ValueFunc</string>
				<Direction name="direction">In</Direction>
				<ConnectionCount name="maxConnectionCount">Single</ConnectionCount>
				<NodeSide name="side">Left</NodeSide>
				<float name="sidePosition">66</float>
				<float name="sideOffset">0</float>
			</Port>
			<Port ID="-1229729792" name="Clamp max" dynamic="True" type="NodeEditorFramework.ValueConnectionKnob, 0_TerrainGraph, Version=1.0.0.0, Culture=neutral, PublicKeyToken=null">
				<string name="styleID">ValueFunc</string>
				<Direction name="direction">In</Direction>
				<ConnectionCount name="maxConnectionCount">Single</ConnectionCount>
				<NodeSide name="side">Left</NodeSide>
				<float name="sidePosition">94</float>
				<float name="sideOffset">0</float>
			</Port>
			<double name="Bias">-1</double>
			<double name="ClampMin">-1</double>
			<double name="ClampMax">0.11999999731779099</double>
			<double name="OriginX">0</double>
			<double name="OriginZ">0</double>
			<double name="SpanPx">35</double>
			<double name="SpanNx">0</double>
			<double name="SpanPz">0</double>
			<double name="SpanNz">0</double>
			<boolean name="Circular">false</boolean>
			<int name="RandSeed">545315752</int>
		</Node>
		<Node name="Map Sides" ID="808561664" type="gridRotateToMapSides" pos="1528.001,-228.8">
			<Port ID="1058586624" name="Input 0" dynamic="True" type="NodeEditorFramework.ValueConnectionKnob, 0_TerrainGraph, Version=1.0.0.0, Culture=neutral, PublicKeyToken=null">
				<string name="styleID">GridFunc</string>
				<Direction name="direction">In</Direction>
				<ConnectionCount name="maxConnectionCount">Single</ConnectionCount>
				<NodeSide name="side">Left</NodeSide>
				<float name="sidePosition">38</float>
				<float name="sideOffset">0</float>
			</Port>
			<Port ID="-948064256" name="Output 0" dynamic="True" type="NodeEditorFramework.ValueConnectionKnob, 0_TerrainGraph, Version=1.0.0.0, Culture=neutral, PublicKeyToken=null">
				<string name="styleID">GridFunc</string>
				<Direction name="direction">Out</Direction>
				<ConnectionCount name="maxConnectionCount">Multi</ConnectionCount>
				<NodeSide name="side">Right</NodeSide>
				<float name="sidePosition">38</float>
				<float name="sideOffset">0</float>
			</Port>
			<Variable name="MapSides" refID="960366080" />
			<int name="RandSeed">2084577709</int>
		</Node>
		<Node name="Linear Function" ID="-2113187456" type="gridLinear" pos="105,-39">
			<Port ID="1564349440" name="OutputKnob" dynamic="False" />
			<Port ID="1340252160" name="Bias" dynamic="True" type="NodeEditorFramework.ValueConnectionKnob, 0_TerrainGraph, Version=1.0.0.0, Culture=neutral, PublicKeyToken=null">
				<string name="styleID">ValueFunc</string>
				<Direction name="direction">In</Direction>
				<ConnectionCount name="maxConnectionCount">Single</ConnectionCount>
				<NodeSide name="side">Left</NodeSide>
				<float name="sidePosition">38</float>
				<float name="sideOffset">0</float>
			</Port>
			<Port ID="-666398720" name="Origin x" dynamic="True" type="NodeEditorFramework.ValueConnectionKnob, 0_TerrainGraph, Version=1.0.0.0, Culture=neutral, PublicKeyToken=null">
				<string name="styleID">ValueFunc</string>
				<Direction name="direction">In</Direction>
				<ConnectionCount name="maxConnectionCount">Single</ConnectionCount>
				<NodeSide name="side">Left</NodeSide>
				<float name="sidePosition">66</float>
				<float name="sideOffset">0</float>
			</Port>
			<Port ID="1621917696" name="Span px" dynamic="True" type="NodeEditorFramework.ValueConnectionKnob, 0_TerrainGraph, Version=1.0.0.0, Culture=neutral, PublicKeyToken=null">
				<string name="styleID">ValueFunc</string>
				<Direction name="direction">In</Direction>
				<ConnectionCount name="maxConnectionCount">Single</ConnectionCount>
				<NodeSide name="side">Left</NodeSide>
				<float name="sidePosition">122</float>
				<float name="sideOffset">0</float>
			</Port>
			<Port ID="-459902976" name="Origin z" dynamic="True" type="NodeEditorFramework.ValueConnectionKnob, 0_TerrainGraph, Version=1.0.0.0, Culture=neutral, PublicKeyToken=null">
				<string name="styleID">ValueFunc</string>
				<Direction name="direction">In</Direction>
				<ConnectionCount name="maxConnectionCount">Single</ConnectionCount>
				<NodeSide name="side">Left</NodeSide>
				<float name="sidePosition">94</float>
				<float name="sideOffset">0</float>
			</Port>
			<Port ID="1828413440" name="Span pz" dynamic="True" type="NodeEditorFramework.ValueConnectionKnob, 0_TerrainGraph, Version=1.0.0.0, Culture=neutral, PublicKeyToken=null">
				<string name="styleID">ValueFunc</string>
				<Direction name="direction">In</Direction>
				<ConnectionCount name="maxConnectionCount">Single</ConnectionCount>
				<NodeSide name="side">Left</NodeSide>
				<float name="sidePosition">178</float>
				<float name="sideOffset">0</float>
			</Port>
			<Port ID="-178237440" name="Span nx" dynamic="True" type="NodeEditorFramework.ValueConnectionKnob, 0_TerrainGraph, Version=1.0.0.0, Culture=neutral, PublicKeyToken=null">
				<string name="styleID">ValueFunc</string>
				<Direction name="direction">In</Direction>
				<ConnectionCount name="maxConnectionCount">Single</ConnectionCount>
				<NodeSide name="side">Left</NodeSide>
				<float name="sidePosition">150</float>
				<float name="sideOffset">0</float>
			</Port>
			<Port ID="2110078976" name="Span nz" dynamic="True" type="NodeEditorFramework.ValueConnectionKnob, 0_TerrainGraph, Version=1.0.0.0, Culture=neutral, PublicKeyToken=null">
				<string name="styleID">ValueFunc</string>
				<Direction name="direction">In</Direction>
				<ConnectionCount name="maxConnectionCount">Single</ConnectionCount>
				<NodeSide name="side">Left</NodeSide>
				<float name="sidePosition">206</float>
				<float name="sideOffset">0</float>
			</Port>
			<double name="Bias">2</double>
			<double name="ClampMin">-1.7976931348623157E+308</double>
			<double name="ClampMax">1.7976931348623157E+308</double>
			<double name="OriginX">0.37000000476837158</double>
			<double name="OriginZ">0.5</double>
			<double name="SpanPx">-20.617517876438797</double>
			<double name="SpanNx">-20.183746860362589</double>
			<double name="SpanPz">-17.795444592833519</double>
			<double name="SpanNz">-17.502900271676481</double>
			<boolean name="Circular">true</boolean>
			<int name="RandSeed">1638437387</int>
		</Node>
		<Node name="Map Sides" ID="-480803328" type="gridRotateToMapSides" pos="391,-82">
			<Port ID="103428096" name="Input 0" dynamic="True" type="NodeEditorFramework.ValueConnectionKnob, 0_TerrainGraph, Version=1.0.0.0, Culture=neutral, PublicKeyToken=null">
				<string name="styleID">GridFunc</string>
				<Direction name="direction">In</Direction>
				<ConnectionCount name="maxConnectionCount">Single</ConnectionCount>
				<NodeSide name="side">Left</NodeSide>
				<float name="sidePosition">38</float>
				<float name="sideOffset">0</float>
			</Port>
			<Port ID="-1903222784" name="Output 0" dynamic="True" type="NodeEditorFramework.ValueConnectionKnob, 0_TerrainGraph, Version=1.0.0.0, Culture=neutral, PublicKeyToken=null">
				<string name="styleID">GridFunc</string>
				<Direction name="direction">Out</Direction>
				<ConnectionCount name="maxConnectionCount">Multi</ConnectionCount>
				<NodeSide name="side">Right</NodeSide>
				<float name="sidePosition">38</float>
				<float name="sideOffset">0</float>
			</Port>
			<Variable name="MapSides" refID="1600674560" />
			<int name="RandSeed">196914927</int>
		</Node>
		<Node name="Preview" ID="1936424960" type="gridPreview" pos="573,-107">
			<Port ID="-1586459648" name="InputKnob" dynamic="False" />
			<Port ID="-1014380544" name="OutputKnob" dynamic="False" />
			<string name="PreviewModelId">Default</string>
			<int name="RandSeed">1516343901</int>
		</Node>
		<Node name="Random Value" ID="-251599616" type="valueRandom" pos="-173,91">
			<Port ID="701856768" name="AverageKnob" dynamic="False" />
			<Port ID="1273935872" name="DeviationKnob" dynamic="False" />
			<Port ID="1846014976" name="OutputKnob" dynamic="False" />
			<double name="Average">-20</double>
			<double name="Deviation">3</double>
			<int name="RandSeed">307668293</int>
		</Node>
		<Node name="Random Value" ID="-2006325632" type="valueRandom" pos="-173,205">
			<Port ID="-160635904" name="AverageKnob" dynamic="False" />
			<Port ID="411443200" name="DeviationKnob" dynamic="False" />
			<Port ID="983522304" name="OutputKnob" dynamic="False" />
			<double name="Average">-18</double>
			<double name="Deviation">3</double>
			<int name="RandSeed">658429760</int>
		</Node>
		<Node name="Add" ID="1933454208" type="gridOperator" pos="754.6,-192.4">
			<Port ID="-1023128576" name="OutputKnob" dynamic="False" />
			<Port ID="385093632" name="Input 0" dynamic="True" type="NodeEditorFramework.ValueConnectionKnob, 0_TerrainGraph, Version=1.0.0.0, Culture=neutral, PublicKeyToken=null">
				<string name="styleID">GridFunc</string>
				<Direction name="direction">In</Direction>
				<ConnectionCount name="maxConnectionCount">Single</ConnectionCount>
				<NodeSide name="side">Left</NodeSide>
				<float name="sidePosition">38</float>
				<float name="sideOffset">0</float>
			</Port>
			<Port ID="-1621557248" name="Input 1" dynamic="True" type="NodeEditorFramework.ValueConnectionKnob, 0_TerrainGraph, Version=1.0.0.0, Culture=neutral, PublicKeyToken=null">
				<string name="styleID">GridFunc</string>
				<Direction name="direction">In</Direction>
				<ConnectionCount name="maxConnectionCount">Single</ConnectionCount>
				<NodeSide name="side">Left</NodeSide>
				<float name="sidePosition">66</float>
				<float name="sideOffset">0</float>
			</Port>
			<Variable name="Values" refID="2134264960" />
			<Operation name="OperationType">Max</Operation>
			<double name="ApplyChance">1</double>
			<double name="Smoothness">0</double>
			<int name="RandSeed">223112938</int>
		</Node>
		<Node name="Preview" ID="533915648" type="gridPreview" pos="1028.2,-230.8">
			<Port ID="121029632" name="InputKnob" dynamic="False" />
			<Port ID="693108736" name="OutputKnob" dynamic="False" />
			<string name="PreviewModelId">Default</string>
			<int name="RandSeed">2092645401</int>
		</Node>
	</Nodes>
	<Connections>
		<Connection port1ID="-1936380928" port2ID="1716206592" />
		<Connection port1ID="2144754688" port2ID="351935488" />
		<Connection port1ID="-290444288" port2ID="241457152" />
		<Connection port1ID="1997872128" port2ID="1424380928" />
		<Connection port1ID="-8778752" port2ID="-1765193728" />
		<Connection port1ID="-1654715392" port2ID="280222720" />
		<Connection port1ID="-1082636288" port2ID="385093632" />
		<Connection port1ID="633601024" port2ID="-10190848" />
		<Connection port1ID="1205680128" port2ID="2059424768" />
		<Connection port1ID="-2015429632" port2ID="-1373049856" />
		<Connection port1ID="272886784" port2ID="-800970752" />
		<Connection port1ID="-1733764096" port2ID="-228891648" />
		<Connection port1ID="-1663463424" port2ID="-2008093696" />
		<Connection port1ID="52773888" port2ID="579384320" />
		<Connection port1ID="624852992" port2ID="-353303552" />
		<Connection port1ID="-612287488" port2ID="570636288" />
		<Connection port1ID="1676028928" port2ID="693108736" />
		<Connection port1ID="288970752" port2ID="-1442816" />
		<Connection port1ID="1376867328" port2ID="-1868125184" />
		<Connection port1ID="-634969088" port2ID="-1868125184" />
		<Connection port1ID="1653347328" port2ID="-1868125184" />
		<Connection port1ID="-1726428160" port2ID="-582269952" />
		<Connection port1ID="1935012864" port2ID="-948064256" />
		<Connection port1ID="420191232" port2ID="1058586624" />
		<Connection port1ID="1564349440" port2ID="103428096" />
		<Connection port1ID="1621917696" port2ID="1846014976" />
		<Connection port1ID="1828413440" port2ID="983522304" />
		<Connection port1ID="-178237440" port2ID="1846014976" />
		<Connection port1ID="2110078976" port2ID="983522304" />
		<Connection port1ID="-1903222784" port2ID="-1586459648" />
		<Connection port1ID="-1014380544" port2ID="-1621557248" />
		<Connection port1ID="-1023128576" port2ID="121029632" />
	</Connections>
	<Objects>
		<Object refID="-332508672" type="System.Collections.Generic.List`1[[TerrainGraph.NodeGridRotateToMapSides+MapSide, 1_GeologicalLandforms, Version=1.0.0.0, Culture=neutral, PublicKeyToken=null]]">
			<ArrayOfMapSide xmlns:xsd="http://www.w3.org/2001/XMLSchema" xmlns:xsi="http://www.w3.org/2001/XMLSchema-instance">
				<MapSide>Front</MapSide>
				<MapSide>Front</MapSide>
			</ArrayOfMapSide>
		</Object>
		<Object refID="201081728" type="System.Collections.Generic.List`1[[System.String, mscorlib, Version=4.0.0.0, Culture=neutral, PublicKeyToken=b77a5c561934e089]]">
			<ArrayOfString xmlns:xsd="http://www.w3.org/2001/XMLSchema" xmlns:xsi="http://www.w3.org/2001/XMLSchema-instance">
				<string>WaterOceanDeep</string>
				<string>WaterOceanShallow</string>
				<string>Sand</string>
				<string />
			</ArrayOfString>
		</Object>
		<Object refID="734672128" type="System.Collections.Generic.List`1[[System.Double, mscorlib, Version=4.0.0.0, Culture=neutral, PublicKeyToken=b77a5c561934e089]]">
			<ArrayOfDouble xmlns:xsd="http://www.w3.org/2001/XMLSchema" xmlns:xsi="http://www.w3.org/2001/XMLSchema-instance">
				<double>-0.05000000074505806</double>
				<double>0.44999998807907104</double>
				<double>1</double>
			</ArrayOfDouble>
		</Object>
		<Object refID="1268262528" type="System.Collections.Generic.List`1[[System.Double, mscorlib, Version=4.0.0.0, Culture=neutral, PublicKeyToken=b77a5c561934e089]]">
			<ArrayOfDouble xmlns:xsd="http://www.w3.org/2001/XMLSchema" xmlns:xsi="http://www.w3.org/2001/XMLSchema-instance">
				<double>0</double>
				<double>0</double>
			</ArrayOfDouble>
		</Object>
		<Object refID="1801852928" type="System.Collections.Generic.List`1[[System.Double, mscorlib, Version=4.0.0.0, Culture=neutral, PublicKeyToken=b77a5c561934e089]]">
			<ArrayOfDouble xmlns:xsd="http://www.w3.org/2001/XMLSchema" xmlns:xsi="http://www.w3.org/2001/XMLSchema-instance">
				<double>0</double>
				<double>0</double>
			</ArrayOfDouble>
		</Object>
		<Object refID="-1959523968" type="System.Collections.Generic.List`1[[System.Double, mscorlib, Version=4.0.0.0, Culture=neutral, PublicKeyToken=b77a5c561934e089]]">
			<ArrayOfDouble xmlns:xsd="http://www.w3.org/2001/XMLSchema" xmlns:xsi="http://www.w3.org/2001/XMLSchema-instance">
				<double>0</double>
				<double>0</double>
			</ArrayOfDouble>
		</Object>
		<Object refID="960366080" type="System.Collections.Generic.List`1[[TerrainGraph.NodeGridRotateToMapSides+MapSide, 1_GeologicalLandforms, Version=1.0.0.0, Culture=neutral, PublicKeyToken=null]]">
			<ArrayOfMapSide xmlns:xsd="http://www.w3.org/2001/XMLSchema" xmlns:xsi="http://www.w3.org/2001/XMLSchema-instance">
				<MapSide>Front</MapSide>
			</ArrayOfMapSide>
		</Object>
		<Object refID="1600674560" type="System.Collections.Generic.List`1[[TerrainGraph.NodeGridRotateToMapSides+MapSide, 1_GeologicalLandforms, Version=1.0.0.0, Culture=neutral, PublicKeyToken=null]]">
			<ArrayOfMapSide xmlns:xsd="http://www.w3.org/2001/XMLSchema" xmlns:xsi="http://www.w3.org/2001/XMLSchema-instance">
				<MapSide>Front</MapSide>
			</ArrayOfMapSide>
		</Object>
		<Object refID="2134264960" type="System.Collections.Generic.List`1[[System.Double, mscorlib, Version=4.0.0.0, Culture=neutral, PublicKeyToken=b77a5c561934e089]]">
			<ArrayOfDouble xmlns:xsd="http://www.w3.org/2001/XMLSchema" xmlns:xsi="http://www.w3.org/2001/XMLSchema-instance">
				<double>0</double>
				<double>0</double>
			</ArrayOfDouble>
		</Object>
	</Objects>
</NodeCanvas>