﻿<?xml version="1.0" encoding="utf-8"?>
<NodeCanvas type="GeologicalLandforms.GraphEditor.Landform">
	<EditorStates>
		<EditorState selected="" pan="0,0" zoom="1" />
	</EditorStates>
	<Groups />
	<Nodes>
		<Node name="Custom Landform" ID="-354719360" type="landformManifest" pos="-950,-517">
			<string name="Id">Landbridge</string>
			<boolean name="IsCustom">false</boolean>
			<int name="RevisionVersion">1</int>
			<boolean name="IsEdited">false</boolean>
			<string name="DisplayName" />
			<boolean name="DisplayNameHasDirection">false</boolean>
			<int name="RandSeed">1333644392</int>
		</Node>
		<Node name="World Tile Requirements" ID="-1518659584" type="worldTileReq" pos="-950,-357">
			<Topology name="Topology">CoastLandbridge</Topology>
			<float name="Commonness">1</float>
			<float name="CaveChance">0</float>
			<FloatRange xmlns:xsd="http://www.w3.org/2001/XMLSchema" xmlns:xsi="http://www.w3.org/2001/XMLSchema-instance" name="HillinessRequirement">
				<min>1</min>
				<max>5</max>
			</FloatRange>
			<FloatRange xmlns:xsd="http://www.w3.org/2001/XMLSchema" xmlns:xsi="http://www.w3.org/2001/XMLSchema-instance" name="RoadRequirement">
				<min>0</min>
				<max>1</max>
			</FloatRange>
			<FloatRange xmlns:xsd="http://www.w3.org/2001/XMLSchema" xmlns:xsi="http://www.w3.org/2001/XMLSchema-instance" name="RiverRequirement">
				<min>0</min>
				<max>1</max>
			</FloatRange>
			<FloatRange xmlns:xsd="http://www.w3.org/2001/XMLSchema" xmlns:xsi="http://www.w3.org/2001/XMLSchema-instance" name="ElevationRequirement">
				<min>0</min>
				<max>5000</max>
			</FloatRange>
			<FloatRange xmlns:xsd="http://www.w3.org/2001/XMLSchema" xmlns:xsi="http://www.w3.org/2001/XMLSchema-instance" name="AvgTemperatureRequirement">
				<min>-100</min>
				<max>100</max>
			</FloatRange>
			<FloatRange xmlns:xsd="http://www.w3.org/2001/XMLSchema" xmlns:xsi="http://www.w3.org/2001/XMLSchema-instance" name="RainfallRequirement">
				<min>0</min>
				<max>5000</max>
			</FloatRange>
			<FloatRange xmlns:xsd="http://www.w3.org/2001/XMLSchema" xmlns:xsi="http://www.w3.org/2001/XMLSchema-instance" name="SwampinessRequirement">
				<min>0</min>
				<max>1</max>
			</FloatRange>
			<FloatRange xmlns:xsd="http://www.w3.org/2001/XMLSchema" xmlns:xsi="http://www.w3.org/2001/XMLSchema-instance" name="MapSizeRequirement">
				<min>50</min>
				<max>1000</max>
			</FloatRange>
			<boolean name="AllowSettlements">true</boolean>
			<boolean name="AllowSites">true</boolean>
			<int name="RandSeed">351232153</int>
		</Node>
		<Node name="Linear Function" ID="-913370112" type="gridLinear" pos="-130.2,-426.6">
			<Port ID="-2034504704" name="OutputKnob" dynamic="False" />
			<Port ID="1698860032" name="Bias" dynamic="True" type="NodeEditorFramework.ValueConnectionKnob, 0_TerrainGraph, Version=1.0.0.0, Culture=neutral, PublicKeyToken=null">
				<string name="styleID">ValueFunc</string>
				<Direction name="direction">In</Direction>
				<ConnectionCount name="maxConnectionCount">Single</ConnectionCount>
				<NodeSide name="side">Left</NodeSide>
				<float name="sidePosition">38</float>
				<float name="sideOffset">0</float>
			</Port>
			<Port ID="-307790848" name="Origin x" dynamic="True" type="NodeEditorFramework.ValueConnectionKnob, 0_TerrainGraph, Version=1.0.0.0, Culture=neutral, PublicKeyToken=null">
				<string name="styleID">ValueFunc</string>
				<Direction name="direction">In</Direction>
				<ConnectionCount name="maxConnectionCount">Single</ConnectionCount>
				<NodeSide name="side">Left</NodeSide>
				<float name="sidePosition">66</float>
				<float name="sideOffset">0</float>
			</Port>
			<Port ID="1980525568" name="Span px" dynamic="True" type="NodeEditorFramework.ValueConnectionKnob, 0_TerrainGraph, Version=1.0.0.0, Culture=neutral, PublicKeyToken=null">
				<string name="styleID">ValueFunc</string>
				<Direction name="direction">In</Direction>
				<ConnectionCount name="maxConnectionCount">Single</ConnectionCount>
				<NodeSide name="side">Left</NodeSide>
				<float name="sidePosition">94</float>
				<float name="sideOffset">0</float>
			</Port>
			<Port ID="-26125312" name="Span nx" dynamic="True" type="NodeEditorFramework.ValueConnectionKnob, 0_TerrainGraph, Version=1.0.0.0, Culture=neutral, PublicKeyToken=null">
				<string name="styleID">ValueFunc</string>
				<Direction name="direction">In</Direction>
				<ConnectionCount name="maxConnectionCount">Single</ConnectionCount>
				<NodeSide name="side">Left</NodeSide>
				<float name="sidePosition">122</float>
				<float name="sideOffset">0</float>
			</Port>
			<double name="Bias">-1</double>
			<double name="ClampMin">-1.7976931348623157E+308</double>
			<double name="ClampMax">1.7976931348623157E+308</double>
			<double name="OriginX">0</double>
			<double name="OriginZ">0</double>
			<double name="SpanPx">55.687566110864282</double>
			<double name="SpanNx">0</double>
			<double name="SpanPz">0</double>
			<double name="SpanNz">0</double>
			<boolean name="Circular">false</boolean>
			<int name="RandSeed">299276223</int>
		</Node>
		<Node name="Map Sides" ID="-1388259840" type="gridRotateToMapSides" pos="179.6001,-370.6">
			<Port ID="-2032776192" name="Input 0" dynamic="True" type="NodeEditorFramework.ValueConnectionKnob, 0_TerrainGraph, Version=1.0.0.0, Culture=neutral, PublicKeyToken=null">
				<string name="styleID">GridFunc</string>
				<Direction name="direction">In</Direction>
				<ConnectionCount name="maxConnectionCount">Single</ConnectionCount>
				<NodeSide name="side">Left</NodeSide>
				<float name="sidePosition">38</float>
				<float name="sideOffset">0</float>
			</Port>
			<Port ID="1908812800" name="Output 0" dynamic="True" type="NodeEditorFramework.ValueConnectionKnob, 0_TerrainGraph, Version=1.0.0.0, Culture=neutral, PublicKeyToken=null">
				<string name="styleID">GridFunc</string>
				<Direction name="direction">Out</Direction>
				<ConnectionCount name="maxConnectionCount">Multi</ConnectionCount>
				<NodeSide name="side">Right</NodeSide>
				<float name="sidePosition">38</float>
				<float name="sideOffset">0</float>
			</Port>
			<Port ID="-2094365696" name="Input 1" dynamic="True" type="NodeEditorFramework.ValueConnectionKnob, 0_TerrainGraph, Version=1.0.0.0, Culture=neutral, PublicKeyToken=null">
				<string name="styleID">GridFunc</string>
				<Direction name="direction">In</Direction>
				<ConnectionCount name="maxConnectionCount">Single</ConnectionCount>
				<NodeSide name="side">Left</NodeSide>
				<float name="sidePosition">66</float>
				<float name="sideOffset">0</float>
			</Port>
			<Port ID="-1522286592" name="Output 1" dynamic="True" type="NodeEditorFramework.ValueConnectionKnob, 0_TerrainGraph, Version=1.0.0.0, Culture=neutral, PublicKeyToken=null">
				<string name="styleID">GridFunc</string>
				<Direction name="direction">Out</Direction>
				<ConnectionCount name="maxConnectionCount">Multi</ConnectionCount>
				<NodeSide name="side">Right</NodeSide>
				<float name="sidePosition">66</float>
				<float name="sideOffset">0</float>
			</Port>
			<Variable name="MapSides" refID="1158110080" />
			<int name="RandSeed">806524389</int>
		</Node>
		<Node name="Random Value" ID="-2109445376" type="valueRandom" pos="-426.2,-406.6">
			<Port ID="-890346496" name="AverageKnob" dynamic="False" />
			<Port ID="-318267392" name="DeviationKnob" dynamic="False" />
			<Port ID="253811712" name="OutputKnob" dynamic="False" />
			<double name="Average">45</double>
			<double name="Deviation">15</double>
			<int name="RandSeed">145210619</int>
		</Node>
		<Node name="Preview" ID="1216311168" type="gridPreview" pos="687.2004,-433.3999">
			<Port ID="393780224" name="InputKnob" dynamic="False" />
			<Port ID="965859328" name="OutputKnob" dynamic="False" />
			<string name="PreviewModelId">Default</string>
			<int name="RandSeed">122585397</int>
		</Node>
		<Node name="Select" ID="-538414848" type="gridSelectTerrain" pos="1329.2,-365.4">
			<Port ID="-1040791552" name="InputKnob" dynamic="False" />
			<Port ID="-468712448" name="OutputKnob" dynamic="False" />
			<Port ID="-97838080" name="Option 0" dynamic="True" type="NodeEditorFramework.ValueConnectionKnob, 0_TerrainGraph, Version=1.0.0.0, Culture=neutral, PublicKeyToken=null">
				<string name="styleID">TerrainFunc</string>
				<Direction name="direction">In</Direction>
				<ConnectionCount name="maxConnectionCount">Single</ConnectionCount>
				<NodeSide name="side">Left</NodeSide>
				<float name="sidePosition">66</float>
				<float name="sideOffset">0</float>
			</Port>
			<Port ID="-2104488960" name="Option 1" dynamic="True" type="NodeEditorFramework.ValueConnectionKnob, 0_TerrainGraph, Version=1.0.0.0, Culture=neutral, PublicKeyToken=null">
				<string name="styleID">TerrainFunc</string>
				<Direction name="direction">In</Direction>
				<ConnectionCount name="maxConnectionCount">Single</ConnectionCount>
				<NodeSide name="side">Left</NodeSide>
				<float name="sidePosition">94</float>
				<float name="sideOffset">0</float>
			</Port>
			<Port ID="183827456" name="Option 2" dynamic="True" type="NodeEditorFramework.ValueConnectionKnob, 0_TerrainGraph, Version=1.0.0.0, Culture=neutral, PublicKeyToken=null">
				<string name="styleID">TerrainFunc</string>
				<Direction name="direction">In</Direction>
				<ConnectionCount name="maxConnectionCount">Single</ConnectionCount>
				<NodeSide name="side">Left</NodeSide>
				<float name="sidePosition">122</float>
				<float name="sideOffset">0</float>
			</Port>
			<Port ID="-1822823424" name="Option 3" dynamic="True" type="NodeEditorFramework.ValueConnectionKnob, 0_TerrainGraph, Version=1.0.0.0, Culture=neutral, PublicKeyToken=null">
				<string name="styleID">TerrainFunc</string>
				<Direction name="direction">In</Direction>
				<ConnectionCount name="maxConnectionCount">Single</ConnectionCount>
				<NodeSide name="side">Left</NodeSide>
				<float name="sidePosition">150</float>
				<float name="sideOffset">0</float>
			</Port>
			<Variable name="Values" refID="-1002495616" />
			<Variable name="Thresholds" refID="-134751488" />
			<int name="RandSeed">1555528661</int>
		</Node>
		<Node name="Natural Water" ID="1617342464" type="terrainNaturalWater" pos="1114.2,-286.4001">
			<Port ID="1247524864" name="DeepOutputKnob" dynamic="False" />
			<Port ID="1819603968" name="ShallowOutputKnob" dynamic="False" />
			<Port ID="-1903284224" name="BeachOutputKnob" dynamic="False" />
			<int name="RandSeed">1495595294</int>
		</Node>
		<Node name="Preview" ID="2001826432" type="terrainGridPreview" pos="1638.2,-444.3999">
			<Port ID="385032192" name="InputKnob" dynamic="False" />
			<Port ID="957111296" name="OutputKnob" dynamic="False" />
			<int name="RandSeed">1223390690</int>
		</Node>
		<Node name="Preview" ID="247100416" type="gridPreview" pos="1115.2,-431.3999">
			<Port ID="-1621618688" name="InputKnob" dynamic="False" />
			<Port ID="-1049539584" name="OutputKnob" dynamic="False" />
			<string name="PreviewModelId">Default</string>
			<int name="RandSeed">1718950703</int>
		</Node>
		<Node name="Add" ID="500766976" type="gridOperator" pos="855.1997,-354.4">
			<Port ID="666697728" name="OutputKnob" dynamic="False" />
			<Port ID="465492992" name="Input 0" dynamic="True" type="NodeEditorFramework.ValueConnectionKnob, 0_TerrainGraph, Version=1.0.0.0, Culture=neutral, PublicKeyToken=null">
				<string name="styleID">GridFunc</string>
				<Direction name="direction">In</Direction>
				<ConnectionCount name="maxConnectionCount">Single</ConnectionCount>
				<NodeSide name="side">Left</NodeSide>
				<float name="sidePosition">38</float>
				<float name="sideOffset">0</float>
			</Port>
			<Port ID="-1541157888" name="Input 1" dynamic="True" type="NodeEditorFramework.ValueConnectionKnob, 0_TerrainGraph, Version=1.0.0.0, Culture=neutral, PublicKeyToken=null">
				<string name="styleID">GridFunc</string>
				<Direction name="direction">In</Direction>
				<ConnectionCount name="maxConnectionCount">Single</ConnectionCount>
				<NodeSide name="side">Left</NodeSide>
				<float name="sidePosition">66</float>
				<float name="sideOffset">0</float>
			</Port>
			<Variable name="Values" refID="1145865472" />
			<Operation name="OperationType">Add</Operation>
			<double name="ApplyChance">1</double>
			<double name="Smoothness">0</double>
			<int name="RandSeed">1042729726</int>
		</Node>
		<Node name="Perlin Noise" ID="-58031616" type="gridPerlin" pos="392.2,-250.4002">
			<Port ID="260831232" name="FrequencyKnob" dynamic="False" />
			<Port ID="832910336" name="LacunarityKnob" dynamic="False" />
			<Port ID="1404989440" name="PersistenceKnob" dynamic="False" />
			<Port ID="1977068544" name="ScaleKnob" dynamic="False" />
			<Port ID="-1745819648" name="BiasKnob" dynamic="False" />
			<Port ID="-1173740544" name="OutputKnob" dynamic="False" />
			<double name="Frequency">0.029999999329447746</double>
			<double name="Lacunarity">2</double>
			<double name="Persistence">0.5</double>
			<double name="Scale">0.5</double>
			<double name="Bias">0.5</double>
			<int name="Octaves">3</int>
			<int name="RandSeed">58629024</int>
		</Node>
		<Node name="Preview" ID="-1507625600" type="gridPreview" pos="688.2004,-280.4001">
			<Port ID="-1464154112" name="InputKnob" dynamic="False" />
			<Port ID="-892075008" name="OutputKnob" dynamic="False" />
			<string name="PreviewModelId">Default</string>
			<int name="RandSeed">1681325360</int>
		</Node>
		<Node name="Terrain Output" ID="327977472" type="outputTerrain" pos="1827.199,-380.4">
			<Port ID="1396241408" name="BaseKnob" dynamic="False" />
			<Port ID="1968320512" name="StoneKnob" dynamic="False" />
			<int name="RandSeed">1441011932</int>
		</Node>
		<Node name="Add" ID="-253928704" type="gridOperator" pos="391.0002,-404.4">
			<Port ID="1820653568" name="OutputKnob" dynamic="False" />
			<Port ID="958160896" name="Input 0" dynamic="True" type="NodeEditorFramework.ValueConnectionKnob, 0_TerrainGraph, Version=1.0.0.0, Culture=neutral, PublicKeyToken=null">
				<string name="styleID">GridFunc</string>
				<Direction name="direction">In</Direction>
				<ConnectionCount name="maxConnectionCount">Single</ConnectionCount>
				<NodeSide name="side">Left</NodeSide>
				<float name="sidePosition">38</float>
				<float name="sideOffset">0</float>
			</Port>
			<Port ID="-476410880" name="Input 1" dynamic="True" type="NodeEditorFramework.ValueConnectionKnob, 0_TerrainGraph, Version=1.0.0.0, Culture=neutral, PublicKeyToken=null">
				<string name="styleID">GridFunc</string>
				<Direction name="direction">In</Direction>
				<ConnectionCount name="maxConnectionCount">Single</ConnectionCount>
				<NodeSide name="side">Left</NodeSide>
				<float name="sidePosition">66</float>
				<float name="sideOffset">0</float>
			</Port>
			<Variable name="Values" refID="963475200" />
			<Operation name="OperationType">Min</Operation>
			<double name="ApplyChance">1</double>
			<double name="Smoothness">0</double>
			<int name="RandSeed">1582062582</int>
		</Node>
		<Node name="Add" ID="1355590528" type="gridOperator" pos="1113,-84.99997">
			<Port ID="475372544" name="OutputKnob" dynamic="False" />
			<Port ID="1329117184" name="Input 0" dynamic="True" type="NodeEditorFramework.ValueConnectionKnob, 0_TerrainGraph, Version=1.0.0.0, Culture=neutral, PublicKeyToken=null">
				<string name="styleID">GridFunc</string>
				<Direction name="direction">In</Direction>
				<ConnectionCount name="maxConnectionCount">Single</ConnectionCount>
				<NodeSide name="side">Left</NodeSide>
				<float name="sidePosition">38</float>
				<float name="sideOffset">0</float>
			</Port>
			<Port ID="-1249612800" name="Input 1" dynamic="True" type="NodeEditorFramework.ValueConnectionKnob, 0_TerrainGraph, Version=1.0.0.0, Culture=neutral, PublicKeyToken=null">
				<string name="styleID">GridFunc</string>
				<Direction name="direction">In</Direction>
				<ConnectionCount name="maxConnectionCount">Single</ConnectionCount>
				<NodeSide name="side">Left</NodeSide>
				<float name="sidePosition">66</float>
				<float name="sideOffset">0</float>
			</Port>
			<Variable name="Values" refID="1447647872" />
			<Operation name="OperationType">Min</Operation>
			<double name="ApplyChance">1</double>
			<double name="Smoothness">0</double>
			<int name="RandSeed">57162417</int>
		</Node>
		<Node name="Add" ID="-1329857536" type="gridOperator" pos="1411.6,-46.99998">
			<Port ID="1573350400" name="OutputKnob" dynamic="False" />
			<Port ID="1282936832" name="Input 0" dynamic="True" type="NodeEditorFramework.ValueConnectionKnob, 0_TerrainGraph, Version=1.0.0.0, Culture=neutral, PublicKeyToken=null">
				<string name="styleID">GridFunc</string>
				<Direction name="direction">In</Direction>
				<ConnectionCount name="maxConnectionCount">Single</ConnectionCount>
				<NodeSide name="side">Left</NodeSide>
				<float name="sidePosition">38</float>
				<float name="sideOffset">0</float>
			</Port>
			<Port ID="-1295793152" name="Input 1" dynamic="True" type="NodeEditorFramework.ValueConnectionKnob, 0_TerrainGraph, Version=1.0.0.0, Culture=neutral, PublicKeyToken=null">
				<string name="styleID">GridFunc</string>
				<Direction name="direction">In</Direction>
				<ConnectionCount name="maxConnectionCount">Single</ConnectionCount>
				<NodeSide name="side">Left</NodeSide>
				<float name="sidePosition">66</float>
				<float name="sideOffset">0</float>
			</Port>
			<Port ID="-1605287936" name="Input 2" dynamic="True" type="NodeEditorFramework.ValueConnectionKnob, 0_TerrainGraph, Version=1.0.0.0, Culture=neutral, PublicKeyToken=null">
				<string name="styleID">GridFunc</string>
				<Direction name="direction">In</Direction>
				<ConnectionCount name="maxConnectionCount">Single</ConnectionCount>
				<NodeSide name="side">Left</NodeSide>
				<float name="sidePosition">94</float>
				<float name="sideOffset">0</float>
			</Port>
			<Variable name="Values" refID="1394949632" />
			<Operation name="OperationType">Add</Operation>
			<double name="ApplyChance">1</double>
			<double name="Smoothness">0</double>
			<int name="RandSeed">950251033</int>
		</Node>
		<Node name="Preview" ID="268039552" type="gridPreview" pos="1161.6,36.00002">
			<Port ID="2083281920" name="InputKnob" dynamic="False" />
			<Port ID="-1639606272" name="OutputKnob" dynamic="False" />
			<string name="PreviewModelId">Default</string>
			<int name="RandSeed">1826476073</int>
		</Node>
		<Node name="Perlin Noise" ID="-1634524800" type="gridPerlin" pos="392.6001,-24.99998">
			<Port ID="-605325312" name="FrequencyKnob" dynamic="False" />
			<Port ID="538832896" name="LacunarityKnob" dynamic="False" />
			<Port ID="1110912000" name="PersistenceKnob" dynamic="False" />
			<Port ID="1682991104" name="ScaleKnob" dynamic="False" />
			<Port ID="1392577536" name="BiasKnob" dynamic="False" />
			<Port ID="1964656640" name="OutputKnob" dynamic="False" />
			<double name="Frequency">0.020999999716877937</double>
			<double name="Lacunarity">2</double>
			<double name="Persistence">0.5</double>
			<double name="Scale">0.5</double>
			<double name="Bias">0.5</double>
			<int name="Octaves">6</int>
			<int name="RandSeed">1993330401</int>
		</Node>
		<Node name="Add" ID="279661696" type="gridOperator" pos="795.6001,91.00001">
			<Port ID="-1802256384" name="OutputKnob" dynamic="False" />
			<Port ID="195646464" name="Input 0" dynamic="True" type="NodeEditorFramework.ValueConnectionKnob, 0_TerrainGraph, Version=1.0.0.0, Culture=neutral, PublicKeyToken=null">
				<string name="styleID">GridFunc</string>
				<Direction name="direction">In</Direction>
				<ConnectionCount name="maxConnectionCount">Single</ConnectionCount>
				<NodeSide name="side">Left</NodeSide>
				<float name="sidePosition">38</float>
				<float name="sideOffset">0</float>
			</Port>
			<Port ID="-941492224" name="Input 1" dynamic="True" type="NodeEditorFramework.ValueConnectionKnob, 0_TerrainGraph, Version=1.0.0.0, Culture=neutral, PublicKeyToken=null">
				<string name="styleID">GridFunc</string>
				<Direction name="direction">In</Direction>
				<ConnectionCount name="maxConnectionCount">Single</ConnectionCount>
				<NodeSide name="side">Left</NodeSide>
				<float name="sidePosition">66</float>
				<float name="sideOffset">0</float>
			</Port>
			<Variable name="Values" refID="-2066578176" />
			<Operation name="OperationType">Multiply</Operation>
			<double name="ApplyChance">1</double>
			<double name="Smoothness">0</double>
			<int name="RandSeed">667169957</int>
		</Node>
		<Node name="Grid" ID="-1960811520" type="gridFromValue" pos="664.6001,175">
			<Port ID="-1445035008" name="InputKnob" dynamic="False" />
			<Port ID="-872955904" name="OutputKnob" dynamic="False" />
			<int name="RandSeed">1514371949</int>
		</Node>
		<Node name="World Tile" ID="-1486686464" type="valueWorldTile" pos="494.6001,200">
			<Port ID="-578768896" name="ElevationOutputKnob" dynamic="False" />
			<Port ID="1709547520" name="HillinessOutputKnob" dynamic="False" />
			<Port ID="-2013340672" name="TemperatureOutputKnob" dynamic="False" />
			<Port ID="1991213056" name="RainfallOutputKnob" dynamic="False" />
			<int name="RandSeed">689793540</int>
		</Node>
		<Node name="Preview" ID="1839070080" type="gridPreview" pos="1703.6,-94.99998">
			<Port ID="192575488" name="InputKnob" dynamic="False" />
			<Port ID="1336733696" name="OutputKnob" dynamic="False" />
			<string name="PreviewModelId">Default</string>
			<int name="RandSeed">341325266</int>
		</Node>
		<Node name="Preview" ID="869859328" type="gridPreview" pos="1884.6,-147">
			<Port ID="-992289792" name="InputKnob" dynamic="False" />
			<Port ID="151868416" name="OutputKnob" dynamic="False" />
			<string name="PreviewModelId">Elevation</string>
			<int name="RandSeed">198255194</int>
		</Node>
		<Node name="Elevation Output" ID="1044790784" type="outputElevation" pos="2070.6,-205">
			<Port ID="-1916549120" name="InputKnob" dynamic="False" />
			<Port ID="-200311808" name="OutputKnob" dynamic="False" />
			<int name="RandSeed">1918357657</int>
		</Node>
	</Nodes>
	<Connections>
		<Connection port1ID="-2034504704" port2ID="-2032776192" />
		<Connection port1ID="-2034504704" port2ID="-2094365696" />
		<Connection port1ID="1980525568" port2ID="253811712" />
		<Connection port1ID="1908812800" port2ID="958160896" />
		<Connection port1ID="-1522286592" port2ID="-476410880" />
		<Connection port1ID="393780224" port2ID="1820653568" />
		<Connection port1ID="965859328" port2ID="465492992" />
		<Connection port1ID="-1040791552" port2ID="-1049539584" />
		<Connection port1ID="-468712448" port2ID="385032192" />
		<Connection port1ID="-97838080" port2ID="1247524864" />
		<Connection port1ID="-2104488960" port2ID="1819603968" />
		<Connection port1ID="183827456" port2ID="-1903284224" />
		<Connection port1ID="957111296" port2ID="1396241408" />
		<Connection port1ID="-1621618688" port2ID="666697728" />
		<Connection port1ID="666697728" port2ID="1329117184" />
		<Connection port1ID="-1541157888" port2ID="-892075008" />
		<Connection port1ID="-1173740544" port2ID="-1464154112" />
		<Connection port1ID="475372544" port2ID="1282936832" />
		<Connection port1ID="1573350400" port2ID="192575488" />
		<Connection port1ID="-1295793152" port2ID="-1639606272" />
		<Connection port1ID="2083281920" port2ID="-1802256384" />
		<Connection port1ID="1964656640" port2ID="195646464" />
		<Connection port1ID="-941492224" port2ID="-872955904" />
		<Connection port1ID="-1445035008" port2ID="1709547520" />
		<Connection port1ID="1336733696" port2ID="-992289792" />
		<Connection port1ID="151868416" port2ID="-1916549120" />
	</Connections>
	<Objects>
		<Object refID="1158110080" type="System.Collections.Generic.List`1[[TerrainGraph.NodeGridRotateToMapSides+MapSide, 1_GeologicalLandforms, Version=1.0.0.0, Culture=neutral, PublicKeyToken=null]]">
			<ArrayOfMapSide xmlns:xsd="http://www.w3.org/2001/XMLSchema" xmlns:xsi="http://www.w3.org/2001/XMLSchema-instance">
				<MapSide>Left</MapSide>
				<MapSide>Right</MapSide>
			</ArrayOfMapSide>
		</Object>
		<Object refID="-1002495616" type="System.Collections.Generic.List`1[[System.String, mscorlib, Version=4.0.0.0, Culture=neutral, PublicKeyToken=b77a5c561934e089]]">
			<ArrayOfString xmlns:xsd="http://www.w3.org/2001/XMLSchema" xmlns:xsi="http://www.w3.org/2001/XMLSchema-instance">
				<string>WaterOceanDeep</string>
				<string>WaterOceanShallow</string>
				<string>Sand</string>
				<string />
			</ArrayOfString>
		</Object>
		<Object refID="-134751488" type="System.Collections.Generic.List`1[[System.Double, mscorlib, Version=4.0.0.0, Culture=neutral, PublicKeyToken=b77a5c561934e089]]">
			<ArrayOfDouble xmlns:xsd="http://www.w3.org/2001/XMLSchema" xmlns:xsi="http://www.w3.org/2001/XMLSchema-instance">
				<double>0.10000000149011612</double>
				<double>0.44999998807907104</double>
				<double>1</double>
			</ArrayOfDouble>
		</Object>
		<Object refID="1145865472" type="System.Collections.Generic.List`1[[System.Double, mscorlib, Version=4.0.0.0, Culture=neutral, PublicKeyToken=b77a5c561934e089]]">
			<ArrayOfDouble xmlns:xsd="http://www.w3.org/2001/XMLSchema" xmlns:xsi="http://www.w3.org/2001/XMLSchema-instance">
				<double>0</double>
				<double>0</double>
			</ArrayOfDouble>
		</Object>
		<Object refID="963475200" type="System.Collections.Generic.List`1[[System.Double, mscorlib, Version=4.0.0.0, Culture=neutral, PublicKeyToken=b77a5c561934e089]]">
			<ArrayOfDouble xmlns:xsd="http://www.w3.org/2001/XMLSchema" xmlns:xsi="http://www.w3.org/2001/XMLSchema-instance">
				<double>0</double>
				<double>0</double>
			</ArrayOfDouble>
		</Object>
		<Object refID="1447647872" type="System.Collections.Generic.List`1[[System.Double, mscorlib, Version=4.0.0.0, Culture=neutral, PublicKeyToken=b77a5c561934e089]]">
			<ArrayOfDouble xmlns:xsd="http://www.w3.org/2001/XMLSchema" xmlns:xsi="http://www.w3.org/2001/XMLSchema-instance">
				<double>0</double>
				<double>1</double>
			</ArrayOfDouble>
		</Object>
		<Object refID="1394949632" type="System.Collections.Generic.List`1[[System.Double, mscorlib, Version=4.0.0.0, Culture=neutral, PublicKeyToken=b77a5c561934e089]]">
			<ArrayOfDouble xmlns:xsd="http://www.w3.org/2001/XMLSchema" xmlns:xsi="http://www.w3.org/2001/XMLSchema-instance">
				<double>0</double>
				<double>0</double>
				<double>-1</double>
			</ArrayOfDouble>
		</Object>
		<Object refID="-2066578176" type="System.Collections.Generic.List`1[[System.Double, mscorlib, Version=4.0.0.0, Culture=neutral, PublicKeyToken=b77a5c561934e089]]">
			<ArrayOfDouble xmlns:xsd="http://www.w3.org/2001/XMLSchema" xmlns:xsi="http://www.w3.org/2001/XMLSchema-instance">
				<double>0</double>
				<double>1</double>
			</ArrayOfDouble>
		</Object>
	</Objects>
</NodeCanvas>