﻿<?xml version="1.0" encoding="utf-8"?>
<NodeCanvas type="GeologicalLandforms.GraphEditor.Landform">
	<EditorStates>
		<EditorState selected="" pan="-1927,-99" zoom="1" />
	</EditorStates>
	<Groups />
	<Nodes>
		<Node name="Custom Landform" ID="1018292608" type="landformManifest" pos="-950,-517">
			<string name="Id">CliffAndCoast</string>
			<boolean name="IsCustom">false</boolean>
			<int name="RevisionVersion">1</int>
			<boolean name="IsEdited">false</boolean>
			<string name="DisplayName" />
			<boolean name="DisplayNameHasDirection">true</boolean>
			<int name="RandSeed">1333644392</int>
		</Node>
		<Node name="World Tile Requirements" ID="-964530176" type="worldTileReq" pos="-950,-517">
			<Topology name="Topology">CliffAndCoast</Topology>
			<float name="Commonness">1</float>
			<float name="CaveChance">0.245810062</float>
			<FloatRange xmlns:xsd="http://www.w3.org/2001/XMLSchema" xmlns:xsi="http://www.w3.org/2001/XMLSchema-instance" name="HillinessRequirement">
				<min>1</min>
				<max>5</max>
			</FloatRange>
			<FloatRange xmlns:xsd="http://www.w3.org/2001/XMLSchema" xmlns:xsi="http://www.w3.org/2001/XMLSchema-instance" name="RoadRequirement">
				<min>0</min>
				<max>1</max>
			</FloatRange>
			<FloatRange xmlns:xsd="http://www.w3.org/2001/XMLSchema" xmlns:xsi="http://www.w3.org/2001/XMLSchema-instance" name="RiverRequirement">
				<min>0</min>
				<max>1</max>
			</FloatRange>
			<FloatRange xmlns:xsd="http://www.w3.org/2001/XMLSchema" xmlns:xsi="http://www.w3.org/2001/XMLSchema-instance" name="ElevationRequirement">
				<min>0</min>
				<max>5000</max>
			</FloatRange>
			<FloatRange xmlns:xsd="http://www.w3.org/2001/XMLSchema" xmlns:xsi="http://www.w3.org/2001/XMLSchema-instance" name="AvgTemperatureRequirement">
				<min>-100</min>
				<max>100</max>
			</FloatRange>
			<FloatRange xmlns:xsd="http://www.w3.org/2001/XMLSchema" xmlns:xsi="http://www.w3.org/2001/XMLSchema-instance" name="RainfallRequirement">
				<min>0</min>
				<max>5000</max>
			</FloatRange>
			<FloatRange xmlns:xsd="http://www.w3.org/2001/XMLSchema" xmlns:xsi="http://www.w3.org/2001/XMLSchema-instance" name="SwampinessRequirement">
				<min>0</min>
				<max>1</max>
			</FloatRange>
			<FloatRange xmlns:xsd="http://www.w3.org/2001/XMLSchema" xmlns:xsi="http://www.w3.org/2001/XMLSchema-instance" name="MapSizeRequirement">
				<min>50</min>
				<max>1000</max>
			</FloatRange>
			<boolean name="AllowSettlements">true</boolean>
			<boolean name="AllowSites">true</boolean>
			<int name="RandSeed">351232153</int>
		</Node>
		<Node name="Perlin Noise" ID="-614415616" type="gridPerlin" pos="-448.0002,-415.8">
			<Port ID="219237376" name="FrequencyKnob" dynamic="False" />
			<Port ID="791316480" name="LacunarityKnob" dynamic="False" />
			<Port ID="1363395584" name="PersistenceKnob" dynamic="False" />
			<Port ID="1935474688" name="ScaleKnob" dynamic="False" />
			<Port ID="-1765786624" name="BiasKnob" dynamic="False" />
			<Port ID="-1193707520" name="OutputKnob" dynamic="False" />
			<double name="Frequency">0.020999999716877937</double>
			<double name="Lacunarity">2</double>
			<double name="Persistence">0.5</double>
			<double name="Scale">0.5</double>
			<double name="Bias">0.5</double>
			<int name="Octaves">6</int>
			<int name="RandSeed">1409214904</int>
		</Node>
		<Node name="Preview" ID="-736433408" type="gridPreview" pos="371.4,-317.7999">
			<Port ID="-1484121088" name="InputKnob" dynamic="False" />
			<Port ID="-912041984" name="OutputKnob" dynamic="False" />
			<string name="PreviewModelId">Default</string>
			<int name="RandSeed">218670510</int>
		</Node>
		<Node name="Elevation Output" ID="1574222336" type="outputElevation" pos="1623,-268">
			<Port ID="804195328" name="InputKnob" dynamic="False" />
			<Port ID="1376274432" name="OutputKnob" dynamic="False" />
			<int name="RandSeed">1888083133</int>
		</Node>
		<Node name="Preview" ID="1803807872" type="gridPreview" pos="1390,-359">
			<Port ID="-1202455552" name="InputKnob" dynamic="False" />
			<Port ID="-630376448" name="OutputKnob" dynamic="False" />
			<string name="PreviewModelId">Elevation</string>
			<int name="RandSeed">225595318</int>
		</Node>
		<Node name="Add" ID="506309504" type="gridOperator" pos="813.2,-370">
			<Port ID="1085860864" name="OutputKnob" dynamic="False" />
			<Port ID="168150016" name="Input 0" dynamic="True" type="NodeEditorFramework.ValueConnectionKnob, 0_TerrainGraph, Version=1.0.0.0, Culture=neutral, PublicKeyToken=null">
				<string name="styleID">GridFunc</string>
				<Direction name="direction">In</Direction>
				<ConnectionCount name="maxConnectionCount">Single</ConnectionCount>
				<NodeSide name="side">Left</NodeSide>
				<float name="sidePosition">38</float>
				<float name="sideOffset">0</float>
			</Port>
			<Port ID="972207104" name="Input 1" dynamic="True" type="NodeEditorFramework.ValueConnectionKnob, 0_TerrainGraph, Version=1.0.0.0, Culture=neutral, PublicKeyToken=null">
				<string name="styleID">GridFunc</string>
				<Direction name="direction">In</Direction>
				<ConnectionCount name="maxConnectionCount">Single</ConnectionCount>
				<NodeSide name="side">Left</NodeSide>
				<float name="sidePosition">66</float>
				<float name="sideOffset">0</float>
			</Port>
			<Variable name="Values" refID="-2134864128" />
			<Operation name="OperationType">Add</Operation>
			<double name="ApplyChance">1</double>
			<double name="Smoothness">0</double>
			<int name="RandSeed">2008654988</int>
		</Node>
		<Node name="Preview" ID="49081856" type="gridPreview" pos="1129.2,-288">
			<Port ID="-2064948224" name="InputKnob" dynamic="False" />
			<Port ID="-1492869120" name="OutputKnob" dynamic="False" />
			<string name="PreviewModelId">Default</string>
			<int name="RandSeed">1740177872</int>
		</Node>
		<Node name="Map Sides" ID="284857344" type="gridRotateToMapSides" pos="372,-157">
			<Port ID="-462364672" name="Input 0" dynamic="True" type="NodeEditorFramework.ValueConnectionKnob, 0_TerrainGraph, Version=1.0.0.0, Culture=neutral, PublicKeyToken=null">
				<string name="styleID">GridFunc</string>
				<Direction name="direction">In</Direction>
				<ConnectionCount name="maxConnectionCount">Single</ConnectionCount>
				<NodeSide name="side">Left</NodeSide>
				<float name="sidePosition">38</float>
				<float name="sideOffset">0</float>
			</Port>
			<Port ID="1825951744" name="Output 0" dynamic="True" type="NodeEditorFramework.ValueConnectionKnob, 0_TerrainGraph, Version=1.0.0.0, Culture=neutral, PublicKeyToken=null">
				<string name="styleID">GridFunc</string>
				<Direction name="direction">Out</Direction>
				<ConnectionCount name="maxConnectionCount">Multi</ConnectionCount>
				<NodeSide name="side">Right</NodeSide>
				<float name="sidePosition">38</float>
				<float name="sideOffset">0</float>
			</Port>
			<Variable name="MapSides" refID="221681664" />
			<int name="RandSeed">1749960434</int>
		</Node>
		<Node name="Linear Function" ID="1234590592" type="gridLinear" pos="55,-251">
			<Port ID="223368192" name="OutputKnob" dynamic="False" />
			<Port ID="-180699136" name="Bias" dynamic="True" type="NodeEditorFramework.ValueConnectionKnob, 0_TerrainGraph, Version=1.0.0.0, Culture=neutral, PublicKeyToken=null">
				<string name="styleID">ValueFunc</string>
				<Direction name="direction">In</Direction>
				<ConnectionCount name="maxConnectionCount">Single</ConnectionCount>
				<NodeSide name="side">Left</NodeSide>
				<float name="sidePosition">38</float>
				<float name="sideOffset">0</float>
			</Port>
			<Port ID="2107617280" name="Origin x" dynamic="True" type="NodeEditorFramework.ValueConnectionKnob, 0_TerrainGraph, Version=1.0.0.0, Culture=neutral, PublicKeyToken=null">
				<string name="styleID">ValueFunc</string>
				<Direction name="direction">In</Direction>
				<ConnectionCount name="maxConnectionCount">Single</ConnectionCount>
				<NodeSide name="side">Left</NodeSide>
				<float name="sidePosition">122</float>
				<float name="sideOffset">0</float>
			</Port>
			<Port ID="100966400" name="Span px" dynamic="True" type="NodeEditorFramework.ValueConnectionKnob, 0_TerrainGraph, Version=1.0.0.0, Culture=neutral, PublicKeyToken=null">
				<string name="styleID">ValueFunc</string>
				<Direction name="direction">In</Direction>
				<ConnectionCount name="maxConnectionCount">Single</ConnectionCount>
				<NodeSide name="side">Left</NodeSide>
				<float name="sidePosition">150</float>
				<float name="sideOffset">0</float>
			</Port>
			<Port ID="-1905684480" name="Clamp min" dynamic="True" type="NodeEditorFramework.ValueConnectionKnob, 0_TerrainGraph, Version=1.0.0.0, Culture=neutral, PublicKeyToken=null">
				<string name="styleID">ValueFunc</string>
				<Direction name="direction">In</Direction>
				<ConnectionCount name="maxConnectionCount">Single</ConnectionCount>
				<NodeSide name="side">Left</NodeSide>
				<float name="sidePosition">66</float>
				<float name="sideOffset">0</float>
			</Port>
			<Port ID="382631936" name="Clamp max" dynamic="True" type="NodeEditorFramework.ValueConnectionKnob, 0_TerrainGraph, Version=1.0.0.0, Culture=neutral, PublicKeyToken=null">
				<string name="styleID">ValueFunc</string>
				<Direction name="direction">In</Direction>
				<ConnectionCount name="maxConnectionCount">Single</ConnectionCount>
				<NodeSide name="side">Left</NodeSide>
				<float name="sidePosition">94</float>
				<float name="sideOffset">0</float>
			</Port>
			<Port ID="-85168128" name="Span nx" dynamic="True" type="NodeEditorFramework.ValueConnectionKnob, 0_TerrainGraph, Version=1.0.0.0, Culture=neutral, PublicKeyToken=null">
				<string name="styleID">ValueFunc</string>
				<Direction name="direction">In</Direction>
				<ConnectionCount name="maxConnectionCount">Single</ConnectionCount>
				<NodeSide name="side">Left</NodeSide>
				<float name="sidePosition">178</float>
				<float name="sideOffset">0</float>
			</Port>
			<double name="Bias">1</double>
			<double name="ClampMin">0</double>
			<double name="ClampMax">1</double>
			<double name="OriginX">0.10000000149011612</double>
			<double name="OriginZ">0</double>
			<double name="SpanPx">-60.660291207022965</double>
			<double name="SpanNx">0</double>
			<double name="SpanPz">0</double>
			<double name="SpanNz">0</double>
			<boolean name="Circular">false</boolean>
			<int name="RandSeed">1352135021</int>
		</Node>
		<Node name="Preview" ID="-1705644160" type="gridPreview" pos="617,-248">
			<Port ID="1367526400" name="InputKnob" dynamic="False" />
			<Port ID="1939605504" name="OutputKnob" dynamic="False" />
			<string name="PreviewModelId">Default</string>
			<int name="RandSeed">325673650</int>
		</Node>
		<Node name="Random Value" ID="834597120" type="valueRandom" pos="-260,-138">
			<Port ID="-79250432" name="AverageKnob" dynamic="False" />
			<Port ID="492828672" name="DeviationKnob" dynamic="False" />
			<Port ID="1064907776" name="OutputKnob" dynamic="False" />
			<double name="Average">-55</double>
			<double name="Deviation">15</double>
			<int name="RandSeed">269705473</int>
		</Node>
		<Node name="Add" ID="2115828736" type="gridOperator" pos="56,-398">
			<Port ID="-941743104" name="OutputKnob" dynamic="False" />
			<Port ID="-2091819008" name="Input 0" dynamic="True" type="NodeEditorFramework.ValueConnectionKnob, 0_TerrainGraph, Version=1.0.0.0, Culture=neutral, PublicKeyToken=null">
				<string name="styleID">GridFunc</string>
				<Direction name="direction">In</Direction>
				<ConnectionCount name="maxConnectionCount">Single</ConnectionCount>
				<NodeSide name="side">Left</NodeSide>
				<float name="sidePosition">38</float>
				<float name="sideOffset">0</float>
			</Port>
			<Port ID="196497408" name="Input 1" dynamic="True" type="NodeEditorFramework.ValueConnectionKnob, 0_TerrainGraph, Version=1.0.0.0, Culture=neutral, PublicKeyToken=null">
				<string name="styleID">GridFunc</string>
				<Direction name="direction">In</Direction>
				<ConnectionCount name="maxConnectionCount">Single</ConnectionCount>
				<NodeSide name="side">Left</NodeSide>
				<float name="sidePosition">66</float>
				<float name="sideOffset">0</float>
			</Port>
			<Variable name="Values" refID="1362343296" />
			<Operation name="OperationType">Multiply</Operation>
			<double name="ApplyChance">1</double>
			<double name="Smoothness">0</double>
			<int name="RandSeed">1535624980</int>
		</Node>
		<Node name="World Tile" ID="-920128896" type="valueWorldTile" pos="-219,-329">
			<Port ID="202415104" name="ElevationOutputKnob" dynamic="False" />
			<Port ID="774494208" name="HillinessOutputKnob" dynamic="False" />
			<Port ID="1346573312" name="TemperatureOutputKnob" dynamic="False" />
			<Port ID="1918652416" name="RainfallOutputKnob" dynamic="False" />
			<int name="RandSeed">18716120</int>
		</Node>
		<Node name="Grid" ID="-1004507648" type="gridFromValue" pos="-64,-329">
			<Port ID="484080640" name="InputKnob" dynamic="False" />
			<Port ID="1056159744" name="OutputKnob" dynamic="False" />
			<int name="RandSeed">1050346509</int>
		</Node>
		<Node name="Linear Function" ID="51943680" type="gridLinear" pos="-114,-7">
			<Port ID="-1522570240" name="OutputKnob" dynamic="False" />
			<Port ID="-1238074368" name="Bias" dynamic="True" type="NodeEditorFramework.ValueConnectionKnob, 0_TerrainGraph, Version=1.0.0.0, Culture=neutral, PublicKeyToken=null">
				<string name="styleID">ValueFunc</string>
				<Direction name="direction">In</Direction>
				<ConnectionCount name="maxConnectionCount">Single</ConnectionCount>
				<NodeSide name="side">Left</NodeSide>
				<float name="sidePosition">38</float>
				<float name="sideOffset">0</float>
			</Port>
			<Port ID="1050242048" name="Origin x" dynamic="True" type="NodeEditorFramework.ValueConnectionKnob, 0_TerrainGraph, Version=1.0.0.0, Culture=neutral, PublicKeyToken=null">
				<string name="styleID">ValueFunc</string>
				<Direction name="direction">In</Direction>
				<ConnectionCount name="maxConnectionCount">Single</ConnectionCount>
				<NodeSide name="side">Left</NodeSide>
				<float name="sidePosition">66</float>
				<float name="sideOffset">0</float>
			</Port>
			<Port ID="-956408832" name="Span px" dynamic="True" type="NodeEditorFramework.ValueConnectionKnob, 0_TerrainGraph, Version=1.0.0.0, Culture=neutral, PublicKeyToken=null">
				<string name="styleID">ValueFunc</string>
				<Direction name="direction">In</Direction>
				<ConnectionCount name="maxConnectionCount">Single</ConnectionCount>
				<NodeSide name="side">Left</NodeSide>
				<float name="sidePosition">94</float>
				<float name="sideOffset">0</float>
			</Port>
			<Port ID="1331907584" name="Span nx" dynamic="True" type="NodeEditorFramework.ValueConnectionKnob, 0_TerrainGraph, Version=1.0.0.0, Culture=neutral, PublicKeyToken=null">
				<string name="styleID">ValueFunc</string>
				<Direction name="direction">In</Direction>
				<ConnectionCount name="maxConnectionCount">Single</ConnectionCount>
				<NodeSide name="side">Left</NodeSide>
				<float name="sidePosition">122</float>
				<float name="sideOffset">0</float>
			</Port>
			<double name="Bias">-1</double>
			<double name="ClampMin">-1.7976931348623157E+308</double>
			<double name="ClampMax">1.7976931348623157E+308</double>
			<double name="OriginX">0</double>
			<double name="OriginZ">0</double>
			<double name="SpanPx">35.914439549669623</double>
			<double name="SpanNx">0</double>
			<double name="SpanPz">0</double>
			<double name="SpanNz">0</double>
			<boolean name="Circular">false</boolean>
			<int name="RandSeed">299276223</int>
		</Node>
		<Node name="Map Sides" ID="2001094656" type="gridRotateToMapSides" pos="154,47">
			<Port ID="309541888" name="Input 0" dynamic="True" type="NodeEditorFramework.ValueConnectionKnob, 0_TerrainGraph, Version=1.0.0.0, Culture=neutral, PublicKeyToken=null">
				<string name="styleID">GridFunc</string>
				<Direction name="direction">In</Direction>
				<ConnectionCount name="maxConnectionCount">Single</ConnectionCount>
				<NodeSide name="side">Left</NodeSide>
				<float name="sidePosition">38</float>
				<float name="sideOffset">0</float>
			</Port>
			<Port ID="-1697108992" name="Output 0" dynamic="True" type="NodeEditorFramework.ValueConnectionKnob, 0_TerrainGraph, Version=1.0.0.0, Culture=neutral, PublicKeyToken=null">
				<string name="styleID">GridFunc</string>
				<Direction name="direction">Out</Direction>
				<ConnectionCount name="maxConnectionCount">Multi</ConnectionCount>
				<NodeSide name="side">Right</NodeSide>
				<float name="sidePosition">38</float>
				<float name="sideOffset">0</float>
			</Port>
			<Variable name="MapSides" refID="811256832" />
			<int name="RandSeed">806524389</int>
		</Node>
		<Node name="Random Value" ID="1620112384" type="valueRandom" pos="-423,21">
			<Port ID="-378412032" name="AverageKnob" dynamic="False" />
			<Port ID="193667072" name="DeviationKnob" dynamic="False" />
			<Port ID="765746176" name="OutputKnob" dynamic="False" />
			<double name="Average">45</double>
			<double name="Deviation">15</double>
			<int name="RandSeed">145210619</int>
		</Node>
		<Node name="Rotate" ID="-134613632" type="gridRotate" pos="324,75">
			<Port ID="-1240904704" name="InputKnob" dynamic="False" />
			<Port ID="-668825600" name="AngleKnob" dynamic="False" />
			<Port ID="-96746496" name="OutputKnob" dynamic="False" />
			<double name="Angle">4.2983194254338741</double>
			<int name="RandSeed">16661831</int>
		</Node>
		<Node name="Random Value" ID="-1889339648" type="valueRandom" pos="57,162">
			<Port ID="218182656" name="AverageKnob" dynamic="False" />
			<Port ID="790261760" name="DeviationKnob" dynamic="False" />
			<Port ID="1362340864" name="OutputKnob" dynamic="False" />
			<double name="Average">0</double>
			<double name="Deviation">5</double>
			<int name="RandSeed">1740080181</int>
		</Node>
		<Node name="Preview" ID="650901632" type="gridPreview" pos="618,20">
			<Port ID="-644310016" name="InputKnob" dynamic="False" />
			<Port ID="-72230912" name="OutputKnob" dynamic="False" />
			<string name="PreviewModelId">Default</string>
			<int name="RandSeed">122585397</int>
		</Node>
		<Node name="Select" ID="-1103824384" type="gridSelectTerrain" pos="1260,88">
			<Port ID="1644006400" name="InputKnob" dynamic="False" />
			<Port ID="-2078881792" name="OutputKnob" dynamic="False" />
			<Port ID="591207424" name="Option 0" dynamic="True" type="NodeEditorFramework.ValueConnectionKnob, 0_TerrainGraph, Version=1.0.0.0, Culture=neutral, PublicKeyToken=null">
				<string name="styleID">TerrainFunc</string>
				<Direction name="direction">In</Direction>
				<ConnectionCount name="maxConnectionCount">Single</ConnectionCount>
				<NodeSide name="side">Left</NodeSide>
				<float name="sidePosition">66</float>
				<float name="sideOffset">0</float>
			</Port>
			<Port ID="-1415443456" name="Option 1" dynamic="True" type="NodeEditorFramework.ValueConnectionKnob, 0_TerrainGraph, Version=1.0.0.0, Culture=neutral, PublicKeyToken=null">
				<string name="styleID">TerrainFunc</string>
				<Direction name="direction">In</Direction>
				<ConnectionCount name="maxConnectionCount">Single</ConnectionCount>
				<NodeSide name="side">Left</NodeSide>
				<float name="sidePosition">94</float>
				<float name="sideOffset">0</float>
			</Port>
			<Port ID="872872960" name="Option 2" dynamic="True" type="NodeEditorFramework.ValueConnectionKnob, 0_TerrainGraph, Version=1.0.0.0, Culture=neutral, PublicKeyToken=null">
				<string name="styleID">TerrainFunc</string>
				<Direction name="direction">In</Direction>
				<ConnectionCount name="maxConnectionCount">Single</ConnectionCount>
				<NodeSide name="side">Left</NodeSide>
				<float name="sidePosition">122</float>
				<float name="sideOffset">0</float>
			</Port>
			<Port ID="-1133777920" name="Option 3" dynamic="True" type="NodeEditorFramework.ValueConnectionKnob, 0_TerrainGraph, Version=1.0.0.0, Culture=neutral, PublicKeyToken=null">
				<string name="styleID">TerrainFunc</string>
				<Direction name="direction">In</Direction>
				<ConnectionCount name="maxConnectionCount">Single</ConnectionCount>
				<NodeSide name="side">Left</NodeSide>
				<float name="sidePosition">150</float>
				<float name="sideOffset">0</float>
			</Port>
			<Variable name="Values" refID="1794467072" />
			<Variable name="Thresholds" refID="-357390592" />
			<int name="RandSeed">1555528661</int>
		</Node>
		<Node name="Natural Water" ID="711729664" type="terrainNaturalWater" pos="1045,167">
			<Port ID="-362644480" name="DeepOutputKnob" dynamic="False" />
			<Port ID="209434624" name="ShallowOutputKnob" dynamic="False" />
			<Port ID="781513728" name="BeachOutputKnob" dynamic="False" />
			<int name="RandSeed">1495595294</int>
		</Node>
		<Node name="Preview" ID="1436416896" type="terrainGridPreview" pos="1569,9">
			<Port ID="-1225137152" name="InputKnob" dynamic="False" />
			<Port ID="-653058048" name="OutputKnob" dynamic="False" />
			<int name="RandSeed">1223390690</int>
		</Node>
		<Node name="Preview" ID="-318309120" type="gridPreview" pos="1046,22">
			<Port ID="1063179264" name="InputKnob" dynamic="False" />
			<Port ID="1635258368" name="OutputKnob" dynamic="False" />
			<string name="PreviewModelId">Default</string>
			<int name="RandSeed">1718950703</int>
		</Node>
		<Node name="Add" ID="-569619328" type="gridOperator" pos="786,99">
			<Port ID="-943471616" name="OutputKnob" dynamic="False" />
			<Port ID="1154538496" name="Input 0" dynamic="True" type="NodeEditorFramework.ValueConnectionKnob, 0_TerrainGraph, Version=1.0.0.0, Culture=neutral, PublicKeyToken=null">
				<string name="styleID">GridFunc</string>
				<Direction name="direction">In</Direction>
				<ConnectionCount name="maxConnectionCount">Single</ConnectionCount>
				<NodeSide name="side">Left</NodeSide>
				<float name="sidePosition">38</float>
				<float name="sideOffset">0</float>
			</Port>
			<Port ID="-852112384" name="Input 1" dynamic="True" type="NodeEditorFramework.ValueConnectionKnob, 0_TerrainGraph, Version=1.0.0.0, Culture=neutral, PublicKeyToken=null">
				<string name="styleID">GridFunc</string>
				<Direction name="direction">In</Direction>
				<ConnectionCount name="maxConnectionCount">Single</ConnectionCount>
				<NodeSide name="side">Left</NodeSide>
				<float name="sidePosition">66</float>
				<float name="sideOffset">0</float>
			</Port>
			<Variable name="Values" refID="603072128" />
			<Operation name="OperationType">Add</Operation>
			<double name="ApplyChance">1</double>
			<double name="Smoothness">0</double>
			<int name="RandSeed">1042729726</int>
		</Node>
		<Node name="Perlin Noise" ID="64381568" type="gridPerlin" pos="323,203">
			<Port ID="-1758708736" name="FrequencyKnob" dynamic="False" />
			<Port ID="-1186629632" name="LacunarityKnob" dynamic="False" />
			<Port ID="-614550528" name="PersistenceKnob" dynamic="False" />
			<Port ID="-42471424" name="ScaleKnob" dynamic="False" />
			<Port ID="529607680" name="BiasKnob" dynamic="False" />
			<Port ID="1101686784" name="OutputKnob" dynamic="False" />
			<double name="Frequency">0.029999999329447746</double>
			<double name="Lacunarity">2</double>
			<double name="Persistence">0.5</double>
			<double name="Scale">0.5</double>
			<double name="Bias">0.5</double>
			<int name="Octaves">3</int>
			<int name="RandSeed">58629024</int>
		</Node>
		<Node name="Preview" ID="-2073035136" type="gridPreview" pos="619,173">
			<Port ID="811273216" name="InputKnob" dynamic="False" />
			<Port ID="1383352320" name="OutputKnob" dynamic="False" />
			<string name="PreviewModelId">Default</string>
			<int name="RandSeed">1681325360</int>
		</Node>
		<Node name="Terrain Output" ID="-577635328" type="outputTerrain" pos="1758,73">
			<Port ID="-1195377664" name="BaseKnob" dynamic="False" />
			<Port ID="-623298560" name="StoneKnob" dynamic="False" />
			<int name="RandSeed">1441011932</int>
		</Node>
		<Node name="Scatterers" ID="-1089873920" type="outputScatterers" pos="1658,247">
			<Port ID="-481789952" name="MineablesKnob" dynamic="False" />
			<int name="RandSeed">54184704</int>
		</Node>
		<Node name="Random Value" ID="-2087947264" type="valueRandom" pos="1365,321">
			<Port ID="-101079040" name="AverageKnob" dynamic="False" />
			<Port ID="471000064" name="DeviationKnob" dynamic="False" />
			<Port ID="1043079168" name="OutputKnob" dynamic="False" />
			<double name="Average">12</double>
			<double name="Deviation">4</double>
			<int name="RandSeed">118239631</int>
		</Node>
	</Nodes>
	<Connections>
		<Connection port1ID="-1193707520" port2ID="-2091819008" />
		<Connection port1ID="-1484121088" port2ID="-941743104" />
		<Connection port1ID="-912041984" port2ID="168150016" />
		<Connection port1ID="804195328" port2ID="-630376448" />
		<Connection port1ID="-1202455552" port2ID="-1492869120" />
		<Connection port1ID="1085860864" port2ID="-2064948224" />
		<Connection port1ID="972207104" port2ID="1939605504" />
		<Connection port1ID="-462364672" port2ID="223368192" />
		<Connection port1ID="1825951744" port2ID="1367526400" />
		<Connection port1ID="100966400" port2ID="1064907776" />
		<Connection port1ID="196497408" port2ID="1056159744" />
		<Connection port1ID="774494208" port2ID="484080640" />
		<Connection port1ID="-1522570240" port2ID="309541888" />
		<Connection port1ID="-956408832" port2ID="765746176" />
		<Connection port1ID="-1697108992" port2ID="-1240904704" />
		<Connection port1ID="-668825600" port2ID="1362340864" />
		<Connection port1ID="-96746496" port2ID="-644310016" />
		<Connection port1ID="-72230912" port2ID="1154538496" />
		<Connection port1ID="1644006400" port2ID="1635258368" />
		<Connection port1ID="-2078881792" port2ID="-1225137152" />
		<Connection port1ID="591207424" port2ID="-362644480" />
		<Connection port1ID="-1415443456" port2ID="209434624" />
		<Connection port1ID="872872960" port2ID="781513728" />
		<Connection port1ID="-653058048" port2ID="-1195377664" />
		<Connection port1ID="1063179264" port2ID="-943471616" />
		<Connection port1ID="-852112384" port2ID="1383352320" />
		<Connection port1ID="1101686784" port2ID="811273216" />
		<Connection port1ID="-481789952" port2ID="1043079168" />
	</Connections>
	<Objects>
		<Object refID="-2134864128" type="System.Collections.Generic.List`1[[System.Double, mscorlib, Version=4.0.0.0, Culture=neutral, PublicKeyToken=b77a5c561934e089]]">
			<ArrayOfDouble xmlns:xsd="http://www.w3.org/2001/XMLSchema" xmlns:xsi="http://www.w3.org/2001/XMLSchema-instance">
				<double>0</double>
				<double>0</double>
			</ArrayOfDouble>
		</Object>
		<Object refID="221681664" type="System.Collections.Generic.List`1[[TerrainGraph.NodeGridRotateToMapSides+MapSide, 1_GeologicalLandforms, Version=1.0.0.0, Culture=neutral, PublicKeyToken=null]]">
			<ArrayOfMapSide xmlns:xsd="http://www.w3.org/2001/XMLSchema" xmlns:xsi="http://www.w3.org/2001/XMLSchema-instance">
				<MapSide>Back</MapSide>
			</ArrayOfMapSide>
		</Object>
		<Object refID="1362343296" type="System.Collections.Generic.List`1[[System.Double, mscorlib, Version=4.0.0.0, Culture=neutral, PublicKeyToken=b77a5c561934e089]]">
			<ArrayOfDouble xmlns:xsd="http://www.w3.org/2001/XMLSchema" xmlns:xsi="http://www.w3.org/2001/XMLSchema-instance">
				<double>0</double>
				<double>0</double>
			</ArrayOfDouble>
		</Object>
		<Object refID="811256832" type="System.Collections.Generic.List`1[[TerrainGraph.NodeGridRotateToMapSides+MapSide, 1_GeologicalLandforms, Version=1.0.0.0, Culture=neutral, PublicKeyToken=null]]">
			<ArrayOfMapSide xmlns:xsd="http://www.w3.org/2001/XMLSchema" xmlns:xsi="http://www.w3.org/2001/XMLSchema-instance">
				<MapSide>Front</MapSide>
			</ArrayOfMapSide>
		</Object>
		<Object refID="1794467072" type="System.Collections.Generic.List`1[[System.String, mscorlib, Version=4.0.0.0, Culture=neutral, PublicKeyToken=b77a5c561934e089]]">
			<ArrayOfString xmlns:xsd="http://www.w3.org/2001/XMLSchema" xmlns:xsi="http://www.w3.org/2001/XMLSchema-instance">
				<string>WaterOceanDeep</string>
				<string>WaterOceanShallow</string>
				<string>Sand</string>
				<string />
			</ArrayOfString>
		</Object>
		<Object refID="-357390592" type="System.Collections.Generic.List`1[[System.Double, mscorlib, Version=4.0.0.0, Culture=neutral, PublicKeyToken=b77a5c561934e089]]">
			<ArrayOfDouble xmlns:xsd="http://www.w3.org/2001/XMLSchema" xmlns:xsi="http://www.w3.org/2001/XMLSchema-instance">
				<double>0.10000000149011612</double>
				<double>0.44999998807907104</double>
				<double>1</double>
			</ArrayOfDouble>
		</Object>
		<Object refID="603072128" type="System.Collections.Generic.List`1[[System.Double, mscorlib, Version=4.0.0.0, Culture=neutral, PublicKeyToken=b77a5c561934e089]]">
			<ArrayOfDouble xmlns:xsd="http://www.w3.org/2001/XMLSchema" xmlns:xsi="http://www.w3.org/2001/XMLSchema-instance">
				<double>0</double>
				<double>0</double>
			</ArrayOfDouble>
		</Object>
	</Objects>
</NodeCanvas>