﻿<Patch>
   <!-- Compatibility for RimCuisine2. Allows processed foods (eg: dried meat) to be stored in food baskets. Allows new foods and drinks to be stored on the meal rack.-->
   <!-- Credits to DrZhivago for this, the well-fed counterreveloutionary -->
   <!--=====Rim Cuisine 2=====-->
   <!--=====Core=====-->
   <Operation Class="PatchOperationFindMod">
      <mods>
         <li>[1.0] RimCuisine 2 Core</li>
         <li>[1.0, 1.1] RimCuisine 2 Core</li>
      </mods>
      <match Class="PatchOperationSequence">
         <operations>
            <li Class="PatchOperationAdd">
               <xpath>/Defs/ThingDef[defName="LWM_Food_Basket"]/building/fixedStorageSettings/filter/categories</xpath>
               <value>
                  <li>RC2_FoodProcessed</li>                  <!-- Let the user sort out exactly how they want to handle processed food-->
               </value>
            </li>
            <li Class="PatchOperationAdd">
               <xpath>/Defs/ThingDef[defName="LWM_Food_Basket"]/building/fixedStorageSettings/filter/thingDefs</xpath>
               <value>
                  <li>RC2_TrimmedMeat</li>
                  <li>RC2_PreparedFruit</li>
                  <li>RC2_PickleBrine</li>
               </value>
            </li>
            <li Class="PatchOperationAdd">
               <xpath>/Defs/ThingDef[defName="LWM_MealRack"]/building/fixedStorageSettings/filter/categories</xpath>
               <value>
                  <li>RC2_FoodMealsJoy</li>
                  <li>RC2_DrinkMealsJoy</li>
                  <li>RC2_FoodProcessed</li>
               </value>
            </li>
            <li Class="LWM.DeepStorage.PatchMessage">
               <message>LWM Deep Storage: activated compatibility patch for RimCuisine2</message>
            </li>
         </operations>
      </match>
   </Operation>

   <!--=====Bottling and Booze=====-->
   <Operation Class="PatchOperationFindMod">
      <mods>
         <li>[1.0] RimCuisine 2: Bottling and Booze Expansion</li>
      </mods>
      <match Class="PatchOperationSequence">
         <operations>
            <li Class="PatchOperationAdd">
               <xpath>/Defs/ThingDef[defName="LWM_Food_Basket"]/building/fixedStorageSettings/filter/categories</xpath>
               <value>
                  <li>RC2_AlcoholPrecursors</li>
               </value>
            </li>
            <li Class="LWM.DeepStorage.PatchMessage">
               <message>LWM Deep Storage: activated compatibility patch for RimCuisine2-Bottling and Booze</message>
            </li>
         </operations>
      </match>
   </Operation>

   <!--=====Meals and Munchies=====-->
   <Operation Class="PatchOperationFindMod">
      <mods>
         <li>[1.0] RimCuisine 2 Meals and Munchies Expansion</li>
      </mods>
      <match Class="PatchOperationSequence">
         <operations>
            <li Class="PatchOperationAdd">
               <xpath>/Defs/ThingDef[defName="LWM_Food_Basket"]/building/fixedStorageSettings/filter/thingDefs</xpath>
               <value>
                  <li>RC2_MilkCurd</li>
               </value>
            </li>
            <li Class="LWM.DeepStorage.PatchMessage">
               <message>LWM Deep Storage: activated compatibility patch for RimCuisine2-Meals and Munchies</message>
            </li>
         </operations>
      </match>
   </Operation>
</Patch>
