<Patch>
  <!-- Compatibility for 1.0 version of CrunchyDuck's Slightly More Realistic Wool Production -->
  <Operation Class="PatchOperationFindMod">
    <mods>
      <li>Slightly More Realistic Wool Production</li>
    </mods>
    <match Class="PatchOperationSequence">
      <operations>
        <li Class="PatchOperationAdd">
          <xpath>/Defs/ThingDef[defName="LWM_Pallet"]/building/fixedStorageSettings/filter/categories</xpath>
          <value>
            <li>fleeceCategory</li>
          </value>
        </li>
        <li Class="PatchOperationAdd">
          <xpath>/Defs/ThingDef[defName="LWM_Pallet_Covered"]/building/fixedStorageSettings/filter/categories</xpath>
          <value>
            <li>fleeceCategory</li>
          </value>
        </li>
        <li Class="PatchOperationAdd">
          <xpath>/Defs/ThingDef[defName="LWM_FabricHamper"]/building/fixedStorageSettings/filter/categories</xpath>
          <value>
            <li>fleeceCategory</li>
          </value>
        </li>
        <li Class="LWM.DeepStorage.PatchMessage">
          <message>LWM Deep Storage: activated compatibility patch for Slightly More Realistic Wool Production</message>
        </li>
      </operations>
    </match>
  </Operation>
</Patch>
