﻿<?xml version="1.0" encoding="utf-8"?>
<ModMetaData>
  <name>EdB Prepare Carefully</name>
  <author>EdB</author>
  <packageId>EdB.PrepareCarefully_copy</packageId>
  <url>
  </url>
  <supportedVersions>
    <li>1.1</li>
    <li>1.2</li>
    <li>1.3</li>
  </supportedVersions>
  <description>Customize your colonists, choose your gear and prepare carefully for your crash landing!

If you get a set of starting colonists that you like, save them as a preset so that you can start your game the same way next time.

[Version 1.3.12]
</description>
  <loadAfter>
    <li>net.pardeike.rimworld.mod.harmony</li>
    <li>UnlimitedHugs.HugsLib</li>
    <li>jecrell.jecstools</li>
  </loadAfter>
</ModMetaData>