﻿<?xml version="1.0" encoding="utf-8"?>
<ModMetaData>
  <name>[SYR] Set Up Camp</name>
  <author>Syrchalis</author>
  <supportedVersions>
    <li>1.1</li>
    <li>1.2</li>
    <li>1.3</li>
  </supportedVersions>
  <description>Set up camp, once again! For all your caravan managing needs, you can now set up camp anywhere. You can customize the possible size of the map, the duration you are allowed to stay, the time the tile is blocked after abandoning a camp and turn events on the camp map on/off.
	
It is recommended to use settings close to the default and not turn the map timer or the tile blocking off, as this makes the mod severely game-breaking in terms of balance. However, what you do is your choice - the option to turn these settings off is there for a reason.
	
	Originally by Nandonalt
	Re-coded and improved by Syrchalis
	Assistance provided by spd, potatoclip</description>
  <packageId>syrchalis.setupcamp_copy</packageId>
  <modDependencies>
    <li>
      <packageId>brrainz.harmony</packageId>
      <displayName>Harmony</displayName>
      <steamWorkshopUrl>steam://url/CommunityFilePage/2009463077</steamWorkshopUrl>
      <downloadUrl>https://github.com/pardeike/HarmonyRimWorld/releases/latest</downloadUrl>
    </li>
  </modDependencies>
</ModMetaData>