<Patch>

    <!--==========
    Expanded Materials - Metals
    ==========-->

    <!--Remove burning from select materials-->
    <Operation Class="PatchOperationFindMod">
        <mods>
            <li>Expanded Materials - Metals</li>
        </mods>
        <match Class="PatchOperationSequence">
            <success>Always</success>
            <operations>
                <!--Remove burning from select materials-->
                <li Class="PatchOperationReplace">
                    <xpath>/Defs/ThingDef[defName="VMEu_Fossil" or defName="VMEu_Iron" or defName="VMEu_Bronze" or defName="VMEu_Tungsten" or defName="VMEu_StainlessSteel" or defName="VMEu_Concrete"]/stuffProps/statFactors/Flammability</xpath>
                    <value>
                        <Flammability>0</Flammability>
                    </value>
                </li>
                <!--Remove more burning from select materials-->
                <li Class="PatchOperationReplace">
                    <xpath>/Defs/ThingDef[defName="VMEu_Lead" or defName="VMEu_Copper" or defName="VMEu_Chromium"]/stuffProps/statFactors/Flammability</xpath>
                    <value>
                        <Flammability>0</Flammability>
                    </value>
                </li>
            </operations>
        </match>
    </Operation>

</Patch>