<?xml version="1.0" encoding="utf-8" ?>

<!--=== Why are you using PatchOperationAdd and PatchOperationReplace?!?!?!? ===-->
<!--=================== Just incase of catastrophic failure. ===================-->

<Patch>
    <Operation Class="PatchOperationSequence">
        <success>Always</success>
        <operations>

        <!--=== Steel Patch Flammability ===-->
        <li Class="PatchOperationConditional">
            <xpath>Defs/ThingDef[defName="Steel"]/stuffProps/statFactors/Flammability</xpath>
            <match Class="PatchOperationReplace">
               <xpath>Defs/ThingDef[defName="Steel"]/stuffProps/statFactors/Flammability</xpath>
               <value>
                    <Flammability>0</Flammability>
               </value>
            </match>
            <nomatch Class="PatchOperationAdd">
               <xpath>Defs/ThingDef[defName="Steel"]/stuffProps/statFactors</xpath>
               <value>
                    <Flammability>0</Flammability>
               </value>
            </nomatch>
        </li>
        
        <!--===Plasteel Patch Flammability ===-->
        <li Class="PatchOperationConditional">
            <xpath>Defs/ThingDef[defName="Plasteel"]/stuffProps/statFactors/Flammability</xpath>
            <match Class="PatchOperationReplace">
               <xpath>Defs/ThingDef[defName="Plasteel"]/stuffProps/statFactors/Flammability</xpath>
               <value>
                    <Flammability>0</Flammability>
               </value>
            </match>
            <nomatch Class="PatchOperationAdd">
               <xpath>Defs/ThingDef[defName="Plasteel"]/stuffProps/statFactors</xpath>
               <value>
                    <Flammability>0</Flammability>
               </value>
            </nomatch>
        </li>

        <!--===Silver Patch Flammability ===-->
        <li Class="PatchOperationConditional">
            <xpath>Defs/ThingDef[defName="Silver"]/stuffProps/statFactors/Flammability</xpath>
            <match Class="PatchOperationReplace">
               <xpath>Defs/ThingDef[defName="Silver"]/stuffProps/statFactors/Flammability</xpath>
               <value>
                    <Flammability>0</Flammability>
               </value>
            </match>
            <nomatch Class="PatchOperationAdd">
               <xpath>Defs/ThingDef[defName="Silver"]/stuffProps/statFactors</xpath>
               <value>
                    <Flammability>0</Flammability>
               </value>
            </nomatch>
        </li>

        <!--===Gold Patch Flammability ===-->
        <li Class="PatchOperationConditional">
            <xpath>Defs/ThingDef[defName="Gold"]/stuffProps/statFactors/Flammability</xpath>
            <match Class="PatchOperationReplace">
               <xpath>Defs/ThingDef[defName="Gold"]/stuffProps/statFactors/Flammability</xpath>
               <value>
                    <Flammability>0</Flammability>
               </value>
            </match>
            <nomatch Class="PatchOperationAdd">
               <xpath>Defs/ThingDef[defName="Gold"]/stuffProps/statFactors</xpath>
               <value>
                    <Flammability>0</Flammability>
               </value>
            </nomatch>
        </li>
         
        <!--===Jade Patch Flammability ===-->
        <li Class="PatchOperationConditional">
            <xpath>Defs/ThingDef[defName="Jade"]/stuffProps/statFactors/Flammability</xpath>
            <match Class="PatchOperationReplace">
               <xpath>Defs/ThingDef[defName="Jade"]/stuffProps/statFactors/Flammability</xpath>
               <value>
                    <Flammability>0</Flammability>
               </value>
            </match>
            <nomatch Class="PatchOperationAdd">
               <xpath>Defs/ThingDef[defName="Jade"]/stuffProps/statFactors</xpath>
               <value>
                    <Flammability>0</Flammability>
               </value>
            </nomatch>
        </li>

        <!--===Uranium Patch Flammability ===-->
        <li Class="PatchOperationConditional">
            <xpath>Defs/ThingDef[defName="Uranium"]/stuffProps/statFactors/Flammability</xpath>
            <match Class="PatchOperationReplace">
               <xpath>Defs/ThingDef[defName="Uranium"]/stuffProps/statFactors/Flammability</xpath>
               <value>
                    <Flammability>0</Flammability>
               </value>
            </match>
            <nomatch Class="PatchOperationAdd">
               <xpath>Defs/ThingDef[defName="Uranium"]/stuffProps/statFactors</xpath>
               <value>
                    <Flammability>0</Flammability>
               </value>
            </nomatch>
        </li>
        
         </operations>
    </Operation>
</Patch>
