﻿<?xml version="1.0" encoding="utf-8"?>
<ModMetaData>
  <name>More Vanilla Textures</name>
  <author>Tidal</author>
  <supportedVersions>
    <li>1.3</li>
  </supportedVersions>
  <packageId>tidal.morevanilla.textures_copy</packageId>
  <description>Updates vanilla textures to be higher resolution and have more variety.</description>
  <loadBefore>
    <li>VFME.CaravanPacks</li>
  </loadBefore>
  <loadAfter>
    <li>Ludeon.RimWorld</li>
    <li>Ludeon.RimWorld.Royalty</li>
    <li>Ludeon.RimWorld.Ideology</li>
  </loadAfter>
</ModMetaData>