﻿<?xml version="1.0" encoding="utf-8" ?>
<Defs>
<FactionDef ParentName="FactionBase" Name="OnlineFaction">
    <defName>Online</defName>
	<description>A communal faction created by the leaders of all of the Open World settlements</description>
	<basicMemberKind>Colonist</basicMemberKind>
	<pawnSingular>colonist</pawnSingular>
	<pawnsPlural>colonists</pawnsPlural>
    <requiredCountAtGameStart>0</requiredCountAtGameStart>
    <fixedName>Open World Settlements</fixedName>
    <factionIconPath>World/WorldObjects/Expanding/Town</factionIconPath>
	<settlementTexturePath>World/WorldObjects/DefaultSettlement</settlementTexturePath>
    <techLevel>Medieval</techLevel>
	<canSiege>false</canSiege>
	<canStageAttacks>false</canStageAttacks>
	<permanentEnemy>false</permanentEnemy>
	<naturalEnemy>false</naturalEnemy>
	<colorSpectrum>
		<li>(0.6, 0.3, 0)</li>
	</colorSpectrum>
    <baseTraderKinds>
        <li>Base_Online</li>
    </baseTraderKinds>
	<allowedArrivalTemperatureRange>0~45</allowedArrivalTemperatureRange>
	<humanlikeFaction>false</humanlikeFaction>
    <hidden>true</hidden>
    <rescueesCanJoin>false</rescueesCanJoin>
    <autoFlee>false</autoFlee>
  </FactionDef>
</Defs>