﻿<?xml version="1.0" encoding="UTF-8" standalone="yes"?>
<Manifest>
  <identifier>net.pardeike.rimworld.mod.harmony</identifier>
  <version>1.2.0.0</version>
  <targetVersions>
    <li>1.2.0</li>
    <li>1.3.0</li>
  </targetVersions>
  <dependencies>
  </dependencies>
  <incompatibleWith>
  </incompatibleWith>
  <loadBefore>
    <li>Core</li>
  </loadBefore>
  <loadAfter>
  </loadAfter>
  <manifestUri>https://raw.githubusercontent.com/pardeike/HarmonyRimWorld/latest/About/Manifest.xml</manifestUri>
  <downloadUri>https://github.com/pardeike/HarmonyRimWorld/releases/latest</downloadUri>
</Manifest>