﻿<?xml version="1.0" encoding="utf-8"?>
<ModMetaData>
  <name>Open World</name>
  <author>Tasty Lollipop</author>
  <packageId>Lollipop.OpenWorld_copy</packageId>
  <supportedVersions>
    <li>1.3</li>
  </supportedVersions>
  <modDependencies>
    <li>
      <packageId>brrainz.harmony</packageId>
      <displayName>Harmony</displayName>
      <downloadUrl>https://steamcommunity.com/workshop/filedetails/?id=2009463077</downloadUrl>
    </li>
    <li>
      <packageId>UnlimitedHugs.HugsLib</packageId>
      <displayName>HugsLib</displayName>
      <downloadUrl>https://steamcommunity.com/workshop/filedetails/?id=818773962</downloadUrl>
    </li>
  </modDependencies>
  <loadAfter>
    <li>brrainz.harmony</li>
    <li>Ludeon.RimWorld</li>
    <li>Ludeon.RimWorld.Royalty</li>
    <li>Ludeon.Rimworld.Ideology</li>
    <li>UnlimitedHugs.HugsLib</li>
  </loadAfter>
  <description>Open World is a work in progress mod that aims to achieve a fun and natural multiplayer experience in Rimworld. With it, you can experience all your normal and casual adventures that you would in a singleplayer, but now connected with a bunch of other players living the same as you do.

You can choose to help each other by providing support, or to transform into a world wide known enemy for all the players of the planet. There are no rules but the ones you dictate yourself.

To connect to a server, use the multiplayer buttons when creating or loading a world. All data sent between clients of this mod and server is encrypted using simple but working encryption.

Attention! This is a work in progress mod! Things are prone to breaking!

Found anything suspicious or broken? Want something added to the mod? Let me know!</description>
</ModMetaData>