﻿<?xml version="1.0" encoding="utf-8"?>
<ModMetaData>
  <packageId>m00nl1ght.GeologicalLandforms_copy</packageId>
  <!-- <version>1.0</version> -->
  <url>https://github.com/m00nl1ght-dev/GeologicalLandforms</url>
  <name>Geological Landforms</name>
  <author>m00nl1ght-dev</author>
  <description>Adds 27 landforms to the game, which generate biome-independently and appear as "special features" in the info tab of the world map. The goal of this mod is to make map generation more interesting and varied, compared to the vanilla experience of simply having either a cliff or a coast on one edge of your map.</description>
  <supportedVersions>
    <li>1.3</li>
  </supportedVersions>
  <modDependencies>
    <li>
      <packageId>brrainz.harmony</packageId>
      <displayName>Harmony</displayName>
      <steamWorkshopUrl>steam://url/CommunityFilePage/2009463077</steamWorkshopUrl>
      <downloadUrl>https://github.com/pardeike/HarmonyRimWorld/releases/latest</downloadUrl>
    </li>
  </modDependencies>
  <loadAfter>
    <li>brrainz.harmony</li>
  </loadAfter>
  <incompatibleWith>
  </incompatibleWith>
</ModMetaData>