﻿<?xml version="1.0" encoding="utf-8" ?>
<Defs>

  <EdB.PrepareCarefully.CarefullyPawnRelationDef>
    <defName>Parent</defName>
    <inverse>Child</inverse>
  </EdB.PrepareCarefully.CarefullyPawnRelationDef>

  <EdB.PrepareCarefully.CarefullyPawnRelationDef>
    <defName>Child</defName>
    <inverse>Parent</inverse>
  </EdB.PrepareCarefully.CarefullyPawnRelationDef>

  <EdB.PrepareCarefully.CarefullyPawnRelationDef>
    <defName>Sibling</defName>
    <inverse>Sibling</inverse>
  </EdB.PrepareCarefully.CarefullyPawnRelationDef>

  <EdB.PrepareCarefully.CarefullyPawnRelationDef>
    <defName>HalfSibling</defName>
    <inverse>HalfSibling</inverse>
  </EdB.PrepareCarefully.CarefullyPawnRelationDef>

  <EdB.PrepareCarefully.CarefullyPawnRelationDef>
    <defName>Grandparent</defName>
    <inverse>Grandchild</inverse>
  </EdB.PrepareCarefully.CarefullyPawnRelationDef>

  <EdB.PrepareCarefully.CarefullyPawnRelationDef>
    <defName>Grandchild</defName>
    <inverse>Grandparent</inverse>
  </EdB.PrepareCarefully.CarefullyPawnRelationDef>

  <EdB.PrepareCarefully.CarefullyPawnRelationDef>
    <defName>NephewOrNiece</defName>
    <inverse>UncleOrAunt</inverse>
  </EdB.PrepareCarefully.CarefullyPawnRelationDef>

  <EdB.PrepareCarefully.CarefullyPawnRelationDef>
    <defName>UncleOrAunt</defName>
    <inverse>NephewOrNiece</inverse>
  </EdB.PrepareCarefully.CarefullyPawnRelationDef>

  <EdB.PrepareCarefully.CarefullyPawnRelationDef>
    <defName>Cousin</defName>
    <inverse>Cousin</inverse>
  </EdB.PrepareCarefully.CarefullyPawnRelationDef>

  <EdB.PrepareCarefully.CarefullyPawnRelationDef>
    <defName>GreatGrandparent</defName>
    <inverse>GreatGrandchild</inverse>
  </EdB.PrepareCarefully.CarefullyPawnRelationDef>

  <EdB.PrepareCarefully.CarefullyPawnRelationDef>
    <defName>GreatGrandchild</defName>
    <inverse>GreatGrandparent</inverse>
  </EdB.PrepareCarefully.CarefullyPawnRelationDef>

  <EdB.PrepareCarefully.CarefullyPawnRelationDef>
    <defName>GranduncleOrGrandaunt</defName>
    <inverse>GrandnephewOrGrandniece</inverse>
  </EdB.PrepareCarefully.CarefullyPawnRelationDef>

  <EdB.PrepareCarefully.CarefullyPawnRelationDef>
    <defName>GrandnephewOrGrandniece</defName>
    <inverse>GranduncleOrGrandaunt</inverse>
  </EdB.PrepareCarefully.CarefullyPawnRelationDef>

  <EdB.PrepareCarefully.CarefullyPawnRelationDef>
    <defName>CousinOnceRemoved</defName>
    <inverse>CousinOnceRemoved</inverse>
  </EdB.PrepareCarefully.CarefullyPawnRelationDef>

  <EdB.PrepareCarefully.CarefullyPawnRelationDef>
    <defName>SecondCousin</defName>
    <inverse>SecondCousin</inverse>
  </EdB.PrepareCarefully.CarefullyPawnRelationDef>

  <EdB.PrepareCarefully.CarefullyPawnRelationDef>
    <defName>Kin</defName>
    <inverse>Kin</inverse>
  </EdB.PrepareCarefully.CarefullyPawnRelationDef>

</Defs>