﻿<?xml version="1.0" encoding="utf-8" ?>
<Defs>
  
  <EdB.PrepareCarefully.CarefullyPawnRelationDef>
    <defName>Spouse</defName>
    <inverse>Spouse</inverse>
    <needsCompatibility>true</needsCompatibility>
	<conflicts>
		<li>Lover</li>
		<li>ExSpouse</li>
		<li>ExLover</li>
	</conflicts>
  </EdB.PrepareCarefully.CarefullyPawnRelationDef>
  
  <EdB.PrepareCarefully.CarefullyPawnRelationDef>
    <defName>Fiance</defName>
    <inverse>Fiance</inverse>
    <needsCompatibility>true</needsCompatibility>
</EdB.PrepareCarefully.CarefullyPawnRelationDef>
  
  <EdB.PrepareCarefully.CarefullyPawnRelationDef>
    <defName>Lover</defName>
    <inverse>Lover</inverse>
    <needsCompatibility>true</needsCompatibility>
	<conflicts>
		<li>Spouse</li>
		<li>ExSpouse</li>
		<li>ExLover</li>
	</conflicts>
  </EdB.PrepareCarefully.CarefullyPawnRelationDef>
  
  <EdB.PrepareCarefully.CarefullyPawnRelationDef>
    <defName>Stepparent</defName>
    <inverse>Stepchild</inverse>
  </EdB.PrepareCarefully.CarefullyPawnRelationDef>
  
  <EdB.PrepareCarefully.CarefullyPawnRelationDef>
    <defName>Stepchild</defName>
    <inverse>Stepparent</inverse>
  </EdB.PrepareCarefully.CarefullyPawnRelationDef>
  
  <!-- in-law -->
  
  <EdB.PrepareCarefully.CarefullyPawnRelationDef>
    <defName>ParentInLaw</defName>
    <inverse>ChildInLaw</inverse>
  </EdB.PrepareCarefully.CarefullyPawnRelationDef>
  
  <EdB.PrepareCarefully.CarefullyPawnRelationDef>
    <defName>ChildInLaw</defName>
    <inverse>ParentInLaw</inverse>
  </EdB.PrepareCarefully.CarefullyPawnRelationDef>
  
  <!-- ex-lover / ex-spouse -->
  
  <EdB.PrepareCarefully.CarefullyPawnRelationDef>
    <defName>ExSpouse</defName>
    <inverse>ExSpouse</inverse>
	<conflicts>
		<li>ExLover</li>
	</conflicts>
  </EdB.PrepareCarefully.CarefullyPawnRelationDef>
  
  <EdB.PrepareCarefully.CarefullyPawnRelationDef>
    <defName>ExLover</defName>
    <inverse>ExLover</inverse>
	<conflicts>
		<li>ExSpouse</li>
	</conflicts>
  </EdB.PrepareCarefully.CarefullyPawnRelationDef>

</Defs>