<?xml version="1.0" encoding="utf-8" ?>
<Defs>
  <!-- Architect menu designation for Deep Storage -->
  <!-- Note: I couldn't come up with a way to seamlessly just use "Storage" without
       danger of throwing errors if someone else defined the same thing :/ -->
  <DesignationCategoryDef>
    <defName>LWM_DS_Storage</defName>
    <label>Storage</label>
    <order>503</order>
    <specialDesignatorClasses>
      <li>Designator_Cancel</li>
      <li>Designator_Deconstruct</li>
    </specialDesignatorClasses>
  </DesignationCategoryDef>
</Defs>
