<?xml version="1.0" encoding="utf-8" ?>
<Defs>
  <StatCategoryDef>
    <defName>LWM_DS_Stats</defName>
    <label>Deep Storage Capacity</label>
    <displayOrder>51</displayOrder>
    <!--     <displayAllByDefault>true</displayAllByDefault>-->
  </StatCategoryDef>
  <!-- Turns out this is (currently) easier to do via "StatDrawEntry"s -
       This is subject to change if Quality affects storage capacity. -->
  <!--
  <StatDef>
    <defName>LWM_DS_maxNumberStacks</defName>
    <label>maximum number stacks</label>
    <description>The maximum number of stacks that can go in a single space.  Buildings two-cells large will have twice as much storage capacity.  Note that other factors may reduce storage capacity.</description>
    <category>LWM_DS_Stats</category>
    <defaultBaseValue>2</defaultBaseValue>
    <minValue>1</minValue>
    <roundValue>true</roundValue>
    <toStringType>Integer</toStringType>
    <showNonAbstract>false</showNonAbstract>
    <minifiedThingInherits>true</minifiedThingInherits>
    <scenarioRandomizable>true</scenarioRandomizable>
  </StatDef>

  <StatDef>
    <defName>LWM_DS_maxTotalMass</defName>
    <label>maximum total mass</label>
    <description>The maximum mass that the storage unit can hold.  Once the unit is full, no more items can be added (altho most units can always store at least two items.)  Note that if the building is more than one cell large, this total is divided evenly among all the cells.</description>
    <category>LWM_DS_Stats</category>
    <defaultBaseValue>10</defaultBaseValue>
    <minValue>0</minValue>
    <toStringStyle>FloatTwoOrThree</toStringStyle>
    <formatString>{0} kg</formatString>
    <minifiedThingInherits>true</minifiedThingInherits>
    <scenarioRandomizable>true</scenarioRandomizable>
  </StatDef>
  -->

  <!-- maxMassOfStoredItem, minNumberStacks? -->

</Defs>
